Order ID,Order Date,Ship Date,Ship Mode,Customer ID,Customer Name,Segment,Country,City,State,Postal Code,Region,Product ID,Category,Sub-Category,Product Name,Sales,Quantity,Discount,Profit
CA-2011-103800,1/3/2013,1/7/2013,Standard Class,DP-13000,Darren Powers,Consumer,United States,Houston,Texas,77095,Central,OFF-PA-10000174,Office Supplies,Paper,"Message Book, Wirebound, Four 5 1/2"" X 4"" Forms/Pg., 200 Dupl. Sets/Book",16.448,2,0.2,5.5512
CA-2011-112326,1/4/2013,1/8/2013,Standard Class,PO-19195,Phillina Ober,Home Office,United States,Naperville,Illinois,60540,Central,OFF-LA-10003223,Office Supplies,Labels,Avery 508,11.784,3,0.2,4.2717
CA-2011-112326,1/4/2013,1/8/2013,Standard Class,PO-19195,Phillina Ober,Home Office,United States,Naperville,Illinois,60540,Central,OFF-ST-10002743,Office Supplies,Storage,SAFCO Boltless Steel Shelving,272.736,3,0.2,-64.7748
CA-2011-112326,1/4/2013,1/8/2013,Standard Class,PO-19195,Phillina Ober,Home Office,United States,Naperville,Illinois,60540,Central,OFF-BI-10004094,Office Supplies,Binders,GBC Standard Plastic Binding Systems Combs,3.54,2,0.8,-5.487
CA-2011-105417,1/7/2013,1/12/2013,Standard Class,VS-21820,Vivek Sundaresam,Consumer,United States,Huntsville,Texas,77340,Central,FUR-FU-10004864,Furniture,Furnishings,"Howard Miller 14-1/2"" Diameter Chrome Round Wall Clock",76.728,3,0.6,-53.7096
CA-2011-105417,1/7/2013,1/12/2013,Standard Class,VS-21820,Vivek Sundaresam,Consumer,United States,Huntsville,Texas,77340,Central,OFF-BI-10003708,Office Supplies,Binders,"Acco Four Pocket Poly Ring Binder with Label Holder, Smoke, 1""",10.43,7,0.8,-18.2525
CA-2011-135405,1/9/2013,1/13/2013,Standard Class,MS-17830,Melanie Seite,Consumer,United States,Laredo,Texas,78041,Central,OFF-AR-10004078,Office Supplies,Art,Newell 312,9.344,2,0.2,1.168
CA-2011-135405,1/9/2013,1/13/2013,Standard Class,MS-17830,Melanie Seite,Consumer,United States,Laredo,Texas,78041,Central,TEC-AC-10001266,Technology,Accessories,Memorex Micro Travel Drive 8 GB,31.2,3,0.2,9.75
CA-2011-167927,1/20/2013,1/26/2013,Standard Class,XP-21865,Xylona Preis,Consumer,United States,Westland,Michigan,48185,Central,OFF-ST-10000760,Office Supplies,Storage,Eldon Fold 'N Roll Cart System,13.98,1,0,4.0542
CA-2011-167927,1/20/2013,1/26/2013,Standard Class,XP-21865,Xylona Preis,Consumer,United States,Westland,Michigan,48185,Central,FUR-FU-10002918,Furniture,Furnishings,Eldon ClusterMat Chair Mat with Cordless Antistatic Protection,272.94,3,0,30.0234
CA-2011-167927,1/20/2013,1/26/2013,Standard Class,XP-21865,Xylona Preis,Consumer,United States,Westland,Michigan,48185,Central,OFF-BI-10000605,Office Supplies,Binders,"Acco Pressboard Covers with Storage Hooks, 9 1/2"" x 11"", Executive Red",19.05,5,0,8.9535
CA-2011-167927,1/20/2013,1/26/2013,Standard Class,XP-21865,Xylona Preis,Consumer,United States,Westland,Michigan,48185,Central,OFF-AP-10002311,Office Supplies,Appliances,"Holmes Replacement Filter for HEPA Air Cleaner, Very Large Room, HEPA Filter",247.716,4,0.1,93.5816
CA-2011-167927,1/20/2013,1/26/2013,Standard Class,XP-21865,Xylona Preis,Consumer,United States,Westland,Michigan,48185,Central,OFF-ST-10003123,Office Supplies,Storage,Fellowes Bases and Tops For Staxonsteel/High-Stak Systems,66.58,2,0,15.9792
CA-2011-167927,1/20/2013,1/26/2013,Standard Class,XP-21865,Xylona Preis,Consumer,United States,Westland,Michigan,48185,Central,OFF-AR-10004456,Office Supplies,Art,Panasonic KP-4ABK Battery-Operated Pencil Sharpener,43.92,3,0,12.7368
CA-2011-167927,1/20/2013,1/26/2013,Standard Class,XP-21865,Xylona Preis,Consumer,United States,Westland,Michigan,48185,Central,FUR-FU-10002268,Furniture,Furnishings,Ultra Door Push Plate,14.73,3,0,4.8609
CA-2011-167927,1/20/2013,1/26/2013,Standard Class,XP-21865,Xylona Preis,Consumer,United States,Westland,Michigan,48185,Central,OFF-BI-10004364,Office Supplies,Binders,Storex Dura Pro Binders,29.7,5,0,13.365
CA-2011-146997,1/23/2013,1/27/2013,Standard Class,SG-20605,Speros Goranitis,Consumer,United States,Lafayette,Indiana,47905,Central,OFF-FA-10003467,Office Supplies,Fasteners,"Alliance Big Bands Rubber Bands, 12/Pack",5.94,3,0,0
CA-2011-167997,1/26/2013,1/29/2013,First Class,CA-11965,Carol Adams,Corporate,United States,Rapid City,South Dakota,57701,Central,OFF-BI-10001758,Office Supplies,Binders,Wilson Jones 14 Line Acrylic Coated Pressboard Data Binders,10.68,2,0,5.0196
CA-2011-167997,1/26/2013,1/29/2013,First Class,CA-11965,Carol Adams,Corporate,United States,Rapid City,South Dakota,57701,Central,FUR-BO-10004409,Furniture,Bookcases,"Safco Value Mate Series Steel Bookcases, Baked Enamel Finish on Steel, Gray",141.96,2,0,39.7488
CA-2011-134103,1/30/2013,2/4/2013,Standard Class,MV-18190,Mike Vittorini,Consumer,United States,Detroit,Michigan,48234,Central,OFF-PA-10001204,Office Supplies,Paper,Xerox 1972,10.56,2,0,4.752
CA-2011-134103,1/30/2013,2/4/2013,Standard Class,MV-18190,Mike Vittorini,Consumer,United States,Detroit,Michigan,48234,Central,OFF-ST-10000991,Office Supplies,Storage,Space Solutions HD Industrial Steel Shelving.,229.94,2,0,6.8982
CA-2011-140795,2/1/2013,2/3/2013,First Class,BD-11500,Bradley Drucker,Consumer,United States,Green Bay,Wisconsin,54302,Central,TEC-AC-10001432,Technology,Accessories,Enermax Aurora Lite Keyboard,468.9,6,0,206.316
CA-2011-108182,2/6/2013,2/10/2013,Second Class,DL-13315,Delfina Latchford,Consumer,United States,Romeoville,Illinois,60441,Central,OFF-BI-10001196,Office Supplies,Binders,"Avery Flip-Chart Easel Binder, Black",8.952,2,0.8,-14.7708
CA-2011-168368,2/11/2013,2/15/2013,Second Class,GA-14725,Guy Armstrong,Consumer,United States,Columbia,Missouri,65203,Central,FUR-CH-10001146,Furniture,Chairs,"Global Value Mid-Back Manager's Chair, Gray",60.89,1,0,15.2225
CA-2011-168368,2/11/2013,2/15/2013,Second Class,GA-14725,Guy Armstrong,Consumer,United States,Columbia,Missouri,65203,Central,OFF-LA-10004853,Office Supplies,Labels,Avery 483,14.94,3,0,6.8724
CA-2011-168368,2/11/2013,2/15/2013,Second Class,GA-14725,Guy Armstrong,Consumer,United States,Columbia,Missouri,65203,Central,OFF-BI-10004728,Office Supplies,Binders,Wilson Jones Turn Tabs Binder Tool for Ring Binders,9.64,2,0,4.4344
CA-2011-168368,2/11/2013,2/15/2013,Second Class,GA-14725,Guy Armstrong,Consumer,United States,Columbia,Missouri,65203,Central,FUR-FU-10002298,Furniture,Furnishings,"Rubbermaid ClusterMat Chairmats, Mat Size- 66"" x 60"", Lip 20"" x 11"" -90 Degree Angle",332.94,3,0,53.2704
CA-2011-168368,2/11/2013,2/15/2013,Second Class,GA-14725,Guy Armstrong,Consumer,United States,Columbia,Missouri,65203,Central,OFF-BI-10004654,Office Supplies,Binders,VariCap6 Expandable Binder,51.9,3,0,24.393
CA-2011-168368,2/11/2013,2/15/2013,Second Class,GA-14725,Guy Armstrong,Consumer,United States,Columbia,Missouri,65203,Central,OFF-ST-10002583,Office Supplies,Storage,Fellowes Neat Ideas Storage Cubes,64.96,2,0,2.5984
CA-2011-107706,2/14/2013,2/19/2013,Second Class,ST-20530,Shui Tom,Consumer,United States,Houston,Texas,77095,Central,OFF-PA-10000466,Office Supplies,Paper,"Memo Book, 100 Message Capacity, 5 3/8” x 11”",16.176,3,0.2,6.066
CA-2011-122567,2/16/2013,2/21/2013,Standard Class,MN-17935,Michael Nguyen,Consumer,United States,Dallas,Texas,75220,Central,OFF-BI-10002012,Office Supplies,Binders,Wilson Jones Easy Flow II Sheet Lifters,1.08,3,0.8,-1.728
CA-2011-122567,2/16/2013,2/21/2013,Standard Class,MN-17935,Michael Nguyen,Consumer,United States,Dallas,Texas,75220,Central,OFF-AP-10001303,Office Supplies,Appliances,"Holmes Cool Mist Humidifier for the Whole House with 8-Gallon Output per Day, Extended Life Filter",7.96,2,0.8,-13.93
CA-2011-154165,2/17/2013,2/24/2013,Standard Class,DL-13315,Delfina Latchford,Consumer,United States,Chicago,Illinois,60653,Central,OFF-AR-10003631,Office Supplies,Art,Staples in misc. colors,54.208,14,0.2,8.8088
US-2011-165589,2/18/2013,2/18/2013,Same Day,TB-21595,Troy Blackwell,Consumer,United States,Lubbock,Texas,79424,Central,FUR-FU-10002396,Furniture,Furnishings,"DAX Copper Panel Document Frame, 5 x 7 Size",25.16,5,0.6,-11.322
CA-2011-152905,2/18/2013,2/24/2013,Standard Class,AB-10015,Aaron Bergman,Consumer,United States,Arlington,Texas,76017,Central,OFF-ST-10000321,Office Supplies,Storage,Akro Stacking Bins,12.624,2,0.2,-2.5248
CA-2011-109491,2/20/2013,2/26/2013,Standard Class,LC-16930,Linda Cazamias,Corporate,United States,Richmond,Indiana,47374,Central,TEC-AC-10001284,Technology,Accessories,Enermax Briskie RF Wireless Keyboard and Mouse Combo,62.31,3,0,22.4316
CA-2011-109491,2/20/2013,2/26/2013,Standard Class,LC-16930,Linda Cazamias,Corporate,United States,Richmond,Indiana,47374,Central,FUR-FU-10000221,Furniture,Furnishings,"Master Caster Door Stop, Brown",20.32,4,0,6.9088
CA-2011-165540,2/21/2013,2/25/2013,Standard Class,TM-21010,Tamara Manning,Consumer,United States,Woodstock,Illinois,60098,Central,OFF-BI-10004094,Office Supplies,Binders,GBC Standard Plastic Binding Systems Combs,8.85,5,0.8,-13.7175
CA-2011-103744,2/23/2013,2/27/2013,Standard Class,MG-17875,Michael Grace,Home Office,United States,El Paso,Texas,79907,Central,OFF-LA-10004425,Office Supplies,Labels,Staple-on labels,6.936,3,0.2,2.3409
CA-2011-103744,2/23/2013,2/27/2013,Standard Class,MG-17875,Michael Grace,Home Office,United States,El Paso,Texas,79907,Central,OFF-BI-10000320,Office Supplies,Binders,GBC Plastic Binding Combs,4.428,3,0.8,-6.8634
CA-2011-113880,3/1/2013,3/5/2013,Standard Class,VF-21715,Vicky Freymann,Home Office,United States,Elmhurst,Illinois,60126,Central,FUR-CH-10000863,Furniture,Chairs,Novimex Swivel Fabric Task Chair,634.116,6,0.3,-172.1172
CA-2011-113880,3/1/2013,3/5/2013,Standard Class,VF-21715,Vicky Freymann,Home Office,United States,Elmhurst,Illinois,60126,Central,OFF-PA-10003036,Office Supplies,Paper,"Black Print Carbonless 8 1/2"" x 8 1/4"" Rapid Memo Book",17.472,3,0.2,5.6784
CA-2011-131009,3/1/2013,3/5/2013,Standard Class,SC-20380,Shahid Collister,Consumer,United States,El Paso,Texas,79907,Central,OFF-FA-10004395,Office Supplies,Fasteners,Plymouth Boxed Rubber Bands by Plymouth,18.84,5,0.2,-3.5325
CA-2011-131009,3/1/2013,3/5/2013,Standard Class,SC-20380,Shahid Collister,Consumer,United States,El Paso,Texas,79907,Central,FUR-CH-10001270,Furniture,Chairs,Harbour Creations Steel Folding Chair,362.25,6,0.3,0
CA-2011-131009,3/1/2013,3/5/2013,Standard Class,SC-20380,Shahid Collister,Consumer,United States,El Paso,Texas,79907,Central,FUR-FU-10001095,Furniture,Furnishings,DAX Black Cherry Wood-Tone Poster Frame,63.552,6,0.6,-34.9536
CA-2011-131009,3/1/2013,3/5/2013,Standard Class,SC-20380,Shahid Collister,Consumer,United States,El Paso,Texas,79907,Central,OFF-ST-10001469,Office Supplies,Storage,Fellowes Bankers Box Recycled Super Stor/Drawer,129.552,3,0.2,-22.6716
CA-2011-168312,3/1/2013,3/7/2013,Standard Class,GW-14605,Giulietta Weimer,Consumer,United States,Houston,Texas,77036,Central,OFF-ST-10003692,Office Supplies,Storage,Recycled Steel Personal File for Hanging File Folders,137.352,3,0.2,8.5845
CA-2011-168312,3/1/2013,3/7/2013,Standard Class,GW-14605,Giulietta Weimer,Consumer,United States,Houston,Texas,77036,Central,FUR-TA-10001866,Furniture,Tables,Bevis Round Conference Room Tables and Bases,376.509,3,0.3,-43.0296
CA-2011-130421,3/3/2013,3/7/2013,Standard Class,SC-20020,Sam Craven,Consumer,United States,Houston,Texas,77095,Central,OFF-AP-10002534,Office Supplies,Appliances,3.6 Cubic Foot Counter Height Office Refrigerator,176.772,3,0.8,-459.6072
US-2011-100279,3/10/2013,3/14/2013,Standard Class,SW-20275,Scott Williamson,Consumer,United States,Royal Oak,Michigan,48073,Central,OFF-PA-10002259,Office Supplies,Paper,"Geographics Note Cards, Blank, White, 8 1/2"" x 11""",22.38,2,0,10.7424
CA-2011-152618,3/14/2013,3/17/2013,First Class,RB-19465,Rick Bensley,Home Office,United States,Chicago,Illinois,60653,Central,TEC-MA-10003626,Technology,Machines,Hewlett-Packard Deskjet 6540 Color Inkjet Printer,574.91,2,0.3,156.047
CA-2011-152618,3/14/2013,3/17/2013,First Class,RB-19465,Rick Bensley,Home Office,United States,Chicago,Illinois,60653,Central,OFF-PA-10001215,Office Supplies,Paper,Xerox 1963,8.448,2,0.2,2.64
CA-2011-118339,3/17/2013,3/24/2013,Standard Class,BN-11515,Bradley Nguyen,Consumer,United States,Lakeville,Minnesota,55044,Central,OFF-AP-10001154,Office Supplies,Appliances,Bionaire Personal Warm Mist Humidifier/Vaporizer,93.78,2,0,36.5742
CA-2011-118339,3/17/2013,3/24/2013,Standard Class,BN-11515,Bradley Nguyen,Consumer,United States,Lakeville,Minnesota,55044,Central,OFF-PA-10000466,Office Supplies,Paper,"Memo Book, 100 Message Capacity, 5 3/8” x 11”",47.18,7,0,23.59
CA-2011-118339,3/17/2013,3/24/2013,Standard Class,BN-11515,Bradley Nguyen,Consumer,United States,Lakeville,Minnesota,55044,Central,OFF-AR-10003829,Office Supplies,Art,Newell 35,19.68,6,0,5.7072
CA-2011-118339,3/17/2013,3/24/2013,Standard Class,BN-11515,Bradley Nguyen,Consumer,United States,Lakeville,Minnesota,55044,Central,OFF-BI-10001758,Office Supplies,Binders,Wilson Jones 14 Line Acrylic Coated Pressboard Data Binders,53.4,10,0,25.098
CA-2011-118339,3/17/2013,3/24/2013,Standard Class,BN-11515,Bradley Nguyen,Consumer,United States,Lakeville,Minnesota,55044,Central,OFF-BI-10000136,Office Supplies,Binders,Avery Non-Stick Heavy Duty View Round Locking Ring Binders,35.88,6,0,17.2224
CA-2011-158442,3/17/2013,3/17/2013,Same Day,AZ-10750,Annie Zypern,Consumer,United States,Dallas,Texas,75217,Central,OFF-AR-10003732,Office Supplies,Art,Newell 333,4.448,2,0.2,0.3336
CA-2011-158442,3/17/2013,3/17/2013,Same Day,AZ-10750,Annie Zypern,Consumer,United States,Dallas,Texas,75217,Central,OFF-PA-10002195,Office Supplies,Paper,Xerox 1966,5.184,1,0.2,1.8792
CA-2011-158442,3/17/2013,3/17/2013,Same Day,AZ-10750,Annie Zypern,Consumer,United States,Dallas,Texas,75217,Central,OFF-PA-10002365,Office Supplies,Paper,Xerox 1967,15.552,3,0.2,5.4432
US-2011-129609,3/22/2013,3/22/2013,Same Day,VM-21835,Vivian Mathis,Consumer,United States,Portage,Indiana,46368,Central,OFF-AR-10003478,Office Supplies,Art,"Avery Hi-Liter EverBold Pen Style Fluorescent Highlighters, 4/Pack",16.28,2,0,6.512
US-2011-137869,3/28/2013,4/2/2013,Standard Class,CV-12295,Christina VanderZanden,Consumer,United States,Des Moines,Iowa,50315,Central,OFF-EN-10001509,Office Supplies,Envelopes,Poly String Tie Envelopes,6.12,3,0,2.8764
US-2011-137869,3/28/2013,4/2/2013,Standard Class,CV-12295,Christina VanderZanden,Consumer,United States,Des Moines,Iowa,50315,Central,FUR-TA-10003954,Furniture,Tables,Hon 94000 Series Round Tables,1184.72,4,0,106.6248
CA-2011-137274,3/29/2013,4/2/2013,Standard Class,MG-18145,Mike Gockenbach,Consumer,United States,Plano,Texas,75023,Central,FUR-TA-10001889,Furniture,Tables,Bush Advantage Collection Racetrack Conference Table,890.841,3,0.3,-152.7156
CA-2011-162089,3/30/2013,4/1/2013,First Class,MP-17470,Mark Packer,Home Office,United States,Brownsville,Texas,78521,Central,OFF-EN-10002230,Office Supplies,Envelopes,Airmail Envelopes,335.72,5,0.2,113.3055
CA-2011-162089,3/30/2013,4/1/2013,First Class,MP-17470,Mark Packer,Home Office,United States,Brownsville,Texas,78521,Central,TEC-PH-10001819,Technology,Phones,Innergie mMini Combo Duo USB Travel Charging Kit,251.944,7,0.2,88.1804
CA-2011-162089,3/30/2013,4/1/2013,First Class,MP-17470,Mark Packer,Home Office,United States,Brownsville,Texas,78521,Central,FUR-CH-10002304,Furniture,Chairs,"Global Stack Chair without Arms, Black",127.302,7,0.3,-9.093
US-2011-113124,3/30/2013,4/5/2013,Standard Class,NC-18340,Nat Carroll,Consumer,United States,Apple Valley,Minnesota,55124,Central,OFF-ST-10001511,Office Supplies,Storage,Space Solutions Commercial Steel Shelving,129.3,2,0,6.465
US-2011-104759,3/31/2013,4/4/2013,Standard Class,DD-13570,Dorothy Dickinson,Consumer,United States,Chicago,Illinois,60610,Central,OFF-BI-10002071,Office Supplies,Binders,Fellowes Black Plastic Comb Bindings,8.134,7,0.8,-13.8278
US-2011-104759,3/31/2013,4/4/2013,Standard Class,DD-13570,Dorothy Dickinson,Consumer,United States,Chicago,Illinois,60610,Central,TEC-AC-10004901,Technology,Accessories,Kensington SlimBlade Notebook Wireless Mouse with Nano Receiver ,79.984,2,0.2,13.9972
US-2011-157847,4/2/2013,4/6/2013,Second Class,SC-20020,Sam Craven,Consumer,United States,Houston,Texas,77095,Central,OFF-PA-10002986,Office Supplies,Paper,Xerox 1898,26.72,5,0.2,9.352
US-2011-157847,4/2/2013,4/6/2013,Second Class,SC-20020,Sam Craven,Consumer,United States,Houston,Texas,77095,Central,OFF-PA-10001593,Office Supplies,Paper,Xerox 1947,33.488,7,0.2,10.465
CA-2011-133228,4/4/2013,4/9/2013,Standard Class,MS-17710,Maurice Satty,Consumer,United States,Detroit,Michigan,48205,Central,FUR-FU-10004020,Furniture,Furnishings,Advantus Panel Wall Acrylic Frame,5.47,1,0,2.3521
CA-2011-133228,4/4/2013,4/9/2013,Standard Class,MS-17710,Maurice Satty,Consumer,United States,Detroit,Michigan,48205,Central,OFF-AR-10001955,Office Supplies,Art,Newell 319,79.36,4,0,23.808
CA-2011-151001,4/5/2013,4/7/2013,First Class,JG-15805,John Grady,Corporate,United States,Decatur,Illinois,62521,Central,OFF-ST-10003455,Office Supplies,Storage,"Tenex File Box, Personal Filing Tote with Lid, Black",49.632,4,0.2,3.7224
CA-2011-151001,4/5/2013,4/7/2013,First Class,JG-15805,John Grady,Corporate,United States,Decatur,Illinois,62521,Central,OFF-ST-10001031,Office Supplies,Storage,Adjustable Personal File Tote,52.096,4,0.2,3.9072
CA-2011-149104,4/5/2013,4/7/2013,Second Class,RD-19900,Ruben Dartt,Consumer,United States,Dearborn Heights,Michigan,48127,Central,OFF-AR-10002952,Office Supplies,Art,Stanley Contemporary Battery Pencil Sharpeners,26.7,2,0,7.476
CA-2011-149104,4/5/2013,4/7/2013,Second Class,RD-19900,Ruben Dartt,Consumer,United States,Dearborn Heights,Michigan,48127,Central,OFF-BI-10004209,Office Supplies,Binders,"Fellowes Twister Kit, Gray/Clear, 3/pkg",40.2,5,0,18.09
CA-2011-149104,4/5/2013,4/7/2013,Second Class,RD-19900,Ruben Dartt,Consumer,United States,Dearborn Heights,Michigan,48127,Central,OFF-AR-10004685,Office Supplies,Art,"Binney & Smith Crayola Metallic Colored Pencils, 8-Color Set",13.89,3,0,4.5837
CA-2011-149104,4/5/2013,4/7/2013,Second Class,RD-19900,Ruben Dartt,Consumer,United States,Dearborn Heights,Michigan,48127,Central,OFF-ST-10000991,Office Supplies,Storage,Space Solutions HD Industrial Steel Shelving.,689.82,6,0,20.6946
CA-2011-138940,4/11/2013,4/16/2013,Second Class,GM-14455,Gary Mitchum,Home Office,United States,Austin,Texas,78745,Central,TEC-PH-10001835,Technology,Phones,Jawbone JAMBOX Wireless Bluetooth Speaker,758.352,6,0.2,265.4232
US-2011-158365,4/12/2013,4/17/2013,Standard Class,SV-20785,Stewart Visinsky,Consumer,United States,Bloomington,Indiana,47401,Central,OFF-PA-10000289,Office Supplies,Paper,Xerox 213,32.4,5,0,15.552
CA-2011-100678,4/18/2013,4/22/2013,Standard Class,KM-16720,Kunst Miller,Consumer,United States,Houston,Texas,77095,Central,OFF-AR-10001868,Office Supplies,Art,Prang Dustless Chalk Sticks,2.688,2,0.2,1.008
CA-2011-100678,4/18/2013,4/22/2013,Standard Class,KM-16720,Kunst Miller,Consumer,United States,Houston,Texas,77095,Central,FUR-CH-10002602,Furniture,Chairs,DMI Arturo Collection Mission-style Design Wood Chair,317.058,3,0.3,-18.1176
CA-2011-100678,4/18/2013,4/22/2013,Standard Class,KM-16720,Kunst Miller,Consumer,United States,Houston,Texas,77095,Central,OFF-EN-10000056,Office Supplies,Envelopes,Cameo Buff Policy Envelopes,149.352,3,0.2,50.4063
CA-2011-100678,4/18/2013,4/22/2013,Standard Class,KM-16720,Kunst Miller,Consumer,United States,Houston,Texas,77095,Central,TEC-AC-10000474,Technology,Accessories,Kensington Expert Mouse Optical USB Trackball for PC or Mac,227.976,3,0.2,28.497
CA-2011-134572,4/20/2013,4/22/2013,Second Class,SV-20365,Seth Vernon,Consumer,United States,Houston,Texas,77070,Central,FUR-TA-10001705,Furniture,Tables,Bush Advantage Collection Round Conference Table,744.1,5,0.3,-95.67
CA-2011-134572,4/20/2013,4/22/2013,Second Class,SV-20365,Seth Vernon,Consumer,United States,Houston,Texas,77070,Central,OFF-ST-10004634,Office Supplies,Storage,"Personal Folder Holder, Ebony",44.84,5,0.2,5.605
CA-2011-134572,4/20/2013,4/22/2013,Second Class,SV-20365,Seth Vernon,Consumer,United States,Houston,Texas,77070,Central,FUR-TA-10004442,Furniture,Tables,Riverside Furniture Stanwyck Manor Table Series,401.59,2,0.3,-131.951
US-2011-157406,4/25/2013,4/29/2013,Standard Class,DA-13450,Dianna Arnett,Home Office,United States,Houston,Texas,77095,Central,OFF-PA-10003543,Office Supplies,Paper,Xerox 1985,10.368,2,0.2,3.6288
US-2011-157406,4/25/2013,4/29/2013,Standard Class,DA-13450,Dianna Arnett,Home Office,United States,Houston,Texas,77095,Central,OFF-AR-10002221,Office Supplies,Art,12 Colored Short Pencils,6.24,3,0.2,0.546
CA-2011-130274,5/3/2013,5/5/2013,First Class,JS-15940,Joni Sundaresam,Home Office,United States,Appleton,Wisconsin,54915,Central,OFF-LA-10002195,Office Supplies,Labels,Avery 481,21.56,7,0,10.3488
CA-2011-117709,5/4/2013,5/8/2013,Standard Class,PM-18940,Paul MacIntyre,Consumer,United States,Jackson,Michigan,49201,Central,OFF-BI-10001294,Office Supplies,Binders,Fellowes Binding Cases,46.8,4,0,21.06
CA-2011-111899,5/4/2013,5/5/2013,First Class,NC-18340,Nat Carroll,Consumer,United States,Houston,Texas,77036,Central,OFF-AR-10001725,Office Supplies,Art,Boston Home & Office Model 2000 Electric Pencil Sharpeners,37.84,2,0.2,2.838
CA-2011-111899,5/4/2013,5/5/2013,First Class,NC-18340,Nat Carroll,Consumer,United States,Houston,Texas,77036,Central,OFF-FA-10000840,Office Supplies,Fasteners,OIC Thumb-Tacks,5.472,6,0.2,1.8468
CA-2011-110219,5/5/2013,5/8/2013,First Class,EB-13870,Emily Burns,Consumer,United States,San Antonio,Texas,78207,Central,FUR-CH-10001146,Furniture,Chairs,"Global Value Mid-Back Manager's Chair, Gray",127.869,3,0.3,-9.1335
CA-2011-160738,5/5/2013,5/10/2013,Standard Class,KH-16330,Katharine Harms,Corporate,United States,Freeport,Illinois,61032,Central,OFF-ST-10003442,Office Supplies,Storage,Eldon Portable Mobile Manager,45.248,2,0.2,3.9592
CA-2011-103849,5/11/2013,5/16/2013,Standard Class,PG-18895,Paul Gonzalez,Consumer,United States,Fort Worth,Texas,76106,Central,TEC-AC-10001465,Technology,Accessories,SanDisk Cruzer 64 GB USB Flash Drive,58.112,2,0.2,7.264
CA-2011-103849,5/11/2013,5/16/2013,Standard Class,PG-18895,Paul Gonzalez,Consumer,United States,Fort Worth,Texas,76106,Central,TEC-PH-10002597,Technology,Phones,Xblue XB-1670-86 X16 Small Office Telephone - Titanium,100.792,1,0.2,6.2995
CA-2011-103849,5/11/2013,5/16/2013,Standard Class,PG-18895,Paul Gonzalez,Consumer,United States,Fort Worth,Texas,76106,Central,FUR-FU-10000723,Furniture,Furnishings,"Deflect-o EconoMat Studded, No Bevel Mat for Low Pile Carpeting",66.112,4,0.6,-84.2928
CA-2011-139017,5/11/2013,5/17/2013,Standard Class,RM-19375,Raymond Messe,Consumer,United States,Houston,Texas,77095,Central,TEC-AC-10001013,Technology,Accessories,Logitech ClearChat Comfort/USB Headset H390,46.864,2,0.2,7.6154
CA-2011-152100,5/11/2013,5/16/2013,Standard Class,VW-21775,Victoria Wilson,Corporate,United States,Huntsville,Texas,77340,Central,FUR-CH-10000015,Furniture,Chairs,Hon Multipurpose Stacking Arm Chairs,1212.96,8,0.3,-69.312
CA-2011-119172,5/11/2013,5/15/2013,Standard Class,HD-14785,Harold Dahlen,Home Office,United States,Chicago,Illinois,60610,Central,OFF-PA-10003036,Office Supplies,Paper,"Black Print Carbonless 8 1/2"" x 8 1/4"" Rapid Memo Book",17.472,3,0.2,5.6784
CA-2011-119172,5/11/2013,5/15/2013,Standard Class,HD-14785,Harold Dahlen,Home Office,United States,Chicago,Illinois,60610,Central,OFF-BI-10002026,Office Supplies,Binders,Avery Arch Ring Binders,104.58,9,0.8,-172.557
CA-2011-127159,5/12/2013,5/15/2013,First Class,HL-15040,Hunter Lopez,Consumer,United States,Milwaukee,Wisconsin,53209,Central,FUR-FU-10000010,Furniture,Furnishings,"DAX Value U-Channel Document Frames, Easel Back",34.79,7,0,10.7849
CA-2011-148761,5/17/2013,5/21/2013,Standard Class,PA-19060,Pete Armstrong,Home Office,United States,Eau Claire,Wisconsin,54703,Central,OFF-BI-10000666,Office Supplies,Binders,Surelock Post Binders,91.68,3,0,45.84
CA-2011-133963,5/18/2013,5/22/2013,Second Class,GA-14515,George Ashbrook,Consumer,United States,Dallas,Texas,75220,Central,OFF-PA-10001526,Office Supplies,Paper,Xerox 1949,3.984,1,0.2,1.4442
US-2011-107699,5/19/2013,5/23/2013,Standard Class,JH-15820,John Huston,Consumer,United States,Midland,Michigan,48640,Central,OFF-BI-10001249,Office Supplies,Binders,Avery Heavy-Duty EZD View Binder with Locking Rings,57.42,9,0,26.4132
CA-2011-130673,5/20/2013,5/22/2013,Second Class,MC-17590,Matt Collister,Corporate,United States,San Marcos,Texas,78666,Central,FUR-FU-10003489,Furniture,Furnishings,Contemporary Borderless Frame,10.332,3,0.6,-5.9409
CA-2011-130673,5/20/2013,5/22/2013,Second Class,MC-17590,Matt Collister,Corporate,United States,San Marcos,Texas,78666,Central,OFF-PA-10000289,Office Supplies,Paper,Xerox 213,10.368,2,0.2,3.6288
CA-2011-130673,5/20/2013,5/22/2013,Second Class,MC-17590,Matt Collister,Corporate,United States,San Marcos,Texas,78666,Central,TEC-AC-10004227,Technology,Accessories,SanDisk Ultra 16 GB MicroSDHC Class 10 Memory Card,20.784,2,0.2,-3.6372
CA-2011-130673,5/20/2013,5/22/2013,Second Class,MC-17590,Matt Collister,Corporate,United States,San Marcos,Texas,78666,Central,OFF-ST-10000636,Office Supplies,Storage,Rogers Profile Extra Capacity Storage Tub,66.96,5,0.2,-13.392
CA-2011-127166,5/21/2013,5/23/2013,Second Class,KH-16360,Katherine Hughes,Consumer,United States,Houston,Texas,77070,Central,OFF-EN-10003134,Office Supplies,Envelopes,Staple envelope,56.064,6,0.2,21.024
CA-2011-127166,5/21/2013,5/23/2013,Second Class,KH-16360,Katherine Hughes,Consumer,United States,Houston,Texas,77070,Central,FUR-CH-10003396,Furniture,Chairs,Global Deluxe Steno Chair,107.772,2,0.3,-29.2524
CA-2011-127166,5/21/2013,5/23/2013,Second Class,KH-16360,Katherine Hughes,Consumer,United States,Houston,Texas,77070,Central,OFF-PA-10001560,Office Supplies,Paper,"Adams Telephone Message Books, 5 1/4” x 11”",4.832,1,0.2,1.6308
CA-2011-127166,5/21/2013,5/23/2013,Second Class,KH-16360,Katherine Hughes,Consumer,United States,Houston,Texas,77070,Central,OFF-BI-10000977,Office Supplies,Binders,Ibico Plastic Spiral Binding Combs,18.24,3,0.8,-31.008
US-2011-130379,5/25/2013,5/29/2013,Standard Class,JL-15235,Janet Lee,Consumer,United States,Chicago,Illinois,60623,Central,OFF-AP-10001394,Office Supplies,Appliances,Harmony Air Purifier,75.6,2,0.8,-166.32
US-2011-130379,5/25/2013,5/29/2013,Standard Class,JL-15235,Janet Lee,Consumer,United States,Chicago,Illinois,60623,Central,FUR-FU-10002553,Furniture,Furnishings,"Electrix Incandescent Magnifying Lamp, Black",29.32,2,0.6,-24.189
CA-2011-144029,5/26/2013,5/31/2013,Standard Class,MM-18055,Michelle Moray,Consumer,United States,Chicago,Illinois,60623,Central,OFF-ST-10001837,Office Supplies,Storage,"SAFCO Mobile Desk Side File, Wire Frame",102.624,3,0.2,7.6968
CA-2011-144029,5/26/2013,5/31/2013,Standard Class,MM-18055,Michelle Moray,Consumer,United States,Chicago,Illinois,60623,Central,FUR-CH-10003981,Furniture,Chairs,Global Commerce Series Low-Back Swivel/Tilt Chairs,359.772,2,0.3,-5.1396
CA-2011-144029,5/26/2013,5/31/2013,Standard Class,MM-18055,Michelle Moray,Consumer,United States,Chicago,Illinois,60623,Central,OFF-AR-10000716,Office Supplies,Art,DIXON Ticonderoga Erasable Checking Pencils,13.392,3,0.2,3.1806
US-2011-117058,5/27/2013,5/30/2013,First Class,LE-16810,Laurel Elliston,Consumer,United States,Chicago,Illinois,60653,Central,OFF-BI-10004139,Office Supplies,Binders,Fellowes Presentation Covers for Comb Binding Machines,17.46,6,0.8,-30.555
CA-2011-145800,5/30/2013,6/5/2013,Standard Class,SS-20410,Shahid Shariari,Consumer,United States,Buffalo Grove,Illinois,60089,Central,FUR-TA-10001539,Furniture,Tables,Chromcraft Rectangular Conference Tables,355.455,3,0.5,-184.8366
CA-2011-140473,5/30/2013,6/3/2013,Standard Class,MC-17425,Mark Cousins,Corporate,United States,Chicago,Illinois,60623,Central,TEC-CO-10004202,Technology,Copiers,Brother DCP1000 Digital 3 in 1 Multifunction Machine,719.976,3,0.2,134.9955
CA-2011-131926,6/1/2013,6/6/2013,Second Class,DW-13480,Dianna Wilson,Home Office,United States,Lakeville,Minnesota,55044,Central,FUR-CH-10004063,Furniture,Chairs,Global Deluxe High-Back Manager's Chair,2001.86,7,0,580.5394
CA-2011-131926,6/1/2013,6/6/2013,Second Class,DW-13480,Dianna Wilson,Home Office,United States,Lakeville,Minnesota,55044,Central,OFF-ST-10002276,Office Supplies,Storage,Safco Steel Mobile File Cart,166.72,2,0,41.68
CA-2011-131926,6/1/2013,6/6/2013,Second Class,DW-13480,Dianna Wilson,Home Office,United States,Lakeville,Minnesota,55044,Central,OFF-PA-10004082,Office Supplies,Paper,"Adams Telephone Message Book w/Frequently-Called Numbers Space, 400 Messages per Book",47.88,6,0,23.94
CA-2011-131926,6/1/2013,6/6/2013,Second Class,DW-13480,Dianna Wilson,Home Office,United States,Lakeville,Minnesota,55044,Central,OFF-AP-10002945,Office Supplies,Appliances,Honeywell Enviracaire Portable HEPA Air Cleaner for 17' x 22' Room,1503.25,5,0,496.0725
CA-2011-131926,6/1/2013,6/6/2013,Second Class,DW-13480,Dianna Wilson,Home Office,United States,Lakeville,Minnesota,55044,Central,OFF-PA-10000061,Office Supplies,Paper,Xerox 205,25.92,4,0,12.4416
US-2011-157070,6/1/2013,6/6/2013,Standard Class,QJ-19255,Quincy Jones,Corporate,United States,Detroit,Michigan,48234,Central,OFF-BI-10001765,Office Supplies,Binders,Wilson Jones Heavy-Duty Casebound Ring Binders with Metal Hinges,138.56,4,0,66.5088
US-2011-157070,6/1/2013,6/6/2013,Standard Class,QJ-19255,Quincy Jones,Corporate,United States,Detroit,Michigan,48234,Central,OFF-AP-10004859,Office Supplies,Appliances,Acco 6 Outlet Guardian Premium Surge Suppressor,65.52,5,0.1,12.376
CA-2011-141299,6/3/2013,6/7/2013,Second Class,RB-19795,Ross Baird,Home Office,United States,Midland,Michigan,48640,Central,OFF-EN-10004459,Office Supplies,Envelopes,Security-Tint Envelopes,15.28,2,0,7.4872
CA-2011-163867,6/3/2013,6/6/2013,First Class,RE-19450,Richard Eichhorn,Consumer,United States,Decatur,Illinois,62521,Central,OFF-LA-10001771,Office Supplies,Labels,Avery 513,15.936,4,0.2,5.1792
CA-2011-163867,6/3/2013,6/6/2013,First Class,RE-19450,Richard Eichhorn,Consumer,United States,Decatur,Illinois,62521,Central,FUR-FU-10001475,Furniture,Furnishings,"Contract Clock, 14"", Brown",61.544,7,0.6,-40.0036
CA-2011-163867,6/3/2013,6/6/2013,First Class,RE-19450,Richard Eichhorn,Consumer,United States,Decatur,Illinois,62521,Central,OFF-ST-10000877,Office Supplies,Storage,Recycled Steel Personal File for Standard File Folders,132.696,3,0.2,9.9522
US-2011-161305,6/6/2013,6/12/2013,Standard Class,SB-20170,Sarah Bern,Consumer,United States,Chicago,Illinois,60623,Central,OFF-BI-10002794,Office Supplies,Binders,"Avery Trapezoid Ring Binder, 3"" Capacity, Black, 1040 sheets",24.588,3,0.8,-38.1114
US-2011-161305,6/6/2013,6/12/2013,Standard Class,SB-20170,Sarah Bern,Consumer,United States,Chicago,Illinois,60623,Central,OFF-EN-10000461,Office Supplies,Envelopes,"#10- 4 1/8"" x 9 1/2"" Recycled Envelopes",13.984,2,0.2,4.7196
CA-2011-151897,6/6/2013,6/10/2013,Standard Class,VT-21700,Valerie Takahito,Home Office,United States,Houston,Texas,77070,Central,OFF-LA-10001074,Office Supplies,Labels,Round Specialty Laser Printer Labels,100.24,10,0.2,33.831
US-2011-134971,6/7/2013,6/10/2013,Second Class,BP-11095,Bart Pistole,Corporate,United States,Peoria,Illinois,61604,Central,OFF-BI-10003982,Office Supplies,Binders,Wilson Jones Century Plastic Molded Ring Binders,12.462,3,0.8,-20.5623
CA-2011-106229,6/7/2013,6/11/2013,Second Class,NR-18550,Nick Radford,Consumer,United States,Aurora,Illinois,60505,Central,FUR-TA-10002041,Furniture,Tables,"Bevis Round Conference Table Top, X-Base",268.935,3,0.5,-209.7693
CA-2011-133753,6/9/2013,6/13/2013,Second Class,CW-11905,Carl Weiss,Home Office,United States,Huntsville,Texas,77340,Central,TEC-PH-10000376,Technology,Phones,Square Credit Card Reader,7.992,1,0.2,0.5994
CA-2011-133753,6/9/2013,6/13/2013,Second Class,CW-11905,Carl Weiss,Home Office,United States,Huntsville,Texas,77340,Central,TEC-AC-10000303,Technology,Accessories,Logitech M510 Wireless Mouse,63.984,2,0.2,10.3974
CA-2011-133753,6/9/2013,6/13/2013,Second Class,CW-11905,Carl Weiss,Home Office,United States,Huntsville,Texas,77340,Central,OFF-AR-10001953,Office Supplies,Art,Boston 1645 Deluxe Heavier-Duty Electric Pencil Sharpener,70.368,2,0.2,6.1572
CA-2011-144281,6/10/2013,6/15/2013,Second Class,HK-14890,Heather Kirkland,Corporate,United States,Detroit,Michigan,48234,Central,OFF-LA-10003930,Office Supplies,Labels,"Dot Matrix Printer Tape Reel Labels, White, 5000/Box",491.55,5,0,240.8595
CA-2011-140487,6/14/2013,6/20/2013,Standard Class,SR-20425,Sharelle Roach,Home Office,United States,Detroit,Michigan,48234,Central,FUR-BO-10000711,Furniture,Bookcases,"Hon Metal Bookcases, Gray",212.94,3,0,57.4938
US-2011-141215,6/15/2013,6/21/2013,Standard Class,KL-16555,Kelly Lampkin,Corporate,United States,San Antonio,Texas,78207,Central,FUR-TA-10001520,Furniture,Tables,"Lesro Sheffield Collection Coffee Table, End Table, Center Table, Corner Table",99.918,2,0.3,-18.5562
US-2011-141215,6/15/2013,6/21/2013,Standard Class,KL-16555,Kelly Lampkin,Corporate,United States,San Antonio,Texas,78207,Central,FUR-CH-10003379,Furniture,Chairs,Global Commerce Series High-Back Swivel/Tilt Chairs,797.944,4,0.3,-56.996
US-2011-141215,6/15/2013,6/21/2013,Standard Class,KL-16555,Kelly Lampkin,Corporate,United States,San Antonio,Texas,78207,Central,OFF-BI-10002706,Office Supplies,Binders,Avery Premier Heavy-Duty Binder with Round Locking Rings,8.568,3,0.8,-14.5656
CA-2011-126963,6/15/2013,6/15/2013,Same Day,PS-18760,Pamela Stobb,Consumer,United States,El Paso,Texas,79907,Central,OFF-PA-10001952,Office Supplies,Paper,Xerox 1902,36.544,2,0.2,11.8768
CA-2011-136644,6/16/2013,6/22/2013,Standard Class,SC-20575,Sonia Cooley,Consumer,United States,Mishawaka,Indiana,46544,Central,FUR-CH-10000225,Furniture,Chairs,"Global Geo Office Task Chair, Gray",647.84,8,0,32.392
CA-2011-156342,6/17/2013,6/20/2013,Second Class,JF-15415,Jennifer Ferguson,Consumer,United States,Chicago,Illinois,60653,Central,OFF-PA-10001725,Office Supplies,Paper,Xerox 1892,62.016,2,0.2,22.4808
CA-2011-166863,6/20/2013,6/24/2013,Standard Class,SC-20020,Sam Craven,Consumer,United States,Plano,Texas,75023,Central,TEC-PH-10000369,Technology,Phones,HTC One Mini,201.584,2,0.2,20.1584
CA-2011-166863,6/20/2013,6/24/2013,Standard Class,SC-20020,Sam Craven,Consumer,United States,Plano,Texas,75023,Central,OFF-BI-10000756,Office Supplies,Binders,Storex DuraTech Recycled Plastic Frosted Binders,3.392,4,0.8,-5.088
CA-2011-166863,6/20/2013,6/24/2013,Standard Class,SC-20020,Sam Craven,Consumer,United States,Plano,Texas,75023,Central,FUR-BO-10001608,Furniture,Bookcases,"Hon Metal Bookcases, Black",193.0656,4,0.32,-19.8744
CA-2011-166863,6/20/2013,6/24/2013,Standard Class,SC-20020,Sam Craven,Consumer,United States,Plano,Texas,75023,Central,OFF-PA-10001166,Office Supplies,Paper,Xerox 2,15.552,3,0.2,5.4432
CA-2011-166863,6/20/2013,6/24/2013,Standard Class,SC-20020,Sam Craven,Consumer,United States,Plano,Texas,75023,Central,OFF-PA-10000587,Office Supplies,Paper,"Array Parchment Paper, Assorted Colors",11.648,2,0.2,4.0768
CA-2011-166863,6/20/2013,6/24/2013,Standard Class,SC-20020,Sam Craven,Consumer,United States,Plano,Texas,75023,Central,TEC-MA-10001972,Technology,Machines,Okidata C331dn Printer,418.8,2,0.4,-97.72
CA-2011-166863,6/20/2013,6/24/2013,Standard Class,SC-20020,Sam Craven,Consumer,United States,Plano,Texas,75023,Central,OFF-ST-10004123,Office Supplies,Storage,Safco Industrial Wire Shelving System,509.488,7,0.2,-127.372
US-2011-112949,6/20/2013,6/27/2013,Standard Class,Co-12640,Corey-Lock,Consumer,United States,Lawton,Oklahoma,73505,Central,OFF-AP-10001005,Office Supplies,Appliances,Honeywell Quietcare HEPA Air Cleaner,471.9,6,0,155.727
US-2011-112949,6/20/2013,6/27/2013,Standard Class,Co-12640,Corey-Lock,Consumer,United States,Lawton,Oklahoma,73505,Central,OFF-AR-10003469,Office Supplies,Art,Nontoxic Chalk,3.52,2,0,1.6896
CA-2011-124646,6/22/2013,6/24/2013,First Class,DV-13465,Dianna Vittorini,Consumer,United States,Minneapolis,Minnesota,55407,Central,OFF-ST-10001097,Office Supplies,Storage,Office Impressions Heavy Duty Welded Shelving & Multimedia Storage Drawers,501.81,3,0,0
CA-2011-124646,6/22/2013,6/24/2013,First Class,DV-13465,Dianna Vittorini,Consumer,United States,Minneapolis,Minnesota,55407,Central,OFF-ST-10001469,Office Supplies,Storage,Fellowes Bankers Box Recycled Super Stor/Drawer,161.94,3,0,9.7164
CA-2011-156993,6/28/2013,7/4/2013,Standard Class,RW-19630,Rob Williams,Corporate,United States,Detroit,Michigan,48234,Central,OFF-FA-10003495,Office Supplies,Fasteners,Staples,6.08,1,0,3.04
CA-2011-123064,6/30/2013,7/2/2013,First Class,RA-19915,Russell Applegate,Consumer,United States,Chicago,Illinois,60653,Central,OFF-AR-10004582,Office Supplies,Art,BIC Brite Liner Grip Highlighters,5.248,4,0.2,1.64
CA-2011-116757,6/30/2013,7/4/2013,Standard Class,MS-17980,Michael Stewart,Corporate,United States,Houston,Texas,77095,Central,OFF-PA-10002005,Office Supplies,Paper,Xerox 225,25.92,5,0.2,9.072
CA-2011-116757,6/30/2013,7/4/2013,Standard Class,MS-17980,Michael Stewart,Corporate,United States,Houston,Texas,77095,Central,OFF-FA-10002815,Office Supplies,Fasteners,Staples,21.312,6,0.2,7.1928
US-2011-160444,7/5/2013,7/5/2013,Same Day,DC-12850,Dan Campbell,Consumer,United States,Houston,Texas,77036,Central,OFF-ST-10001522,Office Supplies,Storage,"Gould Plastics 18-Pocket Panel Bin, 34w x 5-1/4d x 20-1/2h",220.776,3,0.2,-44.1552
US-2011-160444,7/5/2013,7/5/2013,Same Day,DC-12850,Dan Campbell,Consumer,United States,Houston,Texas,77036,Central,OFF-ST-10000563,Office Supplies,Storage,Fellowes Bankers Box Stor/Drawer Steel Plus,281.424,11,0.2,-35.178
CA-2011-165379,7/9/2013,7/15/2013,Standard Class,BM-11650,Brian Moss,Corporate,United States,Dallas,Texas,75217,Central,OFF-PA-10003072,Office Supplies,Paper,"Eureka Recycled Copy Paper 8 1/2"" x 11"", Ream",10.368,2,0.2,3.6288
CA-2011-165379,7/9/2013,7/15/2013,Standard Class,BM-11650,Brian Moss,Corporate,United States,Dallas,Texas,75217,Central,OFF-PA-10002245,Office Supplies,Paper,Xerox 1895,14.352,3,0.2,4.485
CA-2011-123225,7/11/2013,7/14/2013,First Class,MN-17935,Michael Nguyen,Consumer,United States,El Paso,Texas,79907,Central,TEC-PH-10000895,Technology,Phones,Polycom VVX 310 VoIP phone,575.968,4,0.2,43.1976
CA-2011-123225,7/11/2013,7/14/2013,First Class,MN-17935,Michael Nguyen,Consumer,United States,El Paso,Texas,79907,Central,OFF-PA-10000552,Office Supplies,Paper,Xerox 200,10.368,2,0.2,3.6288
CA-2011-124807,7/12/2013,7/15/2013,Second Class,ME-17725,Max Engle,Consumer,United States,Chicago,Illinois,60610,Central,OFF-PA-10001526,Office Supplies,Paper,Xerox 1949,35.856,9,0.2,12.9978
CA-2011-124807,7/12/2013,7/15/2013,Second Class,ME-17725,Max Engle,Consumer,United States,Chicago,Illinois,60610,Central,TEC-AC-10002857,Technology,Accessories,"Verbatim 25 GB 6x Blu-ray Single Layer Recordable Disc, 1/Pack",23.84,4,0.2,3.278
CA-2011-161508,7/12/2013,7/16/2013,Standard Class,PV-18985,Paul Van Hugh,Home Office,United States,League City,Texas,77573,Central,FUR-CH-10002126,Furniture,Chairs,Hon Deluxe Fabric Upholstered Stacking Chairs,512.358,3,0.3,-14.6388
CA-2011-161508,7/12/2013,7/16/2013,Standard Class,PV-18985,Paul Van Hugh,Home Office,United States,League City,Texas,77573,Central,OFF-FA-10001561,Office Supplies,Fasteners,Stockwell Push Pins,3.488,2,0.2,0.5668
CA-2011-161508,7/12/2013,7/16/2013,Standard Class,PV-18985,Paul Van Hugh,Home Office,United States,League City,Texas,77573,Central,OFF-AR-10003158,Office Supplies,Art,Fluorescent Highlighters by Dixon,22.288,7,0.2,3.9004
CA-2011-161508,7/12/2013,7/16/2013,Standard Class,PV-18985,Paul Van Hugh,Home Office,United States,League City,Texas,77573,Central,OFF-PA-10001804,Office Supplies,Paper,Xerox 195,16.032,3,0.2,5.6112
US-2011-103905,7/14/2013,7/20/2013,Standard Class,AW-10930,Arthur Wiediger,Home Office,United States,Aurora,Illinois,60505,Central,OFF-BI-10001098,Office Supplies,Binders,Acco D-Ring Binder w/DublLock,29.932,7,0.8,-46.3946
US-2011-103905,7/14/2013,7/20/2013,Standard Class,AW-10930,Arthur Wiediger,Home Office,United States,Aurora,Illinois,60505,Central,TEC-PH-10001552,Technology,Phones,I Need's 3d Hello Kitty Hybrid Silicone Case Cover for HTC One X 4g with 3d Hello Kitty Stylus Pen Green/pink,38.272,4,0.2,3.8272
CA-2011-115980,7/15/2013,7/19/2013,Standard Class,VW-21775,Victoria Wilson,Corporate,United States,Sioux Falls,South Dakota,57103,Central,TEC-AC-10003709,Technology,Accessories,Maxell 4.7GB DVD-R 5/Pack,2.97,3,0,1.3068
CA-2011-115980,7/15/2013,7/19/2013,Standard Class,VW-21775,Victoria Wilson,Corporate,United States,Sioux Falls,South Dakota,57103,Central,OFF-FA-10000304,Office Supplies,Fasteners,Advantus Push Pins,6.54,3,0,2.6814
CA-2011-143903,7/20/2013,7/24/2013,Standard Class,KM-16375,Katherine Murray,Home Office,United States,Dallas,Texas,75217,Central,OFF-ST-10003306,Office Supplies,Storage,Letter Size Cart,342.864,3,0.2,38.5722
CA-2011-143903,7/20/2013,7/24/2013,Standard Class,KM-16375,Katherine Murray,Home Office,United States,Dallas,Texas,75217,Central,FUR-FU-10003724,Furniture,Furnishings,Westinghouse Clip-On Gooseneck Lamps,16.74,5,0.6,-14.229
CA-2011-143903,7/20/2013,7/24/2013,Standard Class,KM-16375,Katherine Murray,Home Office,United States,Dallas,Texas,75217,Central,FUR-CH-10002024,Furniture,Chairs,HON 5400 Series Task Chairs for Big and Tall,981.372,2,0.3,-140.196
CA-2011-129189,7/21/2013,7/25/2013,Standard Class,HM-14860,Harry Marie,Corporate,United States,Dallas,Texas,75217,Central,OFF-AP-10000124,Office Supplies,Appliances,Acco 6 Outlet Guardian Basic Surge Suppressor,4.992,3,0.8,-12.9792
CA-2011-129189,7/21/2013,7/25/2013,Standard Class,HM-14860,Harry Marie,Corporate,United States,Dallas,Texas,75217,Central,OFF-EN-10003567,Office Supplies,Envelopes,"Inter-Office Recycled Envelopes, Brown Kraft, Button-String,10"" x 13"" , 100/Box",87.92,5,0.2,29.673
CA-2011-129189,7/21/2013,7/25/2013,Standard Class,HM-14860,Harry Marie,Corporate,United States,Dallas,Texas,75217,Central,FUR-CH-10004997,Furniture,Chairs,Hon Every-Day Series Multi-Task Chairs,657.93,5,0.3,-93.99
CA-2011-129189,7/21/2013,7/25/2013,Standard Class,HM-14860,Harry Marie,Corporate,United States,Dallas,Texas,75217,Central,OFF-BI-10000494,Office Supplies,Binders,Acco Economy Flexible Poly Round Ring Binder,1.044,1,0.8,-1.827
CA-2011-109890,7/21/2013,7/27/2013,Standard Class,PG-18820,Patrick Gardner,Consumer,United States,Omaha,Nebraska,68104,Central,TEC-PH-10004100,Technology,Phones,Griffin GC17055 Auxiliary Audio Cable,35.98,2,0,10.0744
US-2011-164644,7/22/2013,7/24/2013,Second Class,JL-15850,John Lucas,Consumer,United States,Houston,Texas,77095,Central,OFF-ST-10003123,Office Supplies,Storage,Fellowes Bases and Tops For Staxonsteel/High-Stak Systems,26.632,1,0.2,1.3316
US-2011-155894,7/26/2013,7/30/2013,Second Class,CL-11890,Carl Ludwig,Consumer,United States,Chicago,Illinois,60623,Central,OFF-ST-10004804,Office Supplies,Storage,"Belkin 19"" Vented Equipment Shelf, Black",123.552,3,0.2,-29.3436
CA-2011-169019,7/26/2013,7/30/2013,Standard Class,LF-17185,Luke Foster,Consumer,United States,San Antonio,Texas,78207,Central,OFF-BI-10004995,Office Supplies,Binders,GBC DocuBind P400 Electric Binding System,2177.584,8,0.8,-3701.8928
CA-2011-169019,7/26/2013,7/30/2013,Standard Class,LF-17185,Luke Foster,Consumer,United States,San Antonio,Texas,78207,Central,FUR-FU-10004666,Furniture,Furnishings,DAX Clear Channel Poster Frame,17.496,3,0.6,-10.0602
CA-2011-169019,7/26/2013,7/30/2013,Standard Class,LF-17185,Luke Foster,Consumer,United States,San Antonio,Texas,78207,Central,OFF-BI-10001524,Office Supplies,Binders,GBC Premium Transparent Covers with Diagonal Lined Pattern,16.784,4,0.8,-26.8544
CA-2011-169019,7/26/2013,7/30/2013,Standard Class,LF-17185,Luke Foster,Consumer,United States,San Antonio,Texas,78207,Central,TEC-AC-10002076,Technology,Accessories,Microsoft Natural Keyboard Elite,431.136,9,0.2,-26.946
CA-2011-169019,7/26/2013,7/30/2013,Standard Class,LF-17185,Luke Foster,Consumer,United States,San Antonio,Texas,78207,Central,OFF-BI-10001679,Office Supplies,Binders,GBC Instant Index System for Binding Systems,8.88,5,0.8,-13.32
CA-2011-169019,7/26/2013,7/30/2013,Standard Class,LF-17185,Luke Foster,Consumer,United States,San Antonio,Texas,78207,Central,OFF-AP-10003281,Office Supplies,Appliances,Acco 6 Outlet Guardian Standard Surge Suppressor,4.836,2,0.8,-12.09
US-2011-106299,8/2/2013,8/8/2013,Standard Class,NZ-18565,Nick Zandusky,Home Office,United States,Springfield,Missouri,65807,Central,OFF-BI-10001758,Office Supplies,Binders,Wilson Jones 14 Line Acrylic Coated Pressboard Data Binders,26.7,5,0,12.549
US-2011-106299,8/2/2013,8/8/2013,Standard Class,NZ-18565,Nick Zandusky,Home Office,United States,Springfield,Missouri,65807,Central,TEC-AC-10003237,Technology,Accessories,Memorex Micro Travel Drive 4 GB,21.2,2,0,9.116
US-2011-106299,8/2/2013,8/8/2013,Standard Class,NZ-18565,Nick Zandusky,Home Office,United States,Springfield,Missouri,65807,Central,OFF-ST-10002011,Office Supplies,Storage,Smead Adjustable Mobile File Trolley with Lockable Top,838.38,2,0,226.3626
CA-2011-124723,8/5/2013,8/12/2013,Standard Class,GZ-14470,Gary Zandusky,Consumer,United States,Texas City,Texas,77590,Central,FUR-TA-10001307,Furniture,Tables,"SAFCO PlanMaster Heigh-Adjustable Drafting Table Base, 43w x 30d x 30-37h, Black",489.23,2,0.3,41.934
CA-2011-124478,8/8/2013,8/12/2013,Standard Class,MA-17560,Matt Abelman,Home Office,United States,Trenton,Michigan,48183,Central,TEC-CO-10001571,Technology,Copiers,Sharp 1540cs Digital Laser Copier,549.99,1,0,274.995
CA-2011-124478,8/8/2013,8/12/2013,Standard Class,MA-17560,Matt Abelman,Home Office,United States,Trenton,Michigan,48183,Central,OFF-AP-10002495,Office Supplies,Appliances,"Acco Smartsocket Table Surge Protector, 6 Color-Coded Adapter Outlets",167.535,3,0.1,37.23
CA-2011-124478,8/8/2013,8/12/2013,Standard Class,MA-17560,Matt Abelman,Home Office,United States,Trenton,Michigan,48183,Central,OFF-EN-10002500,Office Supplies,Envelopes,Globe Weis Peel & Seel First Class Envelopes,38.34,3,0,17.253
CA-2011-124478,8/8/2013,8/12/2013,Standard Class,MA-17560,Matt Abelman,Home Office,United States,Trenton,Michigan,48183,Central,FUR-FU-10002088,Furniture,Furnishings,Nu-Dell Float Frame 11 x 14 1/2,53.88,6,0,22.6296
CA-2011-124478,8/8/2013,8/12/2013,Standard Class,MA-17560,Matt Abelman,Home Office,United States,Trenton,Michigan,48183,Central,TEC-PH-10001128,Technology,Phones,Motorola Droid Maxx,299.98,2,0,83.9944
CA-2011-138023,8/15/2013,8/18/2013,First Class,KH-16510,Keith Herrera,Consumer,United States,Dallas,Texas,75081,Central,OFF-BI-10003638,Office Supplies,Binders,GBC Durable Plastic Covers,30.96,8,0.8,-52.632
CA-2011-129168,8/17/2013,8/23/2013,Standard Class,KB-16585,Ken Black,Corporate,United States,Houston,Texas,77095,Central,OFF-PA-10001639,Office Supplies,Paper,Xerox 203,15.552,3,0.2,5.4432
CA-2011-166716,8/20/2013,8/25/2013,Second Class,CR-12730,Craig Reiter,Consumer,United States,Chicago,Illinois,60610,Central,FUR-CH-10004495,Furniture,Chairs,"Global Leather and Oak Executive Chair, Black",421.372,2,0.3,-6.0196
US-2011-166828,8/22/2013,8/25/2013,First Class,JF-15415,Jennifer Ferguson,Consumer,United States,Saint Charles,Missouri,63301,Central,OFF-PA-10001846,Office Supplies,Paper,Xerox 1899,11.56,2,0,5.6644
US-2011-112795,8/23/2013,8/28/2013,Second Class,CR-12625,Corey Roper,Home Office,United States,Grand Rapids,Michigan,49505,Central,OFF-PA-10001934,Office Supplies,Paper,Xerox 1993,19.44,3,0,9.5256
CA-2011-126200,8/25/2013,8/29/2013,Standard Class,JE-15715,Joe Elijah,Consumer,United States,Houston,Texas,77070,Central,OFF-BI-10002133,Office Supplies,Binders,"Wilson Jones Elliptical Ring 3 1/2"" Capacity Binders, 800 sheets",25.68,3,0.8,-39.804
CA-2011-126200,8/25/2013,8/29/2013,Standard Class,JE-15715,Joe Elijah,Consumer,United States,Houston,Texas,77070,Central,OFF-BI-10002225,Office Supplies,Binders,"Square Ring Data Binders, Rigid 75 Pt. Covers, 11"" x 14-7/8""",12.384,3,0.8,-19.8144
CA-2011-165428,9/1/2013,9/4/2013,First Class,JL-15130,Jack Lebron,Consumer,United States,Houston,Texas,77036,Central,OFF-BI-10002949,Office Supplies,Binders,Prestige Round Ring Binders,3.648,3,0.8,-6.0192
CA-2011-165428,9/1/2013,9/4/2013,First Class,JL-15130,Jack Lebron,Consumer,United States,Houston,Texas,77036,Central,OFF-PA-10004100,Office Supplies,Paper,Xerox 216,31.104,6,0.2,10.8864
CA-2011-151792,9/2/2013,9/7/2013,Second Class,CV-12295,Christina VanderZanden,Consumer,United States,Chicago,Illinois,60653,Central,TEC-AC-10001606,Technology,Accessories,Logitech Wireless Performance Mouse MX for PC and Mac,239.976,3,0.2,53.9946
CA-2011-158281,9/2/2013,9/7/2013,Standard Class,AG-10525,Andy Gerbode,Corporate,United States,Houston,Texas,77095,Central,TEC-MA-10002210,Technology,Machines,Epson TM-T88V Direct Thermal Printer - Monochrome - Desktop,559.71,3,0.4,-121.2705
CA-2011-106971,9/2/2013,9/8/2013,Standard Class,BM-11785,Bryan Mills,Consumer,United States,Buffalo Grove,Illinois,60089,Central,TEC-AC-10000844,Technology,Accessories,Logitech Gaming G510s - Keyboard,475.944,7,0.2,95.1888
US-2011-120236,9/3/2013,9/4/2013,First Class,MR-17545,Mathew Reese,Home Office,United States,Houston,Texas,77095,Central,OFF-BI-10004099,Office Supplies,Binders,GBC VeloBinder Strips,7.68,5,0.8,-11.52
CA-2011-131002,9/7/2013,9/12/2013,Second Class,TB-21400,Tom Boeckenhauer,Consumer,United States,Tulsa,Oklahoma,74133,Central,FUR-FU-10004270,Furniture,Furnishings,"Executive Impressions 13"" Clairmont Wall Clock",57.69,3,0,23.6529
CA-2011-131002,9/7/2013,9/12/2013,Second Class,TB-21400,Tom Boeckenhauer,Consumer,United States,Tulsa,Oklahoma,74133,Central,OFF-BI-10000948,Office Supplies,Binders,"GBC Laser Imprintable Binding System Covers, Desert Sand",42.81,3,0,20.1207
CA-2011-131002,9/7/2013,9/12/2013,Second Class,TB-21400,Tom Boeckenhauer,Consumer,United States,Tulsa,Oklahoma,74133,Central,OFF-PA-10000223,Office Supplies,Paper,Xerox 2000,12.96,2,0,6.2208
CA-2011-131002,9/7/2013,9/12/2013,Second Class,TB-21400,Tom Boeckenhauer,Consumer,United States,Tulsa,Oklahoma,74133,Central,FUR-FU-10004665,Furniture,Furnishings,"3M Polarizing Task Lamp with Clamp Arm, Light Gray",821.88,6,0,213.6888
CA-2011-131002,9/7/2013,9/12/2013,Second Class,TB-21400,Tom Boeckenhauer,Consumer,United States,Tulsa,Oklahoma,74133,Central,TEC-PH-10000215,Technology,Phones,Plantronics Cordless Phone Headset with In-line Volume - M214C,104.85,3,0,28.3095
CA-2011-105165,9/7/2013,9/10/2013,First Class,SZ-20035,Sam Zeldin,Home Office,United States,Houston,Texas,77036,Central,TEC-PH-10000675,Technology,Phones,Panasonic KX TS3282B Corded phone,196.776,3,0.2,14.7582
CA-2011-105165,9/7/2013,9/10/2013,First Class,SZ-20035,Sam Zeldin,Home Office,United States,Houston,Texas,77036,Central,OFF-BI-10000050,Office Supplies,Binders,"Angle-D Binders with Locking Rings, Label Holders",2.92,2,0.8,-4.818
CA-2011-105165,9/7/2013,9/10/2013,First Class,SZ-20035,Sam Zeldin,Home Office,United States,Houston,Texas,77036,Central,FUR-TA-10004154,Furniture,Tables,"Riverside Furniture Oval Coffee Table, Oval End Table, End Table with Drawer",200.795,1,0.3,-22.948
CA-2011-105165,9/7/2013,9/10/2013,First Class,SZ-20035,Sam Zeldin,Home Office,United States,Houston,Texas,77036,Central,TEC-AC-10002718,Technology,Accessories,Belkin Standard 104 key USB Keyboard,46.688,4,0.2,-2.918
CA-2011-105165,9/7/2013,9/10/2013,First Class,SZ-20035,Sam Zeldin,Home Office,United States,Houston,Texas,77036,Central,OFF-AR-10003179,Office Supplies,Art,Dixon Ticonderoga Core-Lock Colored Pencils,21.864,3,0.2,3.5529
CA-2011-117765,9/7/2013,9/13/2013,Standard Class,RB-19465,Rick Bensley,Home Office,United States,Tulsa,Oklahoma,74133,Central,FUR-TA-10001039,Furniture,Tables,KI Adjustable-Height Table,429.9,5,0,111.774
CA-2011-117765,9/7/2013,9/13/2013,Standard Class,RB-19465,Rick Bensley,Home Office,United States,Tulsa,Oklahoma,74133,Central,OFF-BI-10000474,Office Supplies,Binders,Avery Recycled Flexi-View Covers for Binding Systems,32.06,2,0,15.3888
CA-2011-117765,9/7/2013,9/13/2013,Standard Class,RB-19465,Rick Bensley,Home Office,United States,Tulsa,Oklahoma,74133,Central,FUR-CH-10004698,Furniture,Chairs,"Padded Folding Chairs, Black, 4/Carton",161.96,2,0,45.3488
CA-2011-117765,9/7/2013,9/13/2013,Standard Class,RB-19465,Rick Bensley,Home Office,United States,Tulsa,Oklahoma,74133,Central,OFF-ST-10003327,Office Supplies,Storage,Akro-Mils 12-Gallon Tote,19.86,2,0,5.7594
CA-2011-126193,9/7/2013,9/14/2013,Standard Class,SS-20410,Shahid Shariari,Consumer,United States,Oswego,Illinois,60543,Central,OFF-FA-10000936,Office Supplies,Fasteners,Acco Hot Clips Clips to Go,13.16,5,0.2,4.1125
CA-2011-126193,9/7/2013,9/14/2013,Standard Class,SS-20410,Shahid Shariari,Consumer,United States,Oswego,Illinois,60543,Central,OFF-BI-10001249,Office Supplies,Binders,Avery Heavy-Duty EZD View Binder with Locking Rings,3.828,3,0.8,-6.5076
CA-2011-126193,9/7/2013,9/14/2013,Standard Class,SS-20410,Shahid Shariari,Consumer,United States,Oswego,Illinois,60543,Central,OFF-BI-10004632,Office Supplies,Binders,Ibico Hi-Tech Manual Binding System,304.99,5,0.8,-533.7325
CA-2011-139892,9/8/2013,9/12/2013,Standard Class,BM-11140,Becky Martin,Consumer,United States,San Antonio,Texas,78207,Central,OFF-AR-10004441,Office Supplies,Art,BIC Brite Liner Highlighters,9.936,3,0.2,2.7324
CA-2011-139892,9/8/2013,9/12/2013,Standard Class,BM-11140,Becky Martin,Consumer,United States,San Antonio,Texas,78207,Central,TEC-MA-10000822,Technology,Machines,Lexmark MX611dhe Monochrome Laser Printer,8159.952,8,0.4,-1359.992
CA-2011-139892,9/8/2013,9/12/2013,Standard Class,BM-11140,Becky Martin,Consumer,United States,San Antonio,Texas,78207,Central,OFF-ST-10000991,Office Supplies,Storage,Space Solutions HD Industrial Steel Shelving.,275.928,3,0.2,-58.6347
CA-2011-139892,9/8/2013,9/12/2013,Standard Class,BM-11140,Becky Martin,Consumer,United States,San Antonio,Texas,78207,Central,FUR-CH-10004287,Furniture,Chairs,SAFCO Arco Folding Chair,1740.06,9,0.3,-24.858
CA-2011-139892,9/8/2013,9/12/2013,Standard Class,BM-11140,Becky Martin,Consumer,United States,San Antonio,Texas,78207,Central,OFF-AR-10002656,Office Supplies,Art,Sanford Liquid Accent Highlighters,32.064,6,0.2,6.8136
CA-2011-139892,9/8/2013,9/12/2013,Standard Class,BM-11140,Becky Martin,Consumer,United States,San Antonio,Texas,78207,Central,OFF-AP-10002518,Office Supplies,Appliances,Kensington 7 Outlet MasterPiece Power Center,177.98,5,0.8,-453.849
CA-2011-139892,9/8/2013,9/12/2013,Standard Class,BM-11140,Becky Martin,Consumer,United States,San Antonio,Texas,78207,Central,TEC-PH-10003931,Technology,Phones,JBL Micro Wireless Portable Bluetooth Speaker,143.976,3,0.2,8.9985
US-2011-115987,9/8/2013,9/13/2013,Second Class,LH-17020,Lisa Hazard,Consumer,United States,Tyler,Texas,75701,Central,OFF-BI-10001071,Office Supplies,Binders,GBC ProClick Punch Binding System,51.184,4,0.8,-79.3352
CA-2011-146283,9/8/2013,9/15/2013,Standard Class,KT-16465,Kean Takahito,Consumer,United States,Houston,Texas,77036,Central,OFF-PA-10002259,Office Supplies,Paper,"Geographics Note Cards, Blank, White, 8 1/2"" x 11""",17.904,2,0.2,6.2664
CA-2011-146283,9/8/2013,9/15/2013,Standard Class,KT-16465,Kean Takahito,Consumer,United States,Houston,Texas,77036,Central,FUR-CH-10004287,Furniture,Chairs,SAFCO Arco Folding Chair,966.7,5,0.3,-13.81
CA-2011-146283,9/8/2013,9/15/2013,Standard Class,KT-16465,Kean Takahito,Consumer,United States,Houston,Texas,77036,Central,OFF-PA-10000482,Office Supplies,Paper,"Snap-A-Way Black Print Carbonless Ruled Speed Letter, Triplicate",182.112,6,0.2,61.4628
CA-2011-144407,9/9/2013,9/15/2013,Standard Class,MS-17365,Maribeth Schnelling,Consumer,United States,Detroit,Michigan,48227,Central,OFF-LA-10003923,Office Supplies,Labels,Alphabetical Labels for Top Tab Filing,103.6,7,0,51.8
CA-2011-103527,9/9/2013,9/14/2013,Second Class,CC-12220,Chris Cortes,Consumer,United States,Chicago,Illinois,60653,Central,OFF-PA-10001622,Office Supplies,Paper,"Ampad Poly Cover Wirebound Steno Book, 6"" x 9"" Assorted Colors, Gregg Ruled",10.896,3,0.2,3.405
US-2011-150924,9/12/2013,9/16/2013,Second Class,PT-19090,Pete Takahito,Consumer,United States,Houston,Texas,77070,Central,OFF-BI-10004040,Office Supplies,Binders,Wilson Jones Impact Binders,5.18,5,0.8,-8.029
US-2011-119081,9/12/2013,9/19/2013,Standard Class,TA-21385,Tom Ashbrook,Home Office,United States,Olathe,Kansas,66062,Central,OFF-SU-10000157,Office Supplies,Supplies,Compact Automatic Electric Letter Opener,357.93,3,0,7.1586
US-2011-119081,9/12/2013,9/19/2013,Standard Class,TA-21385,Tom Ashbrook,Home Office,United States,Olathe,Kansas,66062,Central,TEC-AC-10001542,Technology,Accessories,SanDisk Cruzer 16 GB USB Flash Drive,57.4,5,0,10.906
US-2011-119081,9/12/2013,9/19/2013,Standard Class,TA-21385,Tom Ashbrook,Home Office,United States,Olathe,Kansas,66062,Central,OFF-BI-10004519,Office Supplies,Binders,GBC DocuBind P100 Manual Binding Machine,331.96,2,0,149.382
US-2011-119081,9/12/2013,9/19/2013,Standard Class,TA-21385,Tom Ashbrook,Home Office,United States,Olathe,Kansas,66062,Central,FUR-FU-10003464,Furniture,Furnishings,"Seth Thomas 8 1/2"" Cubicle Clock",40.56,2,0,12.9792
CA-2011-113859,9/13/2013,9/17/2013,Standard Class,BC-11125,Becky Castell,Home Office,United States,Odessa,Texas,79762,Central,FUR-CH-10004698,Furniture,Chairs,"Padded Folding Chairs, Black, 4/Carton",340.116,6,0.3,-9.7176
US-2011-100853,9/14/2013,9/19/2013,Standard Class,JB-15400,Jennifer Braxton,Corporate,United States,Chicago,Illinois,60623,Central,OFF-AP-10000891,Office Supplies,Appliances,Kensington 7 Outlet MasterPiece HOMEOFFICE Power Control Center,52.448,2,0.8,-131.12
US-2011-100853,9/14/2013,9/19/2013,Standard Class,JB-15400,Jennifer Braxton,Corporate,United States,Chicago,Illinois,60623,Central,OFF-LA-10003148,Office Supplies,Labels,Avery 51,20.16,4,0.2,6.552
US-2011-127635,9/14/2013,9/18/2013,Second Class,SC-20260,Scott Cohen,Corporate,United States,Corpus Christi,Texas,78415,Central,OFF-FA-10000053,Office Supplies,Fasteners,Revere Boxed Rubber Bands by Revere,6.048,4,0.2,-1.3608
US-2011-127635,9/14/2013,9/18/2013,Second Class,SC-20260,Scott Cohen,Corporate,United States,Corpus Christi,Texas,78415,Central,OFF-PA-10004610,Office Supplies,Paper,Xerox 1900,6.848,2,0.2,2.14
US-2011-127635,9/14/2013,9/18/2013,Second Class,SC-20260,Scott Cohen,Corporate,United States,Corpus Christi,Texas,78415,Central,FUR-FU-10000550,Furniture,Furnishings,Stacking Trays by OIC,9.96,5,0.6,-6.723
US-2011-127635,9/14/2013,9/18/2013,Second Class,SC-20260,Scott Cohen,Corporate,United States,Corpus Christi,Texas,78415,Central,OFF-BI-10001721,Office Supplies,Binders,Trimflex Flexible Post Binders,8.552,2,0.8,-13.6832
US-2011-106992,9/19/2013,9/21/2013,Second Class,SB-20290,Sean Braxton,Corporate,United States,Houston,Texas,77036,Central,TEC-MA-10000822,Technology,Machines,Lexmark MX611dhe Monochrome Laser Printer,3059.982,3,0.4,-509.997
US-2011-106992,9/19/2013,9/21/2013,Second Class,SB-20290,Sean Braxton,Corporate,United States,Houston,Texas,77036,Central,TEC-MA-10003353,Technology,Machines,Xerox WorkCentre 6505DN Laser Multifunction Printer,2519.958,7,0.4,-251.9958
US-2011-134614,9/20/2013,9/25/2013,Standard Class,PF-19165,Philip Fox,Consumer,United States,Bloomington,Illinois,61701,Central,FUR-TA-10004534,Furniture,Tables,Bevis 44 x 96 Conference Tables,617.7,6,0.5,-407.682
CA-2011-120411,9/20/2013,9/23/2013,First Class,SB-20185,Sarah Brown,Consumer,United States,Chicago,Illinois,60653,Central,FUR-BO-10004218,Furniture,Bookcases,"Bush Heritage Pine Collection 5-Shelf Bookcase, Albany Pine Finish, *Special Order",493.43,5,0.3,-70.49
CA-2011-120411,9/20/2013,9/23/2013,First Class,SB-20185,Sarah Brown,Consumer,United States,Chicago,Illinois,60653,Central,TEC-PH-10002185,Technology,Phones,QVS USB Car Charger 2-Port 2.1Amp for iPod/iPhone/iPad/iPad 2/iPad 3,11.12,2,0.2,3.475
CA-2011-125514,9/21/2013,9/22/2013,First Class,BM-11650,Brian Moss,Corporate,United States,Omaha,Nebraska,68104,Central,OFF-AP-10000358,Office Supplies,Appliances,Fellowes Basic Home/Office Series Surge Protectors,25.96,2,0,7.5284
CA-2011-125514,9/21/2013,9/22/2013,First Class,BM-11650,Brian Moss,Corporate,United States,Omaha,Nebraska,68104,Central,OFF-AP-10003281,Office Supplies,Appliances,Acco 6 Outlet Guardian Standard Surge Suppressor,36.27,3,0,10.881
CA-2011-125514,9/21/2013,9/22/2013,First Class,BM-11650,Brian Moss,Corporate,United States,Omaha,Nebraska,68104,Central,OFF-PA-10000029,Office Supplies,Paper,Xerox 224,6.48,1,0,3.1104
US-2011-166310,9/21/2013,9/23/2013,First Class,JS-15940,Joni Sundaresam,Home Office,United States,Garland,Texas,75043,Central,FUR-FU-10001546,Furniture,Furnishings,Dana Swing-Arm Lamps,8.544,2,0.6,-7.476
CA-2011-103191,9/22/2013,9/27/2013,Standard Class,VG-21805,Vivek Grady,Corporate,United States,Chicago,Illinois,60653,Central,OFF-ST-10002574,Office Supplies,Storage,"SAFCO Commercial Wire Shelving, Black",331.536,3,0.2,-82.884
CA-2011-116904,9/23/2013,9/28/2013,Standard Class,SC-20095,Sanjit Chand,Consumer,United States,Minneapolis,Minnesota,55407,Central,OFF-PA-10004888,Office Supplies,Paper,Xerox 217,32.4,5,0,15.552
CA-2011-116904,9/23/2013,9/28/2013,Standard Class,SC-20095,Sanjit Chand,Consumer,United States,Minneapolis,Minnesota,55407,Central,OFF-ST-10000736,Office Supplies,Storage,Carina Double Wide Media Storage Towers in Natural & Black,404.9,5,0,16.196
CA-2011-116904,9/23/2013,9/28/2013,Standard Class,SC-20095,Sanjit Chand,Consumer,United States,Minneapolis,Minnesota,55407,Central,OFF-BI-10001120,Office Supplies,Binders,Ibico EPK-21 Electric Binding System,9449.95,5,0,4630.4755
CA-2011-116904,9/23/2013,9/28/2013,Standard Class,SC-20095,Sanjit Chand,Consumer,United States,Minneapolis,Minnesota,55407,Central,OFF-BI-10000301,Office Supplies,Binders,GBC Instant Report Kit,12.94,2,0,6.47
US-2011-112914,9/25/2013,9/30/2013,Standard Class,MT-18070,Michelle Tran,Home Office,United States,Houston,Texas,77041,Central,OFF-PA-10003270,Office Supplies,Paper,Xerox 1954,33.792,8,0.2,10.56
US-2011-112914,9/25/2013,9/30/2013,Standard Class,MT-18070,Michelle Tran,Home Office,United States,Houston,Texas,77041,Central,FUR-BO-10003272,Furniture,Bookcases,O'Sullivan Living Dimensions 5-Shelf Bookcases,300.5328,2,0.32,-97.2312
US-2011-112914,9/25/2013,9/30/2013,Standard Class,MT-18070,Michelle Tran,Home Office,United States,Houston,Texas,77041,Central,OFF-BI-10002982,Office Supplies,Binders,Avery Self-Adhesive Photo Pockets for Polaroid Photos,2.724,2,0.8,-4.3584
US-2011-112914,9/25/2013,9/30/2013,Standard Class,MT-18070,Michelle Tran,Home Office,United States,Houston,Texas,77041,Central,OFF-EN-10001509,Office Supplies,Envelopes,Poly String Tie Envelopes,3.264,2,0.2,1.1016
US-2011-152723,9/26/2013,9/26/2013,Same Day,HG-14965,Henry Goldwyn,Corporate,United States,Mesquite,Texas,75150,Central,OFF-BI-10003460,Office Supplies,Binders,Acco 3-Hole Punch,0.876,1,0.8,-1.4016
CA-2011-115049,9/26/2013,10/1/2013,Standard Class,MM-17920,Michael Moore,Consumer,United States,Chicago,Illinois,60623,Central,TEC-AC-10004859,Technology,Accessories,"Maxell Pro 80 Minute CD-R, 10/Pack",153.824,11,0.2,38.456
CA-2011-153976,10/3/2013,10/8/2013,Second Class,BP-11290,Beth Paige,Consumer,United States,Evanston,Illinois,60201,Central,FUR-CH-10002880,Furniture,Chairs,"Global High-Back Leather Tilter, Burgundy",258.279,3,0.3,-70.1043
CA-2011-120775,10/3/2013,10/7/2013,Standard Class,RD-19930,Russell D'Ascenzo,Consumer,United States,Dallas,Texas,75217,Central,OFF-FA-10002676,Office Supplies,Fasteners,Colored Push Pins,4.344,3,0.2,0.8688
CA-2011-120775,10/3/2013,10/7/2013,Standard Class,RD-19930,Russell D'Ascenzo,Consumer,United States,Dallas,Texas,75217,Central,FUR-FU-10000758,Furniture,Furnishings,DAX Natural Wood-Tone Poster Frame,31.776,3,0.6,-19.0656
CA-2011-120775,10/3/2013,10/7/2013,Standard Class,RD-19930,Russell D'Ascenzo,Consumer,United States,Dallas,Texas,75217,Central,OFF-LA-10002271,Office Supplies,Labels,Smead Alpha-Z Color-Coded Second Alphabetical Labels and Starter Set,4.928,2,0.2,1.7248
CA-2011-120775,10/3/2013,10/7/2013,Standard Class,RD-19930,Russell D'Ascenzo,Consumer,United States,Dallas,Texas,75217,Central,OFF-BI-10002609,Office Supplies,Binders,Avery Hidden Tab Dividers for Binding Systems,1.788,3,0.8,-3.0396
CA-2011-120775,10/3/2013,10/7/2013,Standard Class,RD-19930,Russell D'Ascenzo,Consumer,United States,Dallas,Texas,75217,Central,OFF-FA-10000254,Office Supplies,Fasteners,Sterling Rubber Bands by Alliance,15.072,4,0.2,-3.768
CA-2011-132542,10/6/2013,10/8/2013,Second Class,AM-10360,Alice McCarthy,Corporate,United States,Omaha,Nebraska,68104,Central,OFF-BI-10004099,Office Supplies,Binders,GBC VeloBinder Strips,15.36,2,0,7.68
CA-2011-109680,10/6/2013,10/9/2013,First Class,VP-21760,Victoria Pisteka,Corporate,United States,Indianapolis,Indiana,46203,Central,OFF-ST-10001932,Office Supplies,Storage,Fellowes Staxonsteel Drawer Files,386.34,2,0,54.0876
CA-2011-132801,10/7/2013,10/12/2013,Standard Class,JG-15805,John Grady,Corporate,United States,Dallas,Texas,75217,Central,OFF-ST-10001228,Office Supplies,Storage,"Fellowes Personal Hanging Folder Files, Navy",107.44,10,0.2,10.744
CA-2011-103492,10/10/2013,10/15/2013,Standard Class,CM-12715,Craig Molinari,Corporate,United States,Huntsville,Texas,77340,Central,TEC-PH-10001128,Technology,Phones,Motorola Droid Maxx,719.952,6,0.2,71.9952
CA-2011-103492,10/10/2013,10/15/2013,Standard Class,CM-12715,Craig Molinari,Corporate,United States,Huntsville,Texas,77340,Central,TEC-PH-10004667,Technology,Phones,Cisco 8x8 Inc. 6753i IP Business Phone System,755.944,7,0.2,66.1451
CA-2011-103492,10/10/2013,10/15/2013,Standard Class,CM-12715,Craig Molinari,Corporate,United States,Huntsville,Texas,77340,Central,OFF-BI-10004817,Office Supplies,Binders,GBC Personal VeloBind Strips,11.98,5,0.8,-19.168
CA-2011-103492,10/10/2013,10/15/2013,Standard Class,CM-12715,Craig Molinari,Corporate,United States,Huntsville,Texas,77340,Central,OFF-BI-10004140,Office Supplies,Binders,Avery Non-Stick Binders,0.898,1,0.8,-1.5715
US-2011-154655,10/12/2013,10/17/2013,Standard Class,BP-11050,Barry Pond,Corporate,United States,Chicago,Illinois,60623,Central,OFF-SU-10000898,Office Supplies,Supplies,"Acme Hot Forged Carbon Steel Scissors with Nickel-Plated Handles, 3 7/8"" Cut, 8""L",22.24,2,0.2,2.502
CA-2011-163748,10/14/2013,10/18/2013,Standard Class,HG-15025,Hunter Glantz,Consumer,United States,Fort Worth,Texas,76106,Central,OFF-AP-10004052,Office Supplies,Appliances,"Hoover Replacement Belts For Soft Guard & Commercial Ltweight Upright Vacs, 2/Pk",3.16,4,0.8,-8.532
CA-2011-163748,10/14/2013,10/18/2013,Standard Class,HG-15025,Hunter Glantz,Consumer,United States,Fort Worth,Texas,76106,Central,TEC-CO-10002095,Technology,Copiers,Hewlett Packard 610 Color Digital Copier / Printer,1999.96,5,0.2,624.9875
US-2011-151015,10/14/2013,10/20/2013,Standard Class,BD-11500,Bradley Drucker,Consumer,United States,Chicago,Illinois,60653,Central,OFF-PA-10002581,Office Supplies,Paper,Xerox 1951,322.192,13,0.2,100.685
US-2011-151015,10/14/2013,10/20/2013,Standard Class,BD-11500,Bradley Drucker,Consumer,United States,Chicago,Illinois,60653,Central,OFF-BI-10000343,Office Supplies,Binders,"Pressboard Covers with Storage Hooks, 9 1/2"" x 11"", Light Blue",2.946,3,0.8,-4.8609
US-2011-151015,10/14/2013,10/20/2013,Standard Class,BD-11500,Bradley Drucker,Consumer,United States,Chicago,Illinois,60653,Central,OFF-PA-10001184,Office Supplies,Paper,Xerox 1903,19.136,4,0.2,6.9368
CA-2011-124394,10/17/2013,10/22/2013,Second Class,TB-21520,Tracy Blumstein,Consumer,United States,Beaumont,Texas,77705,Central,OFF-BI-10003676,Office Supplies,Binders,"GBC Standard Recycled Report Covers, Clear Plastic Sheets",10.78,5,0.8,-17.248
CA-2011-124394,10/17/2013,10/22/2013,Second Class,TB-21520,Tracy Blumstein,Consumer,United States,Beaumont,Texas,77705,Central,TEC-AC-10001314,Technology,Accessories,Case Logic 2.4GHz Wireless Keyboard,119.976,3,0.2,-17.9964
CA-2011-103086,10/17/2013,10/19/2013,Second Class,EB-14170,Evan Bailliet,Consumer,United States,Houston,Texas,77095,Central,FUR-FU-10004586,Furniture,Furnishings,G.E. Longer-Life Indoor Recessed Floodlight Bulbs,5.312,2,0.6,-1.5936
CA-2011-146703,10/20/2013,10/25/2013,Second Class,PO-18865,Patrick O'Donnell,Consumer,United States,Westland,Michigan,48185,Central,OFF-ST-10001713,Office Supplies,Storage,"Gould Plastics 9-Pocket Panel Bin, 18-3/8w x 5-1/4d x 20-1/2h, Black",211.96,4,0,8.4784
CA-2011-137092,10/20/2013,10/22/2013,Second Class,LS-16975,Lindsay Shagiari,Home Office,United States,Chicago,Illinois,60653,Central,TEC-AC-10001606,Technology,Accessories,Logitech Wireless Performance Mouse MX for PC and Mac,319.968,4,0.2,71.9928
CA-2011-137092,10/20/2013,10/22/2013,Second Class,LS-16975,Lindsay Shagiari,Home Office,United States,Chicago,Illinois,60653,Central,OFF-ST-10003805,Office Supplies,Storage,"24 Capacity Maxi Data Binder Racks, Pearl",505.32,3,0.2,31.5825
CA-2011-137092,10/20/2013,10/22/2013,Second Class,LS-16975,Lindsay Shagiari,Home Office,United States,Chicago,Illinois,60653,Central,OFF-PA-10002109,Office Supplies,Paper,Wirebound Voice Message Log Book,3.808,1,0.2,1.2376
CA-2011-137092,10/20/2013,10/22/2013,Second Class,LS-16975,Lindsay Shagiari,Home Office,United States,Chicago,Illinois,60653,Central,OFF-BI-10000632,Office Supplies,Binders,Satellite Sectional Post Binders,8.682,1,0.8,-14.7594
CA-2011-137092,10/20/2013,10/22/2013,Second Class,LS-16975,Lindsay Shagiari,Home Office,United States,Chicago,Illinois,60653,Central,OFF-LA-10003510,Office Supplies,Labels,"Avery 4027 File Folder Labels for Dot Matrix Printers, 5000 Labels per Box, White",24.424,1,0.2,7.9378
CA-2011-107769,10/28/2013,11/1/2013,Standard Class,BT-11395,Bill Tyler,Corporate,United States,Garden City,Kansas,67846,Central,TEC-PH-10001336,Technology,Phones,Digium D40 VoIP phone,257.98,2,0,74.8142
CA-2011-154627,10/29/2013,10/31/2013,First Class,SA-20830,Sue Ann Reed,Consumer,United States,Chicago,Illinois,60610,Central,TEC-PH-10001363,Technology,Phones,Apple iPhone 5S,2735.952,6,0.2,341.994
CA-2011-166590,10/29/2013,11/2/2013,Standard Class,NC-18625,Noah Childs,Corporate,United States,Columbus,Indiana,47201,Central,TEC-AC-10003433,Technology,Accessories,Maxell 4.7GB DVD+R 5/Pack,1.98,2,0,0.891
CA-2011-166590,10/29/2013,11/2/2013,Standard Class,NC-18625,Noah Childs,Corporate,United States,Columbus,Indiana,47201,Central,OFF-PA-10000482,Office Supplies,Paper,"Snap-A-Way Black Print Carbonless Ruled Speed Letter, Triplicate",75.88,2,0,35.6636
CA-2011-126907,11/1/2013,11/8/2013,Standard Class,SM-20950,Suzanne McNair,Corporate,United States,Chicago,Illinois,60610,Central,OFF-PA-10000533,Office Supplies,Paper,Southworth Parchment Paper & Envelopes,15.696,3,0.2,5.1012
CA-2011-148782,11/2/2013,11/7/2013,Standard Class,PO-18850,Patrick O'Brill,Consumer,United States,Irving,Texas,75061,Central,TEC-PH-10002923,Technology,Phones,"Logitech B530 USB Headset - headset - Full size, Binaural",88.776,3,0.2,7.7679
US-2011-124625,11/3/2013,11/7/2013,Standard Class,SP-20650,Stephanie Phelps,Corporate,United States,Omaha,Nebraska,68104,Central,TEC-AC-10003280,Technology,Accessories,Belkin F8E887 USB Wired Ergonomic Keyboard,89.97,3,0,18.8937
CA-2011-123498,11/7/2013,11/9/2013,First Class,TC-20980,Tamara Chand,Corporate,United States,Houston,Texas,77041,Central,OFF-BI-10000632,Office Supplies,Binders,Satellite Sectional Post Binders,26.046,3,0.8,-44.2782
CA-2011-123498,11/7/2013,11/9/2013,First Class,TC-20980,Tamara Chand,Corporate,United States,Houston,Texas,77041,Central,OFF-EN-10004773,Office Supplies,Envelopes,Staple envelope,74.352,3,0.2,26.9526
CA-2011-159310,11/7/2013,11/12/2013,Standard Class,SC-20725,Steven Cartwright,Consumer,United States,Houston,Texas,77070,Central,FUR-CH-10002758,Furniture,Chairs,"Hon Deluxe Fabric Upholstered Stacking Chairs, Squared Back",683.144,4,0.3,0
CA-2011-159310,11/7/2013,11/12/2013,Standard Class,SC-20725,Steven Cartwright,Consumer,United States,Houston,Texas,77070,Central,OFF-BI-10000201,Office Supplies,Binders,"Avery Triangle Shaped Sheet Lifters, Black, 2/Pack",1.476,3,0.8,-2.214
CA-2011-159310,11/7/2013,11/12/2013,Standard Class,SC-20725,Steven Cartwright,Consumer,United States,Houston,Texas,77070,Central,OFF-SU-10004115,Office Supplies,Supplies,Acme Stainless Steel Office Snips,40.712,7,0.2,3.5623
CA-2011-120278,11/7/2013,11/12/2013,Standard Class,MS-17365,Maribeth Schnelling,Consumer,United States,Wausau,Wisconsin,54401,Central,OFF-AP-10001293,Office Supplies,Appliances,Belkin 8 Outlet Surge Protector,245.88,6,0,68.8464
CA-2011-120278,11/7/2013,11/12/2013,Standard Class,MS-17365,Maribeth Schnelling,Consumer,United States,Wausau,Wisconsin,54401,Central,OFF-ST-10004258,Office Supplies,Storage,Portable Personal File Box,36.63,3,0,9.8901
CA-2011-120278,11/7/2013,11/12/2013,Standard Class,MS-17365,Maribeth Schnelling,Consumer,United States,Wausau,Wisconsin,54401,Central,OFF-ST-10002214,Office Supplies,Storage,X-Rack File for Hanging Folders,22.58,2,0,5.8708
CA-2011-120278,11/7/2013,11/12/2013,Standard Class,MS-17365,Maribeth Schnelling,Consumer,United States,Wausau,Wisconsin,54401,Central,OFF-BI-10004970,Office Supplies,Binders,"ACCOHIDE 3-Ring Binder, Blue, 1""",12.39,3,0,5.8233
CA-2011-121006,11/10/2013,11/16/2013,Standard Class,SC-20020,Sam Craven,Consumer,United States,Midland,Michigan,48640,Central,OFF-AR-10001149,Office Supplies,Art,"Avery Hi-Liter Comfort Grip Fluorescent Highlighter, Yellow Ink",3.9,2,0,1.521
CA-2011-121006,11/10/2013,11/16/2013,Standard Class,SC-20020,Sam Craven,Consumer,United States,Midland,Michigan,48640,Central,OFF-PA-10000130,Office Supplies,Paper,Xerox 199,12.84,3,0,5.778
CA-2011-121006,11/10/2013,11/16/2013,Standard Class,SC-20020,Sam Craven,Consumer,United States,Midland,Michigan,48640,Central,OFF-PA-10002479,Office Supplies,Paper,Xerox 4200 Series MultiUse Premium Copy Paper (20Lb. and 84 Bright),15.84,3,0,7.128
CA-2011-121006,11/10/2013,11/16/2013,Standard Class,SC-20020,Sam Craven,Consumer,United States,Midland,Michigan,48640,Central,FUR-CH-10004997,Furniture,Chairs,Hon Every-Day Series Multi-Task Chairs,563.94,3,0,112.788
CA-2011-121006,11/10/2013,11/16/2013,Standard Class,SC-20020,Sam Craven,Consumer,United States,Midland,Michigan,48640,Central,OFF-ST-10004950,Office Supplies,Storage,Acco Perma 3000 Stacking Storage Drawers,62.94,3,0,11.9586
CA-2011-121006,11/10/2013,11/16/2013,Standard Class,SC-20020,Sam Craven,Consumer,United States,Midland,Michigan,48640,Central,OFF-ST-10001490,Office Supplies,Storage,"Hot File 7-Pocket, Floor Stand",535.41,3,0,160.623
CA-2011-105893,11/11/2013,11/18/2013,Standard Class,PK-19075,Pete Kriz,Consumer,United States,Madison,Wisconsin,53711,Central,OFF-ST-10004186,Office Supplies,Storage,"Stur-D-Stor Shelving, Vertical 5-Shelf: 72""H x 36""W x 18 1/2""D",665.88,6,0,13.3176
CA-2011-165309,11/11/2013,11/15/2013,Standard Class,KD-16270,Karen Daniels,Consumer,United States,Houston,Texas,77095,Central,OFF-BI-10001359,Office Supplies,Binders,GBC DocuBind TL300 Electric Binding System,896.99,5,0.8,-1480.0335
CA-2011-165309,11/11/2013,11/15/2013,Standard Class,KD-16270,Karen Daniels,Consumer,United States,Houston,Texas,77095,Central,OFF-BI-10001267,Office Supplies,Binders,"Universal Recycled Hanging Pressboard Report Binders, Letter Size",1.234,1,0.8,-1.9744
CA-2011-165309,11/11/2013,11/15/2013,Standard Class,KD-16270,Karen Daniels,Consumer,United States,Houston,Texas,77095,Central,OFF-AR-10003582,Office Supplies,Art,"Boston Electric Pencil Sharpener, Model 1818, Charcoal Black",67.56,3,0.2,6.756
CA-2011-165309,11/11/2013,11/15/2013,Standard Class,KD-16270,Karen Daniels,Consumer,United States,Houston,Texas,77095,Central,OFF-PA-10003724,Office Supplies,Paper,"Wirebound Message Book, 4 per Page",21.72,5,0.2,7.8735
CA-2011-165309,11/11/2013,11/15/2013,Standard Class,KD-16270,Karen Daniels,Consumer,United States,Houston,Texas,77095,Central,OFF-PA-10001033,Office Supplies,Paper,Xerox 1893,262.336,8,0.2,95.0968
CA-2011-165309,11/11/2013,11/15/2013,Standard Class,KD-16270,Karen Daniels,Consumer,United States,Houston,Texas,77095,Central,TEC-PH-10003505,Technology,Phones,Geemarc AmpliPOWER60,148.48,2,0.2,16.704
CA-2011-165309,11/11/2013,11/15/2013,Standard Class,KD-16270,Karen Daniels,Consumer,United States,Houston,Texas,77095,Central,TEC-PH-10004959,Technology,Phones,Classic Ivory Antique Telephone ZL1810,241.176,3,0.2,15.0735
US-2011-140914,11/11/2013,11/15/2013,Standard Class,BH-11710,Brosina Hoffman,Consumer,United States,Chicago,Illinois,60653,Central,FUR-FU-10000175,Furniture,Furnishings,DAX Wood Document Frame.,10.984,2,0.6,-7.9634
US-2011-140914,11/11/2013,11/15/2013,Standard Class,BH-11710,Brosina Hoffman,Consumer,United States,Chicago,Illinois,60653,Central,FUR-CH-10003379,Furniture,Chairs,Global Commerce Series High-Back Swivel/Tilt Chairs,797.944,4,0.3,-56.996
CA-2011-151078,11/12/2013,11/12/2013,Same Day,RF-19840,Roy Französisch,Consumer,United States,San Antonio,Texas,78207,Central,OFF-ST-10001328,Office Supplies,Storage,"Personal Filing Tote with Lid, Black/Gray",49.632,4,0.2,4.9632
US-2011-159618,11/12/2013,11/16/2013,Standard Class,DB-12970,Darren Budd,Corporate,United States,Houston,Texas,77036,Central,OFF-AR-10003183,Office Supplies,Art,Avery Fluorescent Highlighter Four-Color Set,2.672,1,0.2,0.334
US-2011-159618,11/12/2013,11/16/2013,Standard Class,DB-12970,Darren Budd,Corporate,United States,Houston,Texas,77036,Central,OFF-SU-10000432,Office Supplies,Supplies,Acco Side-Punched Conventional Columnar Pads,16.656,6,0.2,-3.123
US-2011-159618,11/12/2013,11/16/2013,Standard Class,DB-12970,Darren Budd,Corporate,United States,Houston,Texas,77036,Central,TEC-AC-10003832,Technology,Accessories,Imation 16GB Mini TravelDrive USB 2.0 Flash Drive,79.512,3,0.2,20.8719
US-2011-159618,11/12/2013,11/16/2013,Standard Class,DB-12970,Darren Budd,Corporate,United States,Houston,Texas,77036,Central,OFF-PA-10004100,Office Supplies,Paper,Xerox 216,36.288,7,0.2,12.7008
US-2011-159618,11/12/2013,11/16/2013,Standard Class,DB-12970,Darren Budd,Corporate,United States,Houston,Texas,77036,Central,FUR-BO-10004467,Furniture,Bookcases,Bestar Classic Bookcase,67.9932,1,0.32,-12.9987
CA-2011-122609,11/12/2013,11/18/2013,Standard Class,DP-13000,Darren Powers,Consumer,United States,Carrollton,Texas,75007,Central,FUR-FU-10004587,Furniture,Furnishings,"GE General Use Halogen Bulbs, 100 Watts, 1 Bulb per Pack",25.128,3,0.6,-6.9102
CA-2011-122609,11/12/2013,11/18/2013,Standard Class,DP-13000,Darren Powers,Consumer,United States,Carrollton,Texas,75007,Central,TEC-AC-10002567,Technology,Accessories,Logitech G602 Wireless Gaming Mouse,127.984,2,0.2,25.5968
CA-2011-162362,11/14/2013,11/18/2013,Standard Class,JL-15505,Jeremy Lonsdale,Consumer,United States,Midland,Michigan,48640,Central,OFF-BI-10000756,Office Supplies,Binders,Storex DuraTech Recycled Plastic Frosted Binders,12.72,3,0,6.36
CA-2011-162362,11/14/2013,11/18/2013,Standard Class,JL-15505,Jeremy Lonsdale,Consumer,United States,Midland,Michigan,48640,Central,OFF-BI-10000546,Office Supplies,Binders,Avery Durable Binders,11.52,4,0,5.6448
CA-2011-151554,11/14/2013,11/15/2013,First Class,CM-11815,Candace McMahon,Corporate,United States,Pasadena,Texas,77506,Central,OFF-PA-10004609,Office Supplies,Paper,Xerox 221,20.736,4,0.2,7.2576
CA-2011-128888,11/15/2013,11/22/2013,Standard Class,PB-19105,Peter Bühler,Consumer,United States,Houston,Texas,77095,Central,OFF-EN-10003001,Office Supplies,Envelopes,Ames Color-File Green Diamond Border X-ray Mailers,604.656,9,0.2,204.0714
CA-2011-149643,11/16/2013,11/20/2013,Standard Class,RH-19510,Rick Huthwaite,Home Office,United States,Manhattan,Kansas,66502,Central,TEC-PH-10000038,Technology,Phones,Jawbone MINI JAMBOX Wireless Bluetooth Speaker,273.96,2,0,10.9584
US-2011-147704,11/16/2013,11/21/2013,Standard Class,SR-20740,Steven Roelle,Home Office,United States,Bloomington,Indiana,47401,Central,OFF-EN-10004483,Office Supplies,Envelopes,"#10 White Business Envelopes,4 1/8 x 9 1/2",78.35,5,0,36.8245
US-2011-147704,11/16/2013,11/21/2013,Standard Class,SR-20740,Steven Roelle,Home Office,United States,Bloomington,Indiana,47401,Central,OFF-PA-10003270,Office Supplies,Paper,Xerox 1954,31.68,6,0,14.256
US-2011-147704,11/16/2013,11/21/2013,Standard Class,SR-20740,Steven Roelle,Home Office,United States,Bloomington,Indiana,47401,Central,OFF-BI-10001634,Office Supplies,Binders,Wilson Jones Active Use Binders,29.12,4,0,14.2688
US-2011-147704,11/16/2013,11/21/2013,Standard Class,SR-20740,Steven Roelle,Home Office,United States,Bloomington,Indiana,47401,Central,OFF-ST-10000675,Office Supplies,Storage,"File Shuttle II and Handi-File, Black",169.45,5,0,42.3625
US-2011-139500,11/16/2013,11/20/2013,Standard Class,AB-10165,Alan Barnes,Consumer,United States,Decatur,Illinois,62521,Central,FUR-CH-10002017,Furniture,Chairs,SAFCO Optional Arm Kit for Workspace Cribbage Stacking Chair,37.296,2,0.3,-1.0656
CA-2011-145926,11/17/2013,11/21/2013,Standard Class,MP-17470,Mark Packer,Home Office,United States,Moorhead,Minnesota,56560,Central,FUR-CH-10004289,Furniture,Chairs,Global Super Steno Chair,479.9,5,0,81.583
CA-2011-130869,11/17/2013,11/21/2013,Standard Class,CB-12025,Cassandra Brandow,Consumer,United States,Cedar Hill,Texas,75104,Central,OFF-EN-10002600,Office Supplies,Envelopes,"Redi-Strip #10 Envelopes, 4 1/8 x 9 1/2",7.08,3,0.2,2.478
CA-2011-115336,11/18/2013,11/25/2013,Standard Class,AB-10600,Ann Blume,Corporate,United States,Chicago,Illinois,60623,Central,OFF-BI-10001107,Office Supplies,Binders,"GBC White Gloss Covers, Plain Front",14.48,5,0.8,-23.892
CA-2011-163468,11/18/2013,11/21/2013,First Class,JK-15730,Joe Kamberova,Consumer,United States,Des Plaines,Illinois,60016,Central,FUR-TA-10002533,Furniture,Tables,BPI Conference Tables,292.1,4,0.5,-175.26
CA-2011-163468,11/18/2013,11/21/2013,First Class,JK-15730,Joe Kamberova,Consumer,United States,Des Plaines,Illinois,60016,Central,FUR-FU-10001546,Furniture,Furnishings,Dana Swing-Arm Lamps,8.544,2,0.6,-7.476
CA-2011-163468,11/18/2013,11/21/2013,First Class,JK-15730,Joe Kamberova,Consumer,United States,Des Plaines,Illinois,60016,Central,FUR-BO-10003546,Furniture,Bookcases,Hon 4-Shelf Metal Bookcases,424.116,6,0.3,-30.294
CA-2011-163468,11/18/2013,11/21/2013,First Class,JK-15730,Joe Kamberova,Consumer,United States,Des Plaines,Illinois,60016,Central,OFF-BI-10004728,Office Supplies,Binders,Wilson Jones Turn Tabs Binder Tool for Ring Binders,2.892,3,0.8,-4.9164
CA-2011-163468,11/18/2013,11/21/2013,First Class,JK-15730,Joe Kamberova,Consumer,United States,Des Plaines,Illinois,60016,Central,OFF-ST-10000025,Office Supplies,Storage,Fellowes Stor/Drawer Steel Plus Storage Drawers,381.72,5,0.2,-66.801
CA-2011-141173,11/18/2013,11/20/2013,Second Class,JC-16105,Julie Creighton,Corporate,United States,Minneapolis,Minnesota,55407,Central,OFF-ST-10000885,Office Supplies,Storage,Fellowes Desktop Hanging File Manager,67.15,5,0,16.7875
CA-2011-161032,11/18/2013,11/23/2013,Standard Class,MK-17905,Michael Kennedy,Corporate,United States,Franklin,Wisconsin,53132,Central,FUR-CH-10001482,Furniture,Chairs,Office Star - Mesh Screen back chair with Vinyl seat,392.94,3,0,43.2234
CA-2011-150518,11/19/2013,11/24/2013,Standard Class,MW-18220,Mitch Webber,Consumer,United States,Coon Rapids,Minnesota,55433,Central,OFF-ST-10000877,Office Supplies,Storage,Recycled Steel Personal File for Standard File Folders,221.16,4,0,57.5016
CA-2011-150518,11/19/2013,11/24/2013,Standard Class,MW-18220,Mitch Webber,Consumer,United States,Coon Rapids,Minnesota,55433,Central,TEC-PH-10002103,Technology,Phones,Jabra SPEAK 410,281.97,3,0,78.9516
US-2011-168501,11/21/2013,11/27/2013,Standard Class,JK-15325,Jason Klamczynski,Corporate,United States,Dallas,Texas,75220,Central,OFF-EN-10001509,Office Supplies,Envelopes,Poly String Tie Envelopes,1.632,1,0.2,0.5508
US-2011-168501,11/21/2013,11/27/2013,Standard Class,JK-15325,Jason Klamczynski,Corporate,United States,Dallas,Texas,75220,Central,TEC-PH-10004922,Technology,Phones,RCA Visys Integrated PBX 8-Line Router,267.96,5,0.2,16.7475
CA-2011-105340,11/22/2013,11/25/2013,First Class,EH-14185,Evan Henry,Consumer,United States,Pasadena,Texas,77506,Central,OFF-BI-10001765,Office Supplies,Binders,Wilson Jones Heavy-Duty Casebound Ring Binders with Metal Hinges,6.928,1,0.8,-11.0848
US-2011-112200,11/22/2013,11/28/2013,Standard Class,TC-21475,Tony Chapman,Home Office,United States,Bolingbrook,Illinois,60440,Central,OFF-BI-10002571,Office Supplies,Binders,"Avery Framed View Binder, EZD Ring (Locking), Navy, 1 1/2""",9.98,5,0.8,-16.467
CA-2011-110352,11/23/2013,11/29/2013,Standard Class,ED-13885,Emily Ducich,Home Office,United States,Houston,Texas,77036,Central,OFF-LA-10003923,Office Supplies,Labels,Alphabetical Labels for Top Tab Filing,23.68,2,0.2,8.88
CA-2011-120544,11/23/2013,11/27/2013,Standard Class,SS-20140,Saphhira Shifley,Corporate,United States,Mesquite,Texas,75150,Central,FUR-FU-10001940,Furniture,Furnishings,Staple-based wall hangings,6.368,2,0.6,-2.5472
CA-2011-120544,11/23/2013,11/27/2013,Standard Class,SS-20140,Saphhira Shifley,Corporate,United States,Mesquite,Texas,75150,Central,OFF-AP-10004336,Office Supplies,Appliances,"Conquest 14 Commercial Heavy-Duty Upright Vacuum, Collection System, Accessory Kit",34.176,3,0.8,-87.1488
CA-2011-120544,11/23/2013,11/27/2013,Standard Class,SS-20140,Saphhira Shifley,Corporate,United States,Mesquite,Texas,75150,Central,TEC-AC-10003709,Technology,Accessories,Maxell 4.7GB DVD-R 5/Pack,5.544,7,0.2,1.6632
US-2011-143721,11/23/2013,11/26/2013,Second Class,DK-12835,Damala Kotsonis,Corporate,United States,Houston,Texas,77095,Central,FUR-CH-10001973,Furniture,Chairs,Office Star Flex Back Scooter Chair with White Frame,155.372,2,0.3,-35.5136
CA-2011-139283,11/23/2013,11/27/2013,Standard Class,BT-11440,Bobby Trafton,Consumer,United States,Detroit,Michigan,48227,Central,OFF-BI-10002049,Office Supplies,Binders,UniKeep View Case Binders,14.67,3,0,6.7482
CA-2011-167360,11/24/2013,11/29/2013,Second Class,RB-19435,Richard Bierner,Consumer,United States,Saint Louis,Missouri,63116,Central,TEC-AC-10001772,Technology,Accessories,Memorex Mini Travel Drive 16 GB USB 2.0 Flash Drive,111.79,7,0,43.5981
CA-2011-163034,11/24/2013,11/28/2013,Standard Class,DK-12985,Darren Koutras,Consumer,United States,Chicago,Illinois,60610,Central,OFF-ST-10000046,Office Supplies,Storage,Fellowes Super Stor/Drawer Files,646.2,5,0.2,-8.0775
CA-2011-100762,11/24/2013,11/29/2013,Standard Class,NG-18355,Nat Gilpin,Corporate,United States,Jackson,Michigan,49201,Central,OFF-AR-10000380,Office Supplies,Art,"Hunt PowerHouse Electric Pencil Sharpener, Blue",151.92,4,0,45.576
CA-2011-100762,11/24/2013,11/29/2013,Standard Class,NG-18355,Nat Gilpin,Corporate,United States,Jackson,Michigan,49201,Central,OFF-LA-10003930,Office Supplies,Labels,"Dot Matrix Printer Tape Reel Labels, White, 5000/Box",196.62,2,0,96.3438
CA-2011-100762,11/24/2013,11/29/2013,Standard Class,NG-18355,Nat Gilpin,Corporate,United States,Jackson,Michigan,49201,Central,OFF-PA-10001815,Office Supplies,Paper,Xerox 1885,144.12,3,0,69.1776
CA-2011-100762,11/24/2013,11/29/2013,Standard Class,NG-18355,Nat Gilpin,Corporate,United States,Jackson,Michigan,49201,Central,OFF-PA-10004082,Office Supplies,Paper,"Adams Telephone Message Book w/Frequently-Called Numbers Space, 400 Messages per Book",15.96,2,0,7.98
CA-2011-127446,11/25/2013,11/30/2013,Standard Class,MC-17590,Matt Collister,Corporate,United States,Arlington,Texas,76017,Central,TEC-AC-10001635,Technology,Accessories,KeyTronic KT400U2 - Keyboard - Black,24.672,3,0.2,0
CA-2011-127446,11/25/2013,11/30/2013,Standard Class,MC-17590,Matt Collister,Corporate,United States,Arlington,Texas,76017,Central,OFF-LA-10001317,Office Supplies,Labels,Avery 520,2.52,1,0.2,0.882
CA-2011-127446,11/25/2013,11/30/2013,Standard Class,MC-17590,Matt Collister,Corporate,United States,Arlington,Texas,76017,Central,FUR-TA-10000577,Furniture,Tables,Bretford CR4500 Series Slim Rectangular Table,1218.735,5,0.3,-121.8735
CA-2011-127446,11/25/2013,11/30/2013,Standard Class,MC-17590,Matt Collister,Corporate,United States,Arlington,Texas,76017,Central,OFF-LA-10000248,Office Supplies,Labels,Avery 52,5.904,2,0.2,1.9926
CA-2011-127446,11/25/2013,11/30/2013,Standard Class,MC-17590,Matt Collister,Corporate,United States,Arlington,Texas,76017,Central,OFF-PA-10000955,Office Supplies,Paper,Southworth 25% Cotton Granite Paper & Envelopes,15.696,3,0.2,5.1012
CA-2011-127446,11/25/2013,11/30/2013,Standard Class,MC-17590,Matt Collister,Corporate,United States,Arlington,Texas,76017,Central,FUR-FU-10000221,Furniture,Furnishings,"Master Caster Door Stop, Brown",6.096,3,0.6,-3.9624
US-2011-147606,11/26/2013,12/1/2013,Second Class,JE-15745,Joel Eaton,Consumer,United States,Houston,Texas,77070,Central,FUR-FU-10003194,Furniture,Furnishings,"Eldon Expressions Desk Accessory, Wood Pencil Holder, Oak",19.3,5,0.6,-14.475
CA-2011-121629,11/28/2013,12/2/2013,Standard Class,BT-11680,Brian Thompson,Consumer,United States,Houston,Texas,77041,Central,TEC-MA-10004679,Technology,Machines,StarTech.com 10/100 VDSL2 Ethernet Extender Kit,998.85,5,0.4,-199.77
US-2011-120145,11/28/2013,12/3/2013,Standard Class,MC-17635,Matthew Clasen,Corporate,United States,Richmond,Indiana,47374,Central,OFF-EN-10003862,Office Supplies,Envelopes,Laser & Ink Jet Business Envelopes,64.02,6,0,29.4492
US-2011-134712,11/29/2013,12/4/2013,Standard Class,BS-11380,Bill Stewart,Corporate,United States,Skokie,Illinois,60076,Central,OFF-FA-10003112,Office Supplies,Fasteners,Staples,12.624,2,0.2,3.945
CA-2011-120474,12/1/2013,12/3/2013,First Class,RP-19390,Resi Pölking,Consumer,United States,Madison,Wisconsin,53711,Central,FUR-CH-10001854,Furniture,Chairs,Office Star - Professional Matrix Back Chair with 2-to-1 Synchro Tilt and Mesh Fabric Seat,2807.84,8,0,673.8816
CA-2011-120474,12/1/2013,12/3/2013,First Class,RP-19390,Resi Pölking,Consumer,United States,Madison,Wisconsin,53711,Central,OFF-AR-10000475,Office Supplies,Art,"Hunt BOSTON Vista Battery-Operated Pencil Sharpener, Black",46.64,4,0,12.5928
US-2011-161613,12/1/2013,12/3/2013,Second Class,MC-17605,Matt Connell,Corporate,United States,Houston,Texas,77070,Central,FUR-CH-10003746,Furniture,Chairs,Hon 4070 Series Pagoda Round Back Stacking Chairs,674.058,3,0.3,-19.2588
US-2011-117744,12/2/2013,12/6/2013,Standard Class,MD-17860,Michael Dominguez,Corporate,United States,Corpus Christi,Texas,78415,Central,FUR-FU-10001588,Furniture,Furnishings,"Deflect-o SuperTray Unbreakable Stackable Tray, Letter, Black",58.36,5,0.6,-24.803
US-2011-117744,12/2/2013,12/6/2013,Standard Class,MD-17860,Michael Dominguez,Corporate,United States,Corpus Christi,Texas,78415,Central,OFF-AR-10000940,Office Supplies,Art,Newell 343,16.464,7,0.2,1.4406
US-2011-117744,12/2/2013,12/6/2013,Standard Class,MD-17860,Michael Dominguez,Corporate,United States,Corpus Christi,Texas,78415,Central,FUR-FU-10002759,Furniture,Furnishings,12-1/2 Diameter Round Wall Clock,39.96,5,0.6,-23.976
CA-2011-101147,12/2/2013,12/4/2013,First Class,MC-17575,Matt Collins,Consumer,United States,Chicago,Illinois,60623,Central,OFF-AP-10004249,Office Supplies,Appliances,Staple holder,2.394,1,0.8,-6.3441
CA-2011-122749,12/3/2013,12/9/2013,Standard Class,NG-18430,Nathan Gelder,Consumer,United States,Oklahoma City,Oklahoma,73120,Central,TEC-PH-10003811,Technology,Phones,Jabra Supreme Plus Driver Edition Headset,479.96,4,0,134.3888
CA-2011-164861,12/3/2013,12/6/2013,Second Class,MC-17635,Matthew Clasen,Corporate,United States,Saint Louis,Missouri,63116,Central,OFF-PA-10001972,Office Supplies,Paper,Xerox 214,25.92,4,0,12.4416
CA-2011-166191,12/5/2013,12/9/2013,Second Class,DK-13150,David Kendrick,Corporate,United States,Decatur,Illinois,62521,Central,OFF-ST-10003455,Office Supplies,Storage,"Tenex File Box, Personal Filing Tote with Lid, Black",24.816,2,0.2,1.8612
CA-2011-166191,12/5/2013,12/9/2013,Second Class,DK-13150,David Kendrick,Corporate,United States,Decatur,Illinois,62521,Central,TEC-AC-10004659,Technology,Accessories,Imation Secure+ Hardware Encrypted USB 2.0 Flash Drive; 16GB,408.744,7,0.2,76.6395
CA-2011-110030,12/6/2013,12/8/2013,Second Class,LF-17185,Luke Foster,Consumer,United States,Houston,Texas,77095,Central,FUR-FU-10002759,Furniture,Furnishings,12-1/2 Diameter Round Wall Clock,23.976,3,0.6,-14.3856
US-2011-140452,12/6/2013,12/10/2013,Standard Class,BK-11260,Berenike Kampe,Consumer,United States,Chicago,Illinois,60610,Central,OFF-AP-10004036,Office Supplies,Appliances,Bionaire 99.97% HEPA Air Cleaner,14.016,4,0.8,-31.536
US-2011-140452,12/6/2013,12/10/2013,Standard Class,BK-11260,Berenike Kampe,Consumer,United States,Chicago,Illinois,60610,Central,FUR-TA-10004086,Furniture,Tables,KI Adjustable-Height Table,214.95,5,0.5,-120.372
US-2011-140452,12/6/2013,12/10/2013,Standard Class,BK-11260,Berenike Kampe,Consumer,United States,Chicago,Illinois,60610,Central,TEC-PH-10000307,Technology,Phones,Shocksock Galaxy S4 Armband,35.04,4,0.2,-7.008
US-2011-140452,12/6/2013,12/10/2013,Standard Class,BK-11260,Berenike Kampe,Consumer,United States,Chicago,Illinois,60610,Central,FUR-FU-10002088,Furniture,Furnishings,Nu-Dell Float Frame 11 x 14 1/2,10.776,3,0.6,-4.8492
US-2011-140452,12/6/2013,12/10/2013,Standard Class,BK-11260,Berenike Kampe,Consumer,United States,Chicago,Illinois,60610,Central,OFF-BI-10004965,Office Supplies,Binders,Ibico Covers for Plastic or Wire Binding Elements,4.6,2,0.8,-8.05
US-2011-140452,12/6/2013,12/10/2013,Standard Class,BK-11260,Berenike Kampe,Consumer,United States,Chicago,Illinois,60610,Central,OFF-ST-10002485,Office Supplies,Storage,Rogers Deluxe File Chest,35.168,2,0.2,-8.3524
CA-2011-104773,12/8/2013,12/13/2013,Standard Class,TB-21175,Thomas Boland,Corporate,United States,Houston,Texas,77041,Central,OFF-ST-10000777,Office Supplies,Storage,"Companion Letter/Legal File, Black",60.416,2,0.2,6.0416
CA-2011-109932,12/9/2013,12/11/2013,First Class,VP-21760,Victoria Pisteka,Corporate,United States,Brownsville,Texas,78521,Central,OFF-PA-10001804,Office Supplies,Paper,Xerox 195,10.688,2,0.2,3.7408
CA-2011-109932,12/9/2013,12/11/2013,First Class,VP-21760,Victoria Pisteka,Corporate,United States,Brownsville,Texas,78521,Central,OFF-ST-10000036,Office Supplies,Storage,"Recycled Data-Pak for Archival Bound Computer Printouts, 12-1/2 x 12-1/2 x 16",237.096,3,0.2,20.7459
CA-2011-169649,12/9/2013,12/15/2013,Standard Class,TS-21205,Thomas Seio,Corporate,United States,Chicago,Illinois,60653,Central,OFF-PA-10000143,Office Supplies,Paper,Astroparche Fine Business Paper,8.448,2,0.2,2.9568
CA-2011-169649,12/9/2013,12/15/2013,Standard Class,TS-21205,Thomas Seio,Corporate,United States,Chicago,Illinois,60653,Central,OFF-AP-10003287,Office Supplies,Appliances,Tripp Lite TLP810NET Broadband Surge for Modem/Fax,20.388,2,0.8,-53.0088
US-2011-122959,12/12/2013,12/12/2013,Same Day,CY-12745,Craig Yedwab,Corporate,United States,San Antonio,Texas,78207,Central,OFF-BI-10003650,Office Supplies,Binders,GBC DocuBind 300 Electric Binding Machine,210.392,2,0.8,-336.6272
CA-2011-154186,12/13/2013,12/15/2013,Second Class,RA-19285,Ralph Arnett,Consumer,United States,Houston,Texas,77070,Central,OFF-SU-10001574,Office Supplies,Supplies,Acme Value Line Scissors,2.92,1,0.2,0.365
US-2011-102631,12/13/2013,12/17/2013,Standard Class,EB-13840,Ellis Ballard,Corporate,United States,Chicago,Illinois,60623,Central,FUR-FU-10003930,Furniture,Furnishings,Howard Miller 12-3/4 Diameter Accuwave DS  Wall Clock,94.428,3,0.6,-42.4926
CA-2011-148950,12/14/2013,12/19/2013,Standard Class,JD-16015,Joy Daniels,Consumer,United States,Chicago,Illinois,60610,Central,OFF-BI-10001249,Office Supplies,Binders,Avery Heavy-Duty EZD View Binder with Locking Rings,5.104,4,0.8,-8.6768
CA-2011-148950,12/14/2013,12/19/2013,Standard Class,JD-16015,Joy Daniels,Consumer,United States,Chicago,Illinois,60610,Central,OFF-FA-10003059,Office Supplies,Fasteners,Assorted Color Push Pins,2.896,2,0.2,0.4706
CA-2011-148950,12/14/2013,12/19/2013,Standard Class,JD-16015,Joy Daniels,Consumer,United States,Chicago,Illinois,60610,Central,TEC-AC-10002718,Technology,Accessories,Belkin Standard 104 key USB Keyboard,35.016,3,0.2,-2.1885
CA-2011-130575,12/14/2013,12/16/2013,First Class,CS-11845,Cari Sayre,Corporate,United States,Chicago,Illinois,60623,Central,OFF-BI-10002353,Office Supplies,Binders,GBC VeloBind Cover Sets,9.264,3,0.8,-13.896
CA-2011-101602,12/15/2013,12/18/2013,First Class,MC-18100,Mick Crebagga,Consumer,United States,El Paso,Texas,79907,Central,TEC-PH-10000169,Technology,Phones,ARKON Windshield Dashboard Air Vent Car Mount Holder,40.68,3,0.2,-9.153
CA-2011-101602,12/15/2013,12/18/2013,First Class,MC-18100,Mick Crebagga,Consumer,United States,El Paso,Texas,79907,Central,FUR-CH-10004675,Furniture,Chairs,"Lifetime Advantage Folding Chairs, 4/Carton",763.28,5,0.3,-21.808
CA-2011-119466,12/15/2013,12/21/2013,Standard Class,SP-20860,Sung Pak,Corporate,United States,Chicago,Illinois,60623,Central,FUR-FU-10001546,Furniture,Furnishings,Dana Swing-Arm Lamps,8.544,2,0.6,-7.476
CA-2011-108273,12/16/2013,12/21/2013,Standard Class,EJ-13720,Ed Jacobs,Consumer,United States,Huntsville,Texas,77340,Central,OFF-PA-10000029,Office Supplies,Paper,Xerox 224,36.288,7,0.2,12.7008
CA-2011-108273,12/16/2013,12/21/2013,Standard Class,EJ-13720,Ed Jacobs,Consumer,United States,Huntsville,Texas,77340,Central,FUR-FU-10002116,Furniture,Furnishings,"Tenex Carpeted, Granite-Look or Clear Contemporary Contour Shape Chair Mats",56.568,2,0.6,-74.9526
CA-2011-151379,12/16/2013,12/20/2013,Standard Class,SC-20695,Steve Chapman,Corporate,United States,Detroit,Michigan,48227,Central,OFF-PA-10000595,Office Supplies,Paper,Xerox 1929,114.2,5,0,52.532
CA-2011-113257,12/16/2013,12/18/2013,Second Class,SC-20305,Sean Christensen,Consumer,United States,Beaumont,Texas,77705,Central,TEC-AC-10004171,Technology,Accessories,Razer Kraken 7.1 Surround Sound Over Ear USB Gaming Headset,319.968,4,0.2,95.9904
CA-2011-113257,12/16/2013,12/18/2013,Second Class,SC-20305,Sean Christensen,Consumer,United States,Beaumont,Texas,77705,Central,FUR-FU-10001706,Furniture,Furnishings,Longer-Life Soft White Bulbs,8.624,7,0.6,-2.5872
CA-2011-169446,12/19/2013,12/25/2013,Standard Class,SG-20605,Speros Goranitis,Consumer,United States,Chicago,Illinois,60623,Central,TEC-PH-10002817,Technology,Phones,RCA ViSYS 25425RE1 Corded phone,323.976,3,0.2,36.4473
CA-2011-169446,12/19/2013,12/25/2013,Standard Class,SG-20605,Speros Goranitis,Consumer,United States,Chicago,Illinois,60623,Central,OFF-PA-10000295,Office Supplies,Paper,Xerox 229,15.552,3,0.2,5.4432
CA-2011-169446,12/19/2013,12/25/2013,Standard Class,SG-20605,Speros Goranitis,Consumer,United States,Chicago,Illinois,60623,Central,OFF-ST-10000419,Office Supplies,Storage,"Rogers Jumbo File, Granite",32.592,3,0.2,-7.7406
CA-2011-103100,12/20/2013,12/23/2013,First Class,AB-10105,Adrian Barton,Consumer,United States,Indianapolis,Indiana,46203,Central,OFF-LA-10003720,Office Supplies,Labels,Avery 487,3.69,1,0,1.7343
CA-2011-103100,12/20/2013,12/23/2013,First Class,AB-10105,Adrian Barton,Consumer,United States,Indianapolis,Indiana,46203,Central,OFF-BI-10004600,Office Supplies,Binders,Ibico Ibimaster 300 Manual Binding System,1103.97,3,0,496.7865
CA-2011-120852,12/20/2013,12/25/2013,Standard Class,WB-21850,William Brown,Consumer,United States,Grand Prairie,Texas,75051,Central,OFF-AP-10001563,Office Supplies,Appliances,Belkin Premiere Surge Master II 8-outlet surge protector,19.432,2,0.8,-49.5516
CA-2011-120852,12/20/2013,12/25/2013,Standard Class,WB-21850,William Brown,Consumer,United States,Grand Prairie,Texas,75051,Central,TEC-AC-10004510,Technology,Accessories,Logitech Desktop MK120 Mouse and keyboard Combo,65.44,5,0.2,-8.18
CA-2011-142510,12/22/2013,12/29/2013,Standard Class,NP-18700,Nora Preis,Consumer,United States,Chicago,Illinois,60623,Central,OFF-ST-10000585,Office Supplies,Storage,Economy Rollaway Files,132.16,1,0.2,9.912
CA-2011-142510,12/22/2013,12/29/2013,Standard Class,NP-18700,Nora Preis,Consumer,United States,Chicago,Illinois,60623,Central,OFF-BI-10002824,Office Supplies,Binders,Recycled Easel Ring Binders,17.904,6,0.8,-31.332
CA-2011-142510,12/22/2013,12/29/2013,Standard Class,NP-18700,Nora Preis,Consumer,United States,Chicago,Illinois,60623,Central,OFF-PA-10001289,Office Supplies,Paper,White Computer Printout Paper by Universal,124.032,4,0.2,44.9616
CA-2011-142314,12/23/2013,12/28/2013,Standard Class,SF-20200,Sarah Foster,Consumer,United States,Richmond,Indiana,47374,Central,OFF-AP-10002350,Office Supplies,Appliances,Belkin F9H710-06 7 Outlet SurgeMaster Surge Protector,207.24,11,0,58.0272
CA-2011-126333,12/23/2013,12/28/2013,Standard Class,ME-18010,Michelle Ellison,Corporate,United States,Port Arthur,Texas,77642,Central,OFF-PA-10000223,Office Supplies,Paper,Xerox 2000,5.184,1,0.2,1.8144
US-2011-152030,12/26/2013,12/28/2013,Second Class,AD-10180,Alan Dominguez,Home Office,United States,Houston,Texas,77041,Central,FUR-CH-10004063,Furniture,Chairs,Global Deluxe High-Back Manager's Chair,600.558,3,0.3,-8.5794
US-2011-111171,12/26/2013,12/31/2013,Standard Class,CA-12265,Christina Anderson,Consumer,United States,Chicago,Illinois,60610,Central,OFF-BI-10002103,Office Supplies,Binders,"Cardinal Slant-D Ring Binder, Heavy Gauge Vinyl",8.69,5,0.8,-14.773
CA-2011-162866,12/27/2013,12/31/2013,Standard Class,Co-12640,Corey-Lock,Consumer,United States,Skokie,Illinois,60076,Central,FUR-FU-10001473,Furniture,Furnishings,DAX Wood Document Frame,32.952,6,0.6,-19.7712
CA-2011-162866,12/27/2013,12/31/2013,Standard Class,Co-12640,Corey-Lock,Consumer,United States,Skokie,Illinois,60076,Central,OFF-ST-10002562,Office Supplies,Storage,Staple magnet,30.016,4,0.2,3.0016
CA-2011-165393,12/27/2013,12/30/2013,First Class,NC-18415,Nathan Cano,Consumer,United States,Fort Worth,Texas,76106,Central,OFF-BI-10001658,Office Supplies,Binders,GBC Standard Therm-A-Bind Covers,4.984,1,0.8,-8.4728
CA-2011-106803,12/29/2013,1/2/2014,Standard Class,DC-13285,Debra Catini,Consumer,United States,Cottage Grove,Minnesota,55016,Central,OFF-ST-10002444,Office Supplies,Storage,Recycled Eldon Regeneration Jumbo File,24.56,2,0,6.8768
CA-2011-106803,12/29/2013,1/2/2014,Standard Class,DC-13285,Debra Catini,Consumer,United States,Cottage Grove,Minnesota,55016,Central,TEC-AC-10001267,Technology,Accessories,Imation 32GB Pocket Pro USB 3.0 Flash Drive - 32 GB - Black - 1 P ...,119.8,4,0,47.92
CA-2011-126802,12/29/2013,1/5/2014,Standard Class,ZC-21910,Zuschuss Carroll,Consumer,United States,Chicago,Illinois,60610,Central,FUR-FU-10000193,Furniture,Furnishings,Tenex Chairmats For Use with Hard Floors,38.976,3,0.6,-50.6688
CA-2011-118276,12/29/2013,1/2/2014,Standard Class,MG-17890,Michael Granlund,Home Office,United States,Saint Charles,Illinois,60174,Central,FUR-FU-10002111,Furniture,Furnishings,"Master Caster Door Stop, Large Brown",8.736,3,0.6,-4.8048
CA-2011-130960,12/30/2013,1/4/2014,Standard Class,KB-16600,Ken Brennan,Corporate,United States,Taylor,Michigan,48180,Central,OFF-AR-10003651,Office Supplies,Art,Newell 350,9.84,3,0,2.8536
CA-2011-104738,12/30/2013,1/1/2014,Second Class,SP-20620,Stefania Perrino,Corporate,United States,Laredo,Texas,78041,Central,OFF-EN-10004955,Office Supplies,Envelopes,Fashion Color Clasp Envelopes,12.984,3,0.2,4.7067
CA-2011-104738,12/30/2013,1/1/2014,Second Class,SP-20620,Stefania Perrino,Corporate,United States,Laredo,Texas,78041,Central,TEC-PH-10002468,Technology,Phones,"Plantronics CS 50-USB - headset - Convertible, Monaural",217.584,2,0.2,19.0386
CA-2011-104738,12/30/2013,1/1/2014,Second Class,SP-20620,Stefania Perrino,Corporate,United States,Laredo,Texas,78041,Central,TEC-PH-10000576,Technology,Phones,AT&T 1080 Corded phone,328.776,3,0.2,28.7679
CA-2011-104738,12/30/2013,1/1/2014,Second Class,SP-20620,Stefania Perrino,Corporate,United States,Laredo,Texas,78041,Central,OFF-BI-10002160,Office Supplies,Binders,Acco Hanging Data Binders,2.286,3,0.8,-3.6576
CA-2011-104738,12/30/2013,1/1/2014,Second Class,SP-20620,Stefania Perrino,Corporate,United States,Laredo,Texas,78041,Central,TEC-AC-10003628,Technology,Accessories,Logitech 910-002974 M325 Wireless Mouse for Web Scrolling,47.984,2,0.2,14.3952
CA-2011-111150,12/31/2013,1/4/2014,Standard Class,RW-19630,Rob Williams,Corporate,United States,Columbia,Missouri,65203,Central,OFF-AR-10000034,Office Supplies,Art,"BIC Brite Liner Grip Highlighters, Assorted, 5/Pack",29.68,7,0,11.5752
CA-2011-111150,12/31/2013,1/4/2014,Standard Class,RW-19630,Rob Williams,Corporate,United States,Columbia,Missouri,65203,Central,TEC-AC-10000290,Technology,Accessories,Sabrent 4-Port USB 2.0 Hub,47.53,7,0,16.1602
CA-2011-127383,12/31/2013,1/5/2014,Standard Class,CM-11815,Candace McMahon,Corporate,United States,El Paso,Texas,79907,Central,OFF-EN-10004773,Office Supplies,Envelopes,Staple envelope,49.568,2,0.2,17.9684
CA-2012-121097,1/3/2014,1/8/2014,Standard Class,SF-20965,Sylvia Foulston,Corporate,United States,Baytown,Texas,77520,Central,OFF-PA-10001937,Office Supplies,Paper,Xerox 21,10.368,2,0.2,3.6288
CA-2012-141243,1/3/2014,1/8/2014,Second Class,AH-10465,Amy Hunt,Consumer,United States,Dallas,Texas,75217,Central,TEC-AC-10003198,Technology,Accessories,Enermax Acrylux Wireless Keyboard,398.4,5,0.2,84.66
CA-2012-141243,1/3/2014,1/8/2014,Second Class,AH-10465,Amy Hunt,Consumer,United States,Dallas,Texas,75217,Central,OFF-AR-10001246,Office Supplies,Art,Newell 317,7.056,3,0.2,0.7938
CA-2012-141243,1/3/2014,1/8/2014,Second Class,AH-10465,Amy Hunt,Consumer,United States,Dallas,Texas,75217,Central,FUR-BO-10003272,Furniture,Bookcases,O'Sullivan Living Dimensions 5-Shelf Bookcases,1352.3976,9,0.32,-437.5404
CA-2012-149811,1/4/2014,1/10/2014,Standard Class,CS-12250,Chris Selesnick,Corporate,United States,Woodbury,Minnesota,55125,Central,OFF-BI-10003676,Office Supplies,Binders,"GBC Standard Recycled Report Covers, Clear Plastic Sheets",32.34,3,0,15.5232
CA-2012-149811,1/4/2014,1/10/2014,Standard Class,CS-12250,Chris Selesnick,Corporate,United States,Woodbury,Minnesota,55125,Central,OFF-PA-10004082,Office Supplies,Paper,"Adams Telephone Message Book w/Frequently-Called Numbers Space, 400 Messages per Book",39.9,5,0,19.95
US-2012-101399,1/17/2014,1/24/2014,Standard Class,JS-15940,Joni Sundaresam,Home Office,United States,Park Ridge,Illinois,60068,Central,FUR-FU-10002918,Furniture,Furnishings,Eldon ClusterMat Chair Mat with Cordless Antistatic Protection,254.744,7,0.6,-312.0614
CA-2012-141250,1/19/2014,1/23/2014,Standard Class,PM-18940,Paul MacIntyre,Consumer,United States,Texas City,Texas,77590,Central,FUR-TA-10002855,Furniture,Tables,Bevis Round Conference Table Top & Single Column Base,102.438,1,0.3,-13.1706
CA-2012-141250,1/19/2014,1/23/2014,Standard Class,PM-18940,Paul MacIntyre,Consumer,United States,Texas City,Texas,77590,Central,FUR-CH-10004875,Furniture,Chairs,Harbour Creations 67200 Series Stacking Chairs,199.304,4,0.3,-8.5416
CA-2012-145401,1/30/2014,2/4/2014,Standard Class,JP-15520,Jeremy Pistek,Consumer,United States,Houston,Texas,77070,Central,OFF-PA-10004405,Office Supplies,Paper,Rediform Voice Mail Log Books,14.304,6,0.2,5.0064
CA-2012-149587,1/31/2014,2/5/2014,Second Class,KB-16315,Karl Braun,Consumer,United States,Minneapolis,Minnesota,55407,Central,OFF-PA-10003177,Office Supplies,Paper,Xerox 1999,12.96,2,0,6.2208
CA-2012-149587,1/31/2014,2/5/2014,Second Class,KB-16315,Karl Braun,Consumer,United States,Minneapolis,Minnesota,55407,Central,FUR-FU-10003799,Furniture,Furnishings,"Seth Thomas 13 1/2"" Wall Clock",53.34,3,0,16.5354
CA-2012-149587,1/31/2014,2/5/2014,Second Class,KB-16315,Karl Braun,Consumer,United States,Minneapolis,Minnesota,55407,Central,OFF-BI-10002852,Office Supplies,Binders,Ibico Standard Transparent Covers,32.96,2,0,16.1504
CA-2012-140921,2/3/2014,2/5/2014,First Class,AA-10375,Allen Armold,Consumer,United States,Omaha,Nebraska,68104,Central,FUR-FU-10003347,Furniture,Furnishings,Coloredge Poster Frame,28.4,2,0,11.076
CA-2012-140921,2/3/2014,2/5/2014,First Class,AA-10375,Allen Armold,Consumer,United States,Omaha,Nebraska,68104,Central,TEC-AC-10004901,Technology,Accessories,Kensington SlimBlade Notebook Wireless Mouse with Nano Receiver ,149.97,3,0,50.9898
CA-2012-137064,2/6/2014,2/13/2014,Standard Class,TS-21655,Trudy Schmidt,Consumer,United States,Houston,Texas,77070,Central,OFF-BI-10002049,Office Supplies,Binders,UniKeep View Case Binders,2.934,3,0.8,-4.9878
CA-2012-137064,2/6/2014,2/13/2014,Standard Class,TS-21655,Trudy Schmidt,Consumer,United States,Houston,Texas,77070,Central,TEC-AC-10003499,Technology,Accessories,Memorex Mini Travel Drive 8 GB USB 2.0 Flash Drive,18.528,2,0.2,4.4004
CA-2012-137064,2/6/2014,2/13/2014,Standard Class,TS-21655,Trudy Schmidt,Consumer,United States,Houston,Texas,77070,Central,OFF-ST-10003470,Office Supplies,Storage,"Tennsco Snap-Together Open Shelving Units, Starter Sets and Add-On Units",670.752,3,0.2,-125.766
US-2012-130491,2/8/2014,2/11/2014,First Class,BH-11710,Brosina Hoffman,Consumer,United States,Garden City,Kansas,67846,Central,OFF-PA-10000791,Office Supplies,Paper,"Wirebound Message Books, Four 2 3/4 x 5 Forms per Page, 200 Sets per Book",9.54,2,0,4.293
US-2012-130491,2/8/2014,2/11/2014,First Class,BH-11710,Brosina Hoffman,Consumer,United States,Garden City,Kansas,67846,Central,OFF-FA-10000134,Office Supplies,Fasteners,"Advantus Push Pins, Aluminum Head",5.81,1,0,1.8011
US-2012-130491,2/8/2014,2/11/2014,First Class,BH-11710,Brosina Hoffman,Consumer,United States,Garden City,Kansas,67846,Central,OFF-AR-10001149,Office Supplies,Art,"Sanford Colorific Colored Pencils, 12/Box",5.76,2,0,1.728
CA-2012-101007,2/9/2014,2/13/2014,Second Class,MS-17980,Michael Stewart,Corporate,United States,Dallas,Texas,75220,Central,TEC-AC-10001266,Technology,Accessories,Memorex Micro Travel Drive 8 GB,20.8,2,0.2,6.5
CA-2012-135391,2/9/2014,2/11/2014,Second Class,FA-14230,Frank Atkinson,Corporate,United States,San Antonio,Texas,78207,Central,OFF-LA-10001074,Office Supplies,Labels,Round Specialty Laser Printer Labels,40.096,4,0.2,13.5324
CA-2012-135391,2/9/2014,2/11/2014,Second Class,FA-14230,Frank Atkinson,Corporate,United States,San Antonio,Texas,78207,Central,FUR-FU-10001986,Furniture,Furnishings,"Dana Fluorescent Magnifying Lamp, White, 36""",40.784,2,0.6,-30.588
US-2012-153374,2/9/2014,2/13/2014,Second Class,JF-15565,Jill Fjeld,Consumer,United States,Decatur,Illinois,62521,Central,TEC-AC-10001908,Technology,Accessories,Logitech Wireless Headset h800,479.952,6,0.2,89.991
CA-2012-154326,2/15/2014,2/19/2014,Standard Class,RP-19855,Roy Phan,Corporate,United States,Kenosha,Wisconsin,53142,Central,TEC-PH-10001819,Technology,Phones,Innergie mMini Combo Duo USB Travel Charging Kit,134.97,3,0,64.7856
CA-2012-154326,2/15/2014,2/19/2014,Standard Class,RP-19855,Roy Phan,Corporate,United States,Kenosha,Wisconsin,53142,Central,TEC-PH-10000560,Technology,Phones,Samsung Galaxy S III - 16GB - pebble blue (T-Mobile),699.98,2,0,195.9944
CA-2012-154326,2/15/2014,2/19/2014,Standard Class,RP-19855,Roy Phan,Corporate,United States,Kenosha,Wisconsin,53142,Central,TEC-AC-10004568,Technology,Accessories,Maxell LTO Ultrium - 800 GB,139.95,5,0,26.5905
CA-2012-132374,2/22/2014,2/24/2014,Second Class,PS-19045,Penelope Sewall,Home Office,United States,Sterling Heights,Michigan,48310,Central,OFF-AR-10001615,Office Supplies,Art,Newell 34,79.36,4,0,20.6336
CA-2012-133585,3/1/2014,3/4/2014,First Class,CM-12715,Craig Molinari,Corporate,United States,Houston,Texas,77070,Central,OFF-AR-10003696,Office Supplies,Art,Panasonic KP-350BK Electric Pencil Sharpener with Auto Stop,55.328,2,0.2,6.2244
CA-2012-133585,3/1/2014,3/4/2014,First Class,CM-12715,Craig Molinari,Corporate,United States,Houston,Texas,77070,Central,FUR-BO-10001811,Furniture,Bookcases,"Atlantic Metals Mobile 5-Shelf Bookcases, Custom Colors",1227.9984,6,0.32,-36.1176
CA-2012-104052,3/1/2014,3/2/2014,First Class,TP-21565,Tracy Poddar,Corporate,United States,Coppell,Texas,75019,Central,TEC-PH-10003215,Technology,Phones,Jackery Bar Premium Fast-charging Portable Charger,95.84,4,0.2,34.742
CA-2012-105970,3/2/2014,3/7/2014,Standard Class,PA-19060,Pete Armstrong,Home Office,United States,Richmond,Indiana,47374,Central,OFF-AR-10003156,Office Supplies,Art,50 Colored Long Pencils,10.16,1,0,2.6416
CA-2012-105970,3/2/2014,3/7/2014,Standard Class,PA-19060,Pete Armstrong,Home Office,United States,Richmond,Indiana,47374,Central,OFF-EN-10001532,Office Supplies,Envelopes,Brown Kraft Recycled Envelopes,101.88,6,0,50.94
CA-2012-153108,3/5/2014,3/9/2014,Standard Class,SF-20200,Sarah Foster,Consumer,United States,New Castle,Indiana,47362,Central,TEC-PH-10001552,Technology,Phones,I Need's 3d Hello Kitty Hybrid Silicone Case Cover for HTC One X 4g with 3d Hello Kitty Stylus Pen Green/pink,23.92,2,0,6.6976
CA-2012-153108,3/5/2014,3/9/2014,Standard Class,SF-20200,Sarah Foster,Consumer,United States,New Castle,Indiana,47362,Central,OFF-AP-10002222,Office Supplies,Appliances,Staple holder,60.69,7,0,16.3863
CA-2012-120320,3/5/2014,3/9/2014,Standard Class,MV-18190,Mike Vittorini,Consumer,United States,Houston,Texas,77036,Central,TEC-PH-10000149,Technology,Phones,Cisco SPA525G2 IP Phone - Wireless,31.92,2,0.2,2.394
CA-2012-151785,3/5/2014,3/10/2014,Standard Class,JJ-15445,Jennifer Jackson,Consumer,United States,Chicago,Illinois,60623,Central,OFF-FA-10000611,Office Supplies,Fasteners,Binder Clips by OIC,7.104,6,0.2,2.4864
CA-2012-140221,3/5/2014,3/9/2014,Second Class,MS-17365,Maribeth Schnelling,Consumer,United States,Chicago,Illinois,60653,Central,OFF-BI-10002854,Office Supplies,Binders,"Performers Binder/Pad Holder, Black",11.212,2,0.8,-16.818
CA-2012-140221,3/5/2014,3/9/2014,Second Class,MS-17365,Maribeth Schnelling,Consumer,United States,Chicago,Illinois,60653,Central,FUR-FU-10000023,Furniture,Furnishings,Eldon Wave Desk Accessories,4.712,2,0.6,-1.8848
CA-2012-140221,3/5/2014,3/9/2014,Second Class,MS-17365,Maribeth Schnelling,Consumer,United States,Chicago,Illinois,60653,Central,OFF-AP-10000828,Office Supplies,Appliances,Avanti 4.4 Cu. Ft. Refrigerator,180.98,5,0.8,-470.548
CA-2012-140221,3/5/2014,3/9/2014,Second Class,MS-17365,Maribeth Schnelling,Consumer,United States,Chicago,Illinois,60653,Central,OFF-ST-10000777,Office Supplies,Storage,"Companion Letter/Legal File, Black",60.416,2,0.2,6.0416
CA-2012-105627,3/8/2014,3/12/2014,Standard Class,DK-12895,Dana Kaydos,Consumer,United States,Kenosha,Wisconsin,53142,Central,FUR-BO-10002916,Furniture,Bookcases,"Rush Hierlooms Collection 1"" Thick Stackable Bookcases",512.94,3,0,97.4586
CA-2012-105627,3/8/2014,3/12/2014,Standard Class,DK-12895,Dana Kaydos,Consumer,United States,Kenosha,Wisconsin,53142,Central,FUR-CH-10002084,Furniture,Chairs,Hon Mobius Operator's Chair,860.93,7,0,189.4046
CA-2012-105627,3/8/2014,3/12/2014,Standard Class,DK-12895,Dana Kaydos,Consumer,United States,Kenosha,Wisconsin,53142,Central,TEC-PH-10003012,Technology,Phones,Nortel Meridian M3904 Professional Digital phone,769.95,5,0,223.2855
CA-2012-105627,3/8/2014,3/12/2014,Standard Class,DK-12895,Dana Kaydos,Consumer,United States,Kenosha,Wisconsin,53142,Central,OFF-AR-10002704,Office Supplies,Art,Boston 1900 Electric Pencil Sharpener,14.98,1,0,4.494
CA-2012-105627,3/8/2014,3/12/2014,Standard Class,DK-12895,Dana Kaydos,Consumer,United States,Kenosha,Wisconsin,53142,Central,FUR-FU-10000308,Furniture,Furnishings,Deflect-o Glass Clear Studded Chair Mats,373.08,6,0,82.0776
CA-2012-132136,3/8/2014,3/12/2014,Standard Class,FO-14305,Frank Olsen,Consumer,United States,Chicago,Illinois,60623,Central,OFF-BI-10002706,Office Supplies,Binders,Avery Premier Heavy-Duty Binder with Round Locking Rings,8.568,3,0.8,-14.5656
CA-2012-123155,3/9/2014,3/12/2014,First Class,NS-18640,Noel Staavos,Corporate,United States,San Antonio,Texas,78207,Central,TEC-AC-10002473,Technology,Accessories,Maxell 4.7GB DVD-R,113.52,5,0.2,29.799
CA-2012-123155,3/9/2014,3/12/2014,First Class,NS-18640,Noel Staavos,Corporate,United States,San Antonio,Texas,78207,Central,TEC-PH-10001809,Technology,Phones,Panasonic KX T7736-B Digital phone,359.88,3,0.2,22.4925
CA-2012-146829,3/10/2014,3/10/2014,Same Day,TS-21340,Toby Swindell,Consumer,United States,Houston,Texas,77041,Central,OFF-BI-10004022,Office Supplies,Binders,Acco Suede Grain Vinyl Round Ring Binder,1.112,2,0.8,-1.8904
CA-2012-168088,3/19/2014,3/22/2014,First Class,CM-12655,Corinna Mitchell,Home Office,United States,Houston,Texas,77041,Central,OFF-PA-10000675,Office Supplies,Paper,Xerox 1919,65.584,2,0.2,23.7742
CA-2012-168088,3/19/2014,3/22/2014,First Class,CM-12655,Corinna Mitchell,Home Office,United States,Houston,Texas,77041,Central,FUR-BO-10004218,Furniture,Bookcases,"Bush Heritage Pine Collection 5-Shelf Bookcase, Albany Pine Finish, *Special Order",383.4656,4,0.32,-67.6704
CA-2012-106565,3/20/2014,3/23/2014,First Class,BW-11110,Bart Watters,Corporate,United States,Milwaukee,Wisconsin,53209,Central,OFF-PA-10000061,Office Supplies,Paper,Xerox 205,51.84,8,0,24.8832
CA-2012-127607,3/20/2014,3/26/2014,Standard Class,JK-15730,Joe Kamberova,Consumer,United States,Carrollton,Texas,75007,Central,OFF-BI-10001308,Office Supplies,Binders,GBC Standard Plastic Binding Systems' Combs,2.512,2,0.8,-4.396
CA-2012-127607,3/20/2014,3/26/2014,Standard Class,JK-15730,Joe Kamberova,Consumer,United States,Carrollton,Texas,75007,Central,OFF-FA-10003485,Office Supplies,Fasteners,Staples,18.864,9,0.2,6.1308
CA-2012-157812,3/22/2014,3/26/2014,Standard Class,DB-13210,Dean Braden,Consumer,United States,Houston,Texas,77041,Central,TEC-AC-10000171,Technology,Accessories,"Verbatim 25 GB 6x Blu-ray Single Layer Recordable Disc, 25/Pack",18.392,1,0.2,5.2877
CA-2012-157812,3/22/2014,3/26/2014,Standard Class,DB-13210,Dean Braden,Consumer,United States,Houston,Texas,77041,Central,OFF-ST-10000736,Office Supplies,Storage,Carina Double Wide Media Storage Towers in Natural & Black,129.568,2,0.2,-25.9136
CA-2012-157812,3/22/2014,3/26/2014,Standard Class,DB-13210,Dean Braden,Consumer,United States,Houston,Texas,77041,Central,OFF-BI-10000285,Office Supplies,Binders,XtraLife ClearVue Slant-D Ring Binders by Cardinal,14.112,9,0.8,-21.168
US-2012-125374,3/23/2014,3/29/2014,Standard Class,JD-16060,Julia Dunbar,Consumer,United States,Houston,Texas,77095,Central,FUR-CH-10003396,Furniture,Chairs,Global Deluxe Steno Chair,107.772,2,0.3,-29.2524
CA-2012-118423,3/24/2014,3/27/2014,First Class,DP-13390,Dennis Pardue,Home Office,United States,Peoria,Illinois,61604,Central,FUR-BO-10000362,Furniture,Bookcases,Sauder Inglewood Library Bookcases,359.058,3,0.3,-35.9058
CA-2012-121405,3/30/2014,4/4/2014,Standard Class,FC-14335,Fred Chung,Corporate,United States,Chicago,Illinois,60610,Central,OFF-PA-10001838,Office Supplies,Paper,"Adams Telephone Message Book W/Dividers/Space For Phone Numbers, 5 1/4""X8 1/2"", 300/Messages",23.52,5,0.2,8.526
CA-2012-121405,3/30/2014,4/4/2014,Standard Class,FC-14335,Fred Chung,Corporate,United States,Chicago,Illinois,60610,Central,TEC-PH-10002890,Technology,Phones,AT&T 17929 Lendline Telephone,180.96,5,0.2,13.572
CA-2012-104871,3/30/2014,4/3/2014,Standard Class,DR-12940,Daniel Raglin,Home Office,United States,Normal,Illinois,61761,Central,FUR-CH-10003298,Furniture,Chairs,"Office Star - Contemporary Task Swivel chair with Loop Arms, Charcoal",366.744,4,0.3,-110.0232
CA-2012-128125,3/31/2014,4/5/2014,Standard Class,EB-13705,Ed Braxton,Corporate,United States,Houston,Texas,77095,Central,OFF-PA-10000357,Office Supplies,Paper,"White Dual Perf Computer Printout Paper, 2700 Sheets, 1 Part, Heavyweight, 20 lbs., 14 7/8 x 11",98.376,3,0.2,35.6613
CA-2012-128125,3/31/2014,4/5/2014,Standard Class,EB-13705,Ed Braxton,Corporate,United States,Houston,Texas,77095,Central,FUR-FU-10001085,Furniture,Furnishings,3M Polarizing Light Filter Sleeves,22.38,3,0.6,-7.833
US-2012-122140,4/2/2014,4/7/2014,Standard Class,MO-17950,Michael Oakman,Consumer,United States,Dallas,Texas,75220,Central,OFF-AP-10001242,Office Supplies,Appliances,APC 7 Outlet Network SurgeArrest Surge Protector,32.192,2,0.8,-80.48
US-2012-122140,4/2/2014,4/7/2014,Standard Class,MO-17950,Michael Oakman,Consumer,United States,Dallas,Texas,75220,Central,TEC-AC-10003038,Technology,Accessories,Kingston Digital DataTraveler 16GB USB 2.0,50.12,7,0.2,-0.6265
US-2012-122140,4/2/2014,4/7/2014,Standard Class,MO-17950,Michael Oakman,Consumer,United States,Dallas,Texas,75220,Central,TEC-AC-10003289,Technology,Accessories,Anker Ultra-Slim Mini Bluetooth 3.0 Wireless Keyboard,47.976,3,0.2,1.7991
CA-2012-136378,4/2/2014,4/7/2014,Standard Class,CS-11845,Cari Sayre,Corporate,United States,Houston,Texas,77070,Central,OFF-BI-10003707,Office Supplies,Binders,Aluminum Screw Posts,9.156,3,0.8,-13.734
CA-2012-112452,4/4/2014,4/4/2014,Same Day,NC-18340,Nat Carroll,Consumer,United States,Lansing,Michigan,48911,Central,OFF-AP-10003849,Office Supplies,Appliances,Hoover Shoulder Vac Commercial Portable Vacuum,644.076,2,0.1,107.346
CA-2012-112452,4/4/2014,4/4/2014,Same Day,NC-18340,Nat Carroll,Consumer,United States,Lansing,Michigan,48911,Central,OFF-FA-10000735,Office Supplies,Fasteners,Staples,5.84,2,0,2.628
CA-2012-112452,4/4/2014,4/4/2014,Same Day,NC-18340,Nat Carroll,Consumer,United States,Lansing,Michigan,48911,Central,OFF-BI-10003350,Office Supplies,Binders,Acco Expandable Hanging Binders,12.76,2,0,5.8696
CA-2012-112452,4/4/2014,4/4/2014,Same Day,NC-18340,Nat Carroll,Consumer,United States,Lansing,Michigan,48911,Central,TEC-PH-10000307,Technology,Phones,Shocksock Galaxy S4 Armband,10.95,1,0,0.438
CA-2012-112452,4/4/2014,4/4/2014,Same Day,NC-18340,Nat Carroll,Consumer,United States,Lansing,Michigan,48911,Central,TEC-CO-10004202,Technology,Copiers,Brother DCP1000 Digital 3 in 1 Multifunction Machine,599.98,2,0,209.993
CA-2012-124541,4/6/2014,4/10/2014,Standard Class,TT-21220,Thomas Thornton,Consumer,United States,Houston,Texas,77041,Central,OFF-AR-10004078,Office Supplies,Art,Newell 312,42.048,9,0.2,5.256
CA-2012-124541,4/6/2014,4/10/2014,Standard Class,TT-21220,Thomas Thornton,Consumer,United States,Houston,Texas,77041,Central,TEC-AC-10002550,Technology,Accessories,Maxell 4.7GB DVD-RW 3/Pack,25.488,2,0.2,4.4604
CA-2012-124541,4/6/2014,4/10/2014,Standard Class,TT-21220,Thomas Thornton,Consumer,United States,Houston,Texas,77041,Central,OFF-BI-10004965,Office Supplies,Binders,Ibico Covers for Plastic or Wire Binding Elements,6.9,3,0.8,-12.075
CA-2012-124541,4/6/2014,4/10/2014,Standard Class,TT-21220,Thomas Thornton,Consumer,United States,Houston,Texas,77041,Central,OFF-BI-10004209,Office Supplies,Binders,"Fellowes Twister Kit, Gray/Clear, 3/pkg",9.648,6,0.8,-16.884
CA-2012-124541,4/6/2014,4/10/2014,Standard Class,TT-21220,Thomas Thornton,Consumer,United States,Houston,Texas,77041,Central,OFF-PA-10001526,Office Supplies,Paper,Xerox 1949,7.968,2,0.2,2.8884
CA-2012-140025,4/7/2014,4/11/2014,Standard Class,PF-19120,Peter Fuller,Consumer,United States,San Antonio,Texas,78207,Central,OFF-AP-10002651,Office Supplies,Appliances,Hoover Upright Vacuum With Dirt Cup,463.248,8,0.8,-1181.2824
CA-2012-140025,4/7/2014,4/11/2014,Standard Class,PF-19120,Peter Fuller,Consumer,United States,San Antonio,Texas,78207,Central,TEC-AC-10002402,Technology,Accessories,Razer Kraken PRO Over Ear PC and Music Headset,383.952,6,0.2,47.994
CA-2012-120551,4/13/2014,4/20/2014,Standard Class,SS-20590,Sonia Sunley,Consumer,United States,Norfolk,Nebraska,68701,Central,OFF-BI-10002071,Office Supplies,Binders,Fellowes Black Plastic Comb Bindings,17.43,3,0,8.0178
US-2012-168704,4/13/2014,4/17/2014,Standard Class,FP-14320,Frank Preis,Consumer,United States,Huntsville,Texas,77340,Central,FUR-TA-10000688,Furniture,Tables,"Chromcraft Bull-Nose Wood Round Conference Table Top, Wood Base",609.98,4,0.3,-113.282
US-2012-168704,4/13/2014,4/17/2014,Standard Class,FP-14320,Frank Preis,Consumer,United States,Huntsville,Texas,77340,Central,FUR-TA-10002530,Furniture,Tables,"Iceberg OfficeWorks 42"" Round Tables",211.372,2,0.3,-45.294
US-2012-168704,4/13/2014,4/17/2014,Standard Class,FP-14320,Frank Preis,Consumer,United States,Huntsville,Texas,77340,Central,TEC-PH-10001061,Technology,Phones,Apple iPhone 5C,239.976,3,0.2,17.9982
CA-2012-146675,4/16/2014,4/20/2014,Standard Class,SB-20185,Sarah Brown,Consumer,United States,Evanston,Illinois,60201,Central,TEC-CO-10001766,Technology,Copiers,Canon PC940 Copier,1439.968,4,0.2,485.9892
CA-2012-146675,4/16/2014,4/20/2014,Standard Class,SB-20185,Sarah Brown,Consumer,United States,Evanston,Illinois,60201,Central,TEC-AC-10004396,Technology,Accessories,Logitech Keyboard K120,43.56,3,0.2,-4.9005
CA-2012-115742,4/18/2014,4/22/2014,Standard Class,DP-13000,Darren Powers,Consumer,United States,New Albany,Indiana,47150,Central,OFF-BI-10004410,Office Supplies,Binders,"C-Line Peel & Stick Add-On Filing Pockets, 8-3/4 x 5-1/8, 10/Pack",38.22,6,0,17.9634
CA-2012-115742,4/18/2014,4/22/2014,Standard Class,DP-13000,Darren Powers,Consumer,United States,New Albany,Indiana,47150,Central,OFF-LA-10002762,Office Supplies,Labels,Avery 485,75.18,6,0,35.3346
CA-2012-115742,4/18/2014,4/22/2014,Standard Class,DP-13000,Darren Powers,Consumer,United States,New Albany,Indiana,47150,Central,FUR-FU-10001706,Furniture,Furnishings,Longer-Life Soft White Bulbs,6.16,2,0,2.9568
CA-2012-115742,4/18/2014,4/22/2014,Standard Class,DP-13000,Darren Powers,Consumer,United States,New Albany,Indiana,47150,Central,FUR-CH-10003061,Furniture,Chairs,"Global Leather Task Chair, Black",89.99,1,0,17.0981
US-2012-163433,4/18/2014,4/22/2014,Second Class,MP-17965,Michael Paige,Corporate,United States,Mcallen,Texas,78501,Central,TEC-AC-10003590,Technology,Accessories,"TRENDnet 56K USB 2.0 Phone, Internet and Fax Modem",41.424,2,0.2,8.2848
US-2012-163433,4/18/2014,4/22/2014,Second Class,MP-17965,Michael Paige,Corporate,United States,Mcallen,Texas,78501,Central,TEC-PH-10003357,Technology,Phones,Grandstream GXP2100 Mainstream Business Phone,244.768,4,0.2,24.4768
US-2012-163433,4/18/2014,4/22/2014,Second Class,MP-17965,Michael Paige,Corporate,United States,Mcallen,Texas,78501,Central,OFF-AR-10003373,Office Supplies,Art,"Boston School Pro Electric Pencil Sharpener, 1670",74.352,3,0.2,6.5058
US-2012-163433,4/18/2014,4/22/2014,Second Class,MP-17965,Michael Paige,Corporate,United States,Mcallen,Texas,78501,Central,OFF-BI-10003676,Office Supplies,Binders,"GBC Standard Recycled Report Covers, Clear Plastic Sheets",4.312,2,0.8,-6.8992
US-2012-163433,4/18/2014,4/22/2014,Second Class,MP-17965,Michael Paige,Corporate,United States,Mcallen,Texas,78501,Central,FUR-CH-10000225,Furniture,Chairs,"Global Geo Office Task Chair, Gray",56.686,1,0.3,-20.245
US-2012-163433,4/18/2014,4/22/2014,Second Class,MP-17965,Michael Paige,Corporate,United States,Mcallen,Texas,78501,Central,TEC-PH-10001870,Technology,Phones,Lunatik TT5L-002 Taktik Strike Impact Protection System for iPhone 5,97.968,2,0.2,6.123
US-2012-163433,4/18/2014,4/22/2014,Second Class,MP-17965,Michael Paige,Corporate,United States,Mcallen,Texas,78501,Central,OFF-AR-10003481,Office Supplies,Art,Newell 348,7.872,3,0.2,0.8856
US-2012-163433,4/18/2014,4/22/2014,Second Class,MP-17965,Michael Paige,Corporate,United States,Mcallen,Texas,78501,Central,OFF-PA-10003936,Office Supplies,Paper,Xerox 1994,15.552,3,0.2,5.4432
US-2012-163433,4/18/2014,4/22/2014,Second Class,MP-17965,Michael Paige,Corporate,United States,Mcallen,Texas,78501,Central,OFF-BI-10000320,Office Supplies,Binders,GBC Plastic Binding Combs,1.476,1,0.8,-2.2878
US-2012-155369,4/19/2014,4/25/2014,Standard Class,PG-18820,Patrick Gardner,Consumer,United States,Carrollton,Texas,75007,Central,OFF-AP-10002578,Office Supplies,Appliances,"Fellowes Premier Superior Surge Suppressor, 10-Outlet, With Phone and Remote",19.568,2,0.8,-52.8336
US-2012-155369,4/19/2014,4/25/2014,Standard Class,PG-18820,Patrick Gardner,Consumer,United States,Carrollton,Texas,75007,Central,OFF-BI-10003925,Office Supplies,Binders,Fellowes PB300 Plastic Comb Binding Machine,310.392,4,0.8,-512.1468
CA-2012-142433,4/20/2014,4/25/2014,Standard Class,ES-14020,Erica Smith,Consumer,United States,Houston,Texas,77036,Central,OFF-PA-10002377,Office Supplies,Paper,Xerox 1916,117.456,3,0.2,44.046
CA-2012-109169,4/20/2014,4/24/2014,Standard Class,OT-18730,Olvera Toch,Consumer,United States,Detroit,Michigan,48234,Central,OFF-EN-10003296,Office Supplies,Envelopes,Tyvek Side-Opening Peel & Seel Expanding Envelopes,180.96,2,0,81.432
CA-2012-153878,4/25/2014,4/30/2014,Standard Class,TS-21655,Trudy Schmidt,Consumer,United States,Milwaukee,Wisconsin,53209,Central,OFF-AR-10000658,Office Supplies,Art,Newell 324,57.75,5,0,16.17
CA-2012-153878,4/25/2014,4/30/2014,Standard Class,TS-21655,Trudy Schmidt,Consumer,United States,Milwaukee,Wisconsin,53209,Central,OFF-AP-10001205,Office Supplies,Appliances,Belkin 5 Outlet SurgeMaster Power Centers,272.4,5,0,76.272
CA-2012-130365,4/25/2014,4/29/2014,Standard Class,ZC-21910,Zuschuss Carroll,Consumer,United States,Aurora,Illinois,60505,Central,OFF-ST-10002574,Office Supplies,Storage,"SAFCO Commercial Wire Shelving, Black",221.024,2,0.2,-55.256
CA-2012-130365,4/25/2014,4/29/2014,Standard Class,ZC-21910,Zuschuss Carroll,Consumer,United States,Aurora,Illinois,60505,Central,FUR-CH-10003535,Furniture,Chairs,"Global Armless Task Chair, Royal Blue",128.058,3,0.3,-23.7822
US-2012-114839,4/26/2014,4/30/2014,Standard Class,PW-19240,Pierre Wener,Consumer,United States,Houston,Texas,77036,Central,FUR-CH-10004086,Furniture,Chairs,Hon 4070 Series Pagoda Armless Upholstered Stacking Chairs,408.422,2,0.3,-5.8346
CA-2012-130792,4/28/2014,5/5/2014,Standard Class,RA-19915,Russell Applegate,Consumer,United States,Houston,Texas,77095,Central,OFF-AP-10000696,Office Supplies,Appliances,Holmes Odor Grabber,8.652,3,0.8,-20.3322
CA-2012-130792,4/28/2014,5/5/2014,Standard Class,RA-19915,Russell Applegate,Consumer,United States,Houston,Texas,77095,Central,OFF-ST-10003327,Office Supplies,Storage,Akro-Mils 12-Gallon Tote,23.832,3,0.2,2.6811
CA-2012-130792,4/28/2014,5/5/2014,Standard Class,RA-19915,Russell Applegate,Consumer,United States,Houston,Texas,77095,Central,OFF-BI-10000309,Office Supplies,Binders,"GBC Twin Loop Wire Binding Elements, 9/16"" Spine, Black",12.176,4,0.8,-18.8728
CA-2012-120782,4/28/2014,5/1/2014,First Class,SD-20485,Shirley Daniels,Home Office,United States,Midland,Michigan,48640,Central,OFF-AP-10003779,Office Supplies,Appliances,Kensington 7 Outlet MasterPiece Power Center with Fax/Phone Line Protection,186.732,1,0.1,41.496
CA-2012-120782,4/28/2014,5/1/2014,First Class,SD-20485,Shirley Daniels,Home Office,United States,Midland,Michigan,48640,Central,OFF-BI-10003527,Office Supplies,Binders,Fellowes PB500 Electric Punch Plastic Comb Binding Machine with Manual Bind,3812.97,3,0,1906.485
US-2012-164175,4/30/2014,5/5/2014,Standard Class,PS-18970,Paul Stevenson,Home Office,United States,Chicago,Illinois,60610,Central,FUR-CH-10001146,Furniture,Chairs,"Global Value Mid-Back Manager's Chair, Gray",213.115,5,0.3,-15.2225
CA-2012-116687,5/2/2014,5/7/2014,Standard Class,NC-18625,Noah Childs,Corporate,United States,Houston,Texas,77095,Central,OFF-LA-10000443,Office Supplies,Labels,Avery 501,8.856,3,0.2,2.9889
CA-2012-116687,5/2/2014,5/7/2014,Standard Class,NC-18625,Noah Childs,Corporate,United States,Houston,Texas,77095,Central,TEC-PH-10001750,Technology,Phones,Samsung Rugby III,158.376,3,0.2,13.8579
CA-2012-129700,5/4/2014,5/5/2014,First Class,LA-16780,Laura Armstrong,Corporate,United States,Tinley Park,Illinois,60477,Central,FUR-FU-10001940,Furniture,Furnishings,Staple-based wall hangings,22.288,7,0.6,-8.9152
CA-2012-110548,5/4/2014,5/8/2014,Standard Class,AH-10690,Anna Häberlin,Corporate,United States,Houston,Texas,77095,Central,TEC-PH-10002922,Technology,Phones,ShoreTel ShorePhone IP 230 VoIP phone,946.344,7,0.2,118.293
CA-2012-146290,5/4/2014,5/11/2014,Standard Class,SV-20815,Stuart Van,Corporate,United States,Indianapolis,Indiana,46203,Central,OFF-AR-10001897,Office Supplies,Art,Model L Table or Wall-Mount Pencil Sharpener,125.93,7,0,35.2604
CA-2012-137512,5/7/2014,5/12/2014,Standard Class,AG-10675,Anna Gayman,Consumer,United States,Allen,Texas,75002,Central,FUR-TA-10001095,Furniture,Tables,Chromcraft Round Conference Tables,244.006,2,0.3,-31.3722
CA-2012-137512,5/7/2014,5/12/2014,Standard Class,AG-10675,Anna Gayman,Consumer,United States,Allen,Texas,75002,Central,OFF-PA-10000213,Office Supplies,Paper,Xerox 198,15.936,4,0.2,5.3784
CA-2012-136798,5/8/2014,5/12/2014,Standard Class,DL-12925,Daniel Lacy,Consumer,United States,Minneapolis,Minnesota,55407,Central,OFF-BI-10003684,Office Supplies,Binders,Wilson Jones Legal Size Ring Binders,43.98,2,0,21.99
CA-2012-136798,5/8/2014,5/12/2014,Standard Class,DL-12925,Daniel Lacy,Consumer,United States,Minneapolis,Minnesota,55407,Central,TEC-PH-10000441,Technology,Phones,VTech DS6151,377.97,3,0,105.8316
CA-2012-136798,5/8/2014,5/12/2014,Standard Class,DL-12925,Daniel Lacy,Consumer,United States,Minneapolis,Minnesota,55407,Central,FUR-FU-10000723,Furniture,Furnishings,"Deflect-o EconoMat Studded, No Bevel Mat for Low Pile Carpeting",123.96,3,0,11.1564
CA-2012-129217,5/10/2014,5/10/2014,Same Day,DP-13390,Dennis Pardue,Home Office,United States,Aurora,Illinois,60505,Central,OFF-AP-10002439,Office Supplies,Appliances,Tripp Lite Isotel 8 Ultra 8 Outlet Metal Surge,70.97,5,0.8,-191.619
CA-2012-129217,5/10/2014,5/10/2014,Same Day,DP-13390,Dennis Pardue,Home Office,United States,Aurora,Illinois,60505,Central,OFF-AR-10004602,Office Supplies,Art,Boston KS Multi-Size Manual Pencil Sharpener,36.784,2,0.2,3.6784
CA-2012-131856,5/12/2014,5/17/2014,Standard Class,JG-15160,James Galang,Consumer,United States,Houston,Texas,77041,Central,FUR-FU-10000175,Furniture,Furnishings,DAX Wood Document Frame.,21.968,4,0.6,-15.9268
CA-2012-131856,5/12/2014,5/17/2014,Standard Class,JG-15160,James Galang,Consumer,United States,Houston,Texas,77041,Central,TEC-PH-10001336,Technology,Phones,Digium D40 VoIP phone,619.152,6,0.2,69.6546
CA-2012-131856,5/12/2014,5/17/2014,Standard Class,JG-15160,James Galang,Consumer,United States,Houston,Texas,77041,Central,OFF-PA-10001954,Office Supplies,Paper,Xerox 1964,127.904,7,0.2,41.5688
CA-2012-145835,5/13/2014,5/18/2014,Second Class,BF-11170,Ben Ferrer,Home Office,United States,Chicago,Illinois,60623,Central,TEC-PH-10004447,Technology,Phones,Toshiba IPT2010-SD IP Telephone,222.384,2,0.2,16.6788
CA-2012-145835,5/13/2014,5/18/2014,Second Class,BF-11170,Ben Ferrer,Home Office,United States,Chicago,Illinois,60623,Central,OFF-FA-10002280,Office Supplies,Fasteners,Advantus Plastic Paper Clips,16,4,0.2,5.6
US-2012-117184,5/17/2014,5/21/2014,Standard Class,ON-18715,Odella Nelson,Corporate,United States,Houston,Texas,77095,Central,OFF-BI-10002082,Office Supplies,Binders,GBC Twin Loop Wire Binding Elements,33.28,5,0.8,-49.92
US-2012-117184,5/17/2014,5/21/2014,Standard Class,ON-18715,Odella Nelson,Corporate,United States,Houston,Texas,77095,Central,OFF-PA-10002250,Office Supplies,Paper,Things To Do Today Pad,14.088,3,0.2,4.9308
US-2012-168914,5/21/2014,5/27/2014,Standard Class,JE-15745,Joel Eaton,Consumer,United States,Frankfort,Illinois,60423,Central,OFF-AP-10000358,Office Supplies,Appliances,Fellowes Basic Home/Office Series Surge Protectors,20.768,8,0.8,-52.9584
CA-2012-136805,5/23/2014,5/27/2014,Second Class,NM-18445,Nathan Mautz,Home Office,United States,Detroit,Michigan,48234,Central,OFF-AP-10001394,Office Supplies,Appliances,Harmony Air Purifier,850.5,5,0.1,245.7
CA-2012-136805,5/23/2014,5/27/2014,Second Class,NM-18445,Nathan Mautz,Home Office,United States,Detroit,Michigan,48234,Central,FUR-FU-10003724,Furniture,Furnishings,Westinghouse Clip-On Gooseneck Lamps,75.33,9,0,19.5858
US-2012-165512,5/24/2014,5/26/2014,Second Class,VS-21820,Vivek Sundaresam,Consumer,United States,Naperville,Illinois,60540,Central,FUR-CH-10002880,Furniture,Chairs,"Global High-Back Leather Tilter, Burgundy",602.651,7,0.3,-163.5767
US-2012-165512,5/24/2014,5/26/2014,Second Class,VS-21820,Vivek Sundaresam,Consumer,United States,Naperville,Illinois,60540,Central,OFF-BI-10001249,Office Supplies,Binders,Avery Heavy-Duty EZD View Binder with Locking Rings,7.656,6,0.8,-13.0152
US-2012-152128,5/25/2014,5/27/2014,Second Class,NM-18445,Nathan Mautz,Home Office,United States,Wichita,Kansas,67212,Central,OFF-AR-10002445,Office Supplies,Art,SANFORD Major Accent Highlighters,21.24,3,0,8.0712
US-2012-152128,5/25/2014,5/27/2014,Second Class,NM-18445,Nathan Mautz,Home Office,United States,Wichita,Kansas,67212,Central,OFF-BI-10001718,Office Supplies,Binders,GBC DocuBind P50 Personal Binding Machine,127.96,2,0,60.1412
CA-2012-132941,5/25/2014,5/28/2014,First Class,MM-18280,Muhammed MacIntyre,Corporate,United States,Haltom City,Texas,76117,Central,OFF-SU-10002557,Office Supplies,Supplies,Fiskars Spring-Action Scissors,22.368,2,0.2,1.6776
CA-2012-132941,5/25/2014,5/28/2014,First Class,MM-18280,Muhammed MacIntyre,Corporate,United States,Haltom City,Texas,76117,Central,OFF-PA-10002160,Office Supplies,Paper,Xerox 1978,32.368,7,0.2,11.7334
CA-2012-132941,5/25/2014,5/28/2014,First Class,MM-18280,Muhammed MacIntyre,Corporate,United States,Haltom City,Texas,76117,Central,TEC-AC-10003095,Technology,Accessories,Logitech G35 7.1-Channel Surround Sound Headset,207.984,2,0.2,36.3972
CA-2012-143147,5/26/2014,5/28/2014,Second Class,PS-18760,Pamela Stobb,Consumer,United States,San Antonio,Texas,78207,Central,FUR-CH-10000863,Furniture,Chairs,Novimex Swivel Fabric Task Chair,105.686,1,0.3,-28.6862
CA-2012-143147,5/26/2014,5/28/2014,Second Class,PS-18760,Pamela Stobb,Consumer,United States,San Antonio,Texas,78207,Central,TEC-MA-10004679,Technology,Machines,StarTech.com 10/100 VDSL2 Ethernet Extender Kit,399.54,2,0.4,-79.908
CA-2012-143147,5/26/2014,5/28/2014,Second Class,PS-18760,Pamela Stobb,Consumer,United States,San Antonio,Texas,78207,Central,FUR-CH-10004754,Furniture,Chairs,"Global Stack Chair with Arms, Black",104.93,5,0.3,-4.497
CA-2012-168277,5/29/2014,6/3/2014,Standard Class,KB-16315,Karl Braun,Consumer,United States,Indianapolis,Indiana,46203,Central,OFF-LA-10004484,Office Supplies,Labels,Avery 476,12.39,3,0,5.6994
CA-2012-120677,5/31/2014,6/4/2014,Standard Class,BD-11320,Bill Donatelli,Consumer,United States,Minneapolis,Minnesota,55407,Central,FUR-CH-10002320,Furniture,Chairs,Hon Pagoda Stacking Chairs,2567.84,8,0,770.352
CA-2012-100818,5/31/2014,6/5/2014,Second Class,JM-15265,Janet Molinari,Corporate,United States,Chicago,Illinois,60653,Central,OFF-LA-10000443,Office Supplies,Labels,Avery 501,5.904,2,0.2,1.9926
CA-2012-100818,5/31/2014,6/5/2014,Second Class,JM-15265,Janet Molinari,Corporate,United States,Chicago,Illinois,60653,Central,OFF-PA-10001125,Office Supplies,Paper,Xerox 1988,173.488,7,0.2,54.215
CA-2012-100818,5/31/2014,6/5/2014,Second Class,JM-15265,Janet Molinari,Corporate,United States,Chicago,Illinois,60653,Central,FUR-FU-10002703,Furniture,Furnishings,"Tenex Traditional Chairmats for Hard Floors, Average Lip, 36"" x 48""",51.56,2,0.6,-61.872
CA-2012-100818,5/31/2014,6/5/2014,Second Class,JM-15265,Janet Molinari,Corporate,United States,Chicago,Illinois,60653,Central,OFF-BI-10004364,Office Supplies,Binders,Storex Dura Pro Binders,3.564,3,0.8,-6.237
US-2012-163685,6/1/2014,6/5/2014,Standard Class,KE-16420,Katrina Edelman,Corporate,United States,San Antonio,Texas,78207,Central,OFF-BI-10001890,Office Supplies,Binders,Avery Poly Binder Pockets,5.728,8,0.8,-9.1648
US-2012-163685,6/1/2014,6/5/2014,Standard Class,KE-16420,Katrina Edelman,Corporate,United States,San Antonio,Texas,78207,Central,OFF-PA-10002606,Office Supplies,Paper,Xerox 1928,42.24,10,0.2,13.2
US-2012-132836,6/1/2014,6/5/2014,Standard Class,AJ-10945,Ashley Jarboe,Consumer,United States,Detroit,Michigan,48227,Central,TEC-PH-10001299,Technology,Phones,Polycom CX300 Desktop Phone USB VoIP phone,299.98,2,0,83.9944
US-2012-132836,6/1/2014,6/5/2014,Standard Class,AJ-10945,Ashley Jarboe,Consumer,United States,Detroit,Michigan,48227,Central,OFF-BI-10004224,Office Supplies,Binders,Catalog Binders with Expanding Posts,403.68,6,0,181.656
US-2012-132836,6/1/2014,6/5/2014,Standard Class,AJ-10945,Ashley Jarboe,Consumer,United States,Detroit,Michigan,48227,Central,TEC-PH-10001300,Technology,Phones,"iKross Bluetooth Portable Keyboard + Cell Phone Stand Holder + Brush for Apple iPhone 5S 5C 5, 4S 4",41.9,2,0,11.732
US-2012-132836,6/1/2014,6/5/2014,Standard Class,AJ-10945,Ashley Jarboe,Consumer,United States,Detroit,Michigan,48227,Central,OFF-LA-10004178,Office Supplies,Labels,Avery 491,28.91,7,0,13.2986
CA-2012-115168,6/5/2014,6/9/2014,Standard Class,BB-11545,Brenda Bowman,Corporate,United States,Saint Charles,Missouri,63301,Central,OFF-PA-10000528,Office Supplies,Paper,Xerox 1981,10.56,2,0,4.752
CA-2012-164007,6/8/2014,6/12/2014,Standard Class,MG-17695,Maureen Gnade,Consumer,United States,Chicago,Illinois,60610,Central,TEC-AC-10003433,Technology,Accessories,Maxell 4.7GB DVD+R 5/Pack,2.376,3,0.2,0.7425
CA-2012-164007,6/8/2014,6/12/2014,Standard Class,MG-17695,Maureen Gnade,Consumer,United States,Chicago,Illinois,60610,Central,OFF-AP-10003849,Office Supplies,Appliances,Hoover Shoulder Vac Commercial Portable Vacuum,143.128,2,0.8,-393.602
CA-2012-144190,6/9/2014,6/13/2014,Standard Class,NC-18415,Nathan Cano,Consumer,United States,Royal Oak,Michigan,48073,Central,OFF-PA-10000304,Office Supplies,Paper,Xerox 1995,12.96,2,0,6.2208
CA-2012-136105,6/12/2014,6/16/2014,Standard Class,SZ-20035,Sam Zeldin,Home Office,United States,Columbus,Indiana,47201,Central,OFF-ST-10002444,Office Supplies,Storage,Recycled Eldon Regeneration Jumbo File,24.56,2,0,6.8768
CA-2012-118955,6/16/2014,6/20/2014,Standard Class,LS-17230,Lycoris Saunders,Consumer,United States,Grand Prairie,Texas,75051,Central,OFF-EN-10001028,Office Supplies,Envelopes,Staple envelope,28.752,3,0.2,9.3444
CA-2012-118955,6/16/2014,6/20/2014,Standard Class,LS-17230,Lycoris Saunders,Consumer,United States,Grand Prairie,Texas,75051,Central,OFF-PA-10004156,Office Supplies,Paper,Xerox 188,27.216,3,0.2,9.8658
CA-2012-118955,6/16/2014,6/20/2014,Standard Class,LS-17230,Lycoris Saunders,Consumer,United States,Grand Prairie,Texas,75051,Central,FUR-CH-10001708,Furniture,Chairs,Office Star - Contemporary Swivel Chair with Padded Adjustable Arms and Flex Back,197.372,2,0.3,-25.3764
CA-2012-144302,6/19/2014,6/23/2014,Standard Class,ME-17320,Maria Etezadi,Home Office,United States,Dallas,Texas,75081,Central,OFF-BI-10001107,Office Supplies,Binders,"GBC White Gloss Covers, Plain Front",5.792,2,0.8,-9.5568
CA-2012-163734,6/19/2014,6/24/2014,Standard Class,KM-16375,Katherine Murray,Home Office,United States,Houston,Texas,77070,Central,OFF-ST-10003692,Office Supplies,Storage,Recycled Steel Personal File for Hanging File Folders,228.92,5,0.2,14.3075
CA-2012-124975,6/22/2014,6/25/2014,First Class,MG-17875,Michael Grace,Home Office,United States,Aurora,Illinois,60505,Central,FUR-TA-10002645,Furniture,Tables,Hon Rectangular Conference Tables,796.425,7,0.5,-525.6405
CA-2012-119690,6/25/2014,6/28/2014,First Class,MV-17485,Mark Van Huff,Consumer,United States,Houston,Texas,77041,Central,OFF-PA-10001019,Office Supplies,Paper,Xerox 1884,47.952,3,0.2,16.1838
CA-2012-119690,6/25/2014,6/28/2014,First Class,MV-17485,Mark Van Huff,Consumer,United States,Houston,Texas,77041,Central,OFF-BI-10000201,Office Supplies,Binders,"Avery Triangle Shaped Sheet Lifters, Black, 2/Pack",0.984,2,0.8,-1.476
CA-2012-119690,6/25/2014,6/28/2014,First Class,MV-17485,Mark Van Huff,Consumer,United States,Houston,Texas,77041,Central,FUR-FU-10004587,Furniture,Furnishings,"GE General Use Halogen Bulbs, 100 Watts, 1 Bulb per Pack",75.384,9,0.6,-20.7306
CA-2012-119690,6/25/2014,6/28/2014,First Class,MV-17485,Mark Van Huff,Consumer,United States,Houston,Texas,77041,Central,OFF-LA-10001613,Office Supplies,Labels,Avery File Folder Labels,4.608,2,0.2,1.6704
CA-2012-125395,6/26/2014,6/29/2014,Second Class,LA-16780,Laura Armstrong,Corporate,United States,Taylor,Michigan,48180,Central,TEC-AC-10004708,Technology,Accessories,Sony 32GB Class 10 Micro SDHC R40 Memory Card,41.9,2,0,8.799
CA-2012-166583,6/26/2014,6/30/2014,Standard Class,VD-21670,Valerie Dominguez,Consumer,United States,Houston,Texas,77070,Central,TEC-PH-10001578,Technology,Phones,Polycom SoundStation2 EX Conference phone,971.88,3,0.2,109.3365
US-2012-100069,6/29/2014,7/3/2014,Standard Class,NF-18475,Neil Französisch,Home Office,United States,Omaha,Nebraska,68104,Central,TEC-PH-10004667,Technology,Phones,Cisco 8x8 Inc. 6753i IP Business Phone System,269.98,2,0,72.8946
CA-2012-120397,7/2/2014,7/2/2014,Same Day,RB-19435,Richard Bierner,Consumer,United States,Houston,Texas,77070,Central,OFF-AP-10001293,Office Supplies,Appliances,Belkin 8 Outlet Surge Protector,32.784,4,0.8,-85.2384
CA-2012-157322,7/2/2014,7/6/2014,Standard Class,RH-19600,Rob Haberlin,Consumer,United States,Carol Stream,Illinois,60188,Central,FUR-CH-10004086,Furniture,Chairs,Hon 4070 Series Pagoda Armless Upholstered Stacking Chairs,408.422,2,0.3,-5.8346
CA-2012-157322,7/2/2014,7/6/2014,Standard Class,RH-19600,Rob Haberlin,Consumer,United States,Carol Stream,Illinois,60188,Central,FUR-CH-10003774,Furniture,Chairs,"Global Wood Trimmed Manager's Task Chair, Khaki",382.116,6,0.3,-92.7996
CA-2012-157322,7/2/2014,7/6/2014,Standard Class,RH-19600,Rob Haberlin,Consumer,United States,Carol Stream,Illinois,60188,Central,OFF-ST-10004507,Office Supplies,Storage,Advantus Rolling Storage Box,68.6,5,0.2,6.0025
CA-2012-157322,7/2/2014,7/6/2014,Standard Class,RH-19600,Rob Haberlin,Consumer,United States,Carol Stream,Illinois,60188,Central,OFF-ST-10003208,Office Supplies,Storage,Adjustable Depth Letter/Legal Cart,435.504,3,0.2,48.9942
CA-2012-157322,7/2/2014,7/6/2014,Standard Class,RH-19600,Rob Haberlin,Consumer,United States,Carol Stream,Illinois,60188,Central,OFF-PA-10000659,Office Supplies,Paper,"Adams Phone Message Book, Professional, 400 Message Capacity, 5 3/6” x 11”",11.168,2,0.2,3.7692
CA-2012-154956,7/4/2014,7/9/2014,Standard Class,IM-15070,Irene Maddox,Consumer,United States,Milwaukee,Wisconsin,53209,Central,TEC-PH-10004165,Technology,Phones,Mitel MiVoice 5330e IP Phone,1099.96,4,0,285.9896
CA-2012-130610,7/5/2014,7/10/2014,Standard Class,VP-21730,Victor Preis,Home Office,United States,Sterling Heights,Michigan,48310,Central,OFF-BI-10003655,Office Supplies,Binders,Durable Pressboard Binders,19,5,0,8.93
CA-2012-129392,7/8/2014,7/8/2014,Same Day,DM-13015,Darrin Martin,Consumer,United States,Houston,Texas,77070,Central,OFF-PA-10004248,Office Supplies,Paper,Xerox 1990,21.12,5,0.2,6.6
CA-2012-123456,7/9/2014,7/13/2014,Standard Class,KN-16450,Kean Nguyen,Corporate,United States,Dallas,Texas,75220,Central,OFF-AP-10002684,Office Supplies,Appliances,"Acco 7-Outlet Masterpiece Power Center, Wihtout Fax/Phone Line Protection",48.632,2,0.8,-121.58
CA-2012-126557,7/12/2014,7/17/2014,Second Class,RL-19615,Rob Lucas,Consumer,United States,Chicago,Illinois,60610,Central,FUR-CH-10004477,Furniture,Chairs,"Global Push Button Manager's Chair, Indigo",383.607,9,0.3,-5.4801
CA-2012-126557,7/12/2014,7/17/2014,Second Class,RL-19615,Rob Lucas,Consumer,United States,Chicago,Illinois,60610,Central,TEC-PH-10003505,Technology,Phones,Geemarc AmpliPOWER60,148.48,2,0.2,16.704
CA-2012-126557,7/12/2014,7/17/2014,Second Class,RL-19615,Rob Lucas,Consumer,United States,Chicago,Illinois,60610,Central,TEC-PH-10000526,Technology,Phones,Vtech CS6719,537.544,7,0.2,53.7544
CA-2012-126557,7/12/2014,7/17/2014,Second Class,RL-19615,Rob Lucas,Consumer,United States,Chicago,Illinois,60610,Central,OFF-BI-10003314,Office Supplies,Binders,Tuff Stuff Recycled Round Ring Binders,1.928,2,0.8,-2.9884
CA-2012-126557,7/12/2014,7/17/2014,Second Class,RL-19615,Rob Lucas,Consumer,United States,Chicago,Illinois,60610,Central,OFF-AR-10003190,Office Supplies,Art,Newell 32,6.912,3,0.2,0.6912
CA-2012-126557,7/12/2014,7/17/2014,Second Class,RL-19615,Rob Lucas,Consumer,United States,Chicago,Illinois,60610,Central,FUR-FU-10001861,Furniture,Furnishings,"Floodlight Indoor Halogen Bulbs, 1 Bulb per Pack, 60 Watts",7.76,1,0.6,-2.134
CA-2012-126557,7/12/2014,7/17/2014,Second Class,RL-19615,Rob Lucas,Consumer,United States,Chicago,Illinois,60610,Central,TEC-PH-10003963,Technology,Phones,GE 2-Jack Phone Line Splitter,659.168,4,0.2,49.4376
CA-2012-112711,7/12/2014,7/18/2014,Standard Class,FM-14380,Fred McMath,Consumer,United States,Amarillo,Texas,79109,Central,TEC-PH-10000526,Technology,Phones,Vtech CS6719,307.168,4,0.2,30.7168
US-2012-107349,7/13/2014,7/15/2014,First Class,SL-20155,Sara Luxemburg,Home Office,United States,Houston,Texas,77095,Central,OFF-BI-10001765,Office Supplies,Binders,Wilson Jones Heavy-Duty Casebound Ring Binders with Metal Hinges,41.568,6,0.8,-66.5088
CA-2012-121132,7/17/2014,7/24/2014,Standard Class,VB-21745,Victoria Brennan,Corporate,United States,Houston,Texas,77041,Central,OFF-LA-10002368,Office Supplies,Labels,Avery 479,6.264,3,0.2,2.0358
CA-2012-121132,7/17/2014,7/24/2014,Standard Class,VB-21745,Victoria Brennan,Corporate,United States,Houston,Texas,77041,Central,OFF-FA-10004248,Office Supplies,Fasteners,Advantus T-Pin Paper Clips,14.432,4,0.2,3.4276
CA-2012-160472,7/20/2014,7/25/2014,Second Class,RK-19300,Ralph Kennedy,Consumer,United States,South Bend,Indiana,46614,Central,OFF-ST-10000464,Office Supplies,Storage,"Multi-Use Personal File Cart and Caster Set, Three Stacking Bins",34.76,1,0,9.7328
CA-2012-160472,7/20/2014,7/25/2014,Second Class,RK-19300,Ralph Kennedy,Consumer,United States,South Bend,Indiana,46614,Central,TEC-AC-10002253,Technology,Accessories,Imation Bio 8GB USB Flash Drive Imation Corp,831.2,5,0,124.68
CA-2012-160472,7/20/2014,7/25/2014,Second Class,RK-19300,Ralph Kennedy,Consumer,United States,South Bend,Indiana,46614,Central,OFF-PA-10000528,Office Supplies,Paper,Xerox 1981,26.4,5,0,11.88
CA-2012-160472,7/20/2014,7/25/2014,Second Class,RK-19300,Ralph Kennedy,Consumer,United States,South Bend,Indiana,46614,Central,OFF-EN-10000483,Office Supplies,Envelopes,"White Envelopes, White Envelopes with Clear Poly Window",106.75,7,0,49.105
CA-2012-160472,7/20/2014,7/25/2014,Second Class,RK-19300,Ralph Kennedy,Consumer,United States,South Bend,Indiana,46614,Central,OFF-PA-10003129,Office Supplies,Paper,Tops White Computer Printout Paper,97.82,2,0,45.9754
CA-2012-160472,7/20/2014,7/25/2014,Second Class,RK-19300,Ralph Kennedy,Consumer,United States,South Bend,Indiana,46614,Central,OFF-ST-10003442,Office Supplies,Storage,Eldon Portable Mobile Manager,141.4,5,0,38.178
US-2012-122784,7/20/2014,7/27/2014,Standard Class,RA-19915,Russell Applegate,Consumer,United States,Highland Park,Illinois,60035,Central,OFF-BI-10000546,Office Supplies,Binders,Avery Durable Binders,2.88,5,0.8,-4.464
US-2012-122784,7/20/2014,7/27/2014,Standard Class,RA-19915,Russell Applegate,Consumer,United States,Highland Park,Illinois,60035,Central,FUR-BO-10004690,Furniture,Bookcases,O'Sullivan Cherrywood Estates Traditional Barrister Bookcase,384.944,4,0.3,-126.4816
US-2012-122784,7/20/2014,7/27/2014,Standard Class,RA-19915,Russell Applegate,Consumer,United States,Highland Park,Illinois,60035,Central,TEC-PH-10001557,Technology,Phones,Pyle PMP37LED,153.584,2,0.2,13.4386
US-2012-122784,7/20/2014,7/27/2014,Standard Class,RA-19915,Russell Applegate,Consumer,United States,Highland Park,Illinois,60035,Central,FUR-BO-10002545,Furniture,Bookcases,"Atlantic Metals Mobile 3-Shelf Bookcases, Custom Colors",913.43,5,0.3,-52.196
CA-2012-132507,7/30/2014,8/3/2014,Second Class,CC-12610,Corey Catlett,Corporate,United States,Houston,Texas,77041,Central,OFF-ST-10000943,Office Supplies,Storage,Eldon ProFile File 'N Store Portable File Tub Letter/Legal Size Black,61.792,4,0.2,6.1792
US-2012-164966,7/30/2014,8/1/2014,First Class,GH-14410,Gary Hansen,Home Office,United States,Lakeville,Minnesota,55044,Central,FUR-CH-10002304,Furniture,Chairs,"Global Stack Chair without Arms, Black",155.88,6,0,38.97
CA-2012-111017,7/31/2014,8/6/2014,Standard Class,SC-20695,Steve Chapman,Corporate,United States,Saint Louis,Missouri,63116,Central,OFF-SU-10002573,Office Supplies,Supplies,"Acme 10"" Easy Grip Assistive Scissors",52.59,3,0,15.777
CA-2012-112214,8/5/2014,8/11/2014,Standard Class,AH-10690,Anna Häberlin,Corporate,United States,Dallas,Texas,75220,Central,OFF-ST-10001505,Office Supplies,Storage,"Perma STOR-ALL Hanging File Box, 13 1/8""W x 12 1/4""D x 10 1/2""H",33.488,7,0.2,-1.2558
CA-2012-112214,8/5/2014,8/11/2014,Standard Class,AH-10690,Anna Häberlin,Corporate,United States,Dallas,Texas,75220,Central,OFF-SU-10003567,Office Supplies,Supplies,Stiletto Hand Letter Openers,23.04,3,0.2,-4.896
CA-2012-112214,8/5/2014,8/11/2014,Standard Class,AH-10690,Anna Häberlin,Corporate,United States,Dallas,Texas,75220,Central,OFF-BI-10002982,Office Supplies,Binders,Avery Self-Adhesive Photo Pockets for Polaroid Photos,1.362,1,0.8,-2.1792
CA-2012-112214,8/5/2014,8/11/2014,Standard Class,AH-10690,Anna Häberlin,Corporate,United States,Dallas,Texas,75220,Central,FUR-FU-10002364,Furniture,Furnishings,"Eldon Expressions Wood Desk Accessories, Oak",14.76,5,0.6,-11.439
CA-2012-160794,8/6/2014,8/8/2014,First Class,MS-17980,Michael Stewart,Corporate,United States,Houston,Texas,77041,Central,OFF-PA-10004156,Office Supplies,Paper,Xerox 188,27.216,3,0.2,9.8658
CA-2012-135251,8/6/2014,8/10/2014,Standard Class,RP-19270,Rachel Payne,Corporate,United States,Houston,Texas,77095,Central,OFF-LA-10004544,Office Supplies,Labels,Avery 505,35.52,3,0.2,13.32
CA-2012-135251,8/6/2014,8/10/2014,Standard Class,RP-19270,Rachel Payne,Corporate,United States,Houston,Texas,77095,Central,OFF-BI-10001097,Office Supplies,Binders,Avery Hole Reinforcements,6.23,5,0.8,-9.6565
CA-2012-135251,8/6/2014,8/10/2014,Standard Class,RP-19270,Rachel Payne,Corporate,United States,Houston,Texas,77095,Central,OFF-PA-10003302,Office Supplies,Paper,Xerox 1906,56.704,2,0.2,19.1376
CA-2012-135251,8/6/2014,8/10/2014,Standard Class,RP-19270,Rachel Payne,Corporate,United States,Houston,Texas,77095,Central,FUR-BO-10003965,Furniture,Bookcases,O'Sullivan Manor Hill 2-Door Library in Brianna Oak,369.1992,3,0.32,-114.0174
US-2012-124219,8/7/2014,8/8/2014,First Class,KW-16570,Kelly Williams,Consumer,United States,Kirkwood,Missouri,63122,Central,OFF-BI-10002215,Office Supplies,Binders,"Wilson Jones Hanging View Binder, White, 1""",28.4,4,0,13.064
US-2012-124219,8/7/2014,8/8/2014,First Class,KW-16570,Kelly Williams,Consumer,United States,Kirkwood,Missouri,63122,Central,FUR-FU-10000305,Furniture,Furnishings,"Tenex V2T-RE Standard Weight Series Chair Mat, 45"" x 53"", Lip 25"" x 12""",212.94,3,0,34.0704
CA-2012-163055,8/9/2014,8/16/2014,Standard Class,DS-13180,David Smith,Corporate,United States,Detroit,Michigan,48227,Central,OFF-AR-10001026,Office Supplies,Art,"Sanford Uni-Blazer View Highlighters, Chisel Tip, Yellow",2.2,1,0,0.968
CA-2012-163055,8/9/2014,8/16/2014,Standard Class,DS-13180,David Smith,Corporate,United States,Detroit,Michigan,48227,Central,FUR-TA-10003748,Furniture,Tables,Bevis 36 x 72 Conference Tables,622.45,5,0,136.939
CA-2012-163055,8/9/2014,8/16/2014,Standard Class,DS-13180,David Smith,Corporate,United States,Detroit,Michigan,48227,Central,OFF-ST-10002485,Office Supplies,Storage,Rogers Deluxe File Chest,21.98,1,0,0.2198
CA-2012-103954,8/9/2014,8/13/2014,Second Class,HR-14770,Hallie Redmond,Home Office,United States,Milwaukee,Wisconsin,53209,Central,FUR-BO-10004690,Furniture,Bookcases,O'Sullivan Cherrywood Estates Traditional Barrister Bookcase,687.4,5,0,48.118
CA-2012-130022,8/10/2014,8/16/2014,Standard Class,JK-16120,Julie Kriz,Home Office,United States,Eagan,Minnesota,55122,Central,OFF-LA-10002787,Office Supplies,Labels,Avery 480,3.75,1,0,1.8
CA-2012-130022,8/10/2014,8/16/2014,Standard Class,JK-16120,Julie Kriz,Home Office,United States,Eagan,Minnesota,55122,Central,OFF-LA-10002043,Office Supplies,Labels,Avery 489,41.4,4,0,19.872
CA-2012-130022,8/10/2014,8/16/2014,Standard Class,JK-16120,Julie Kriz,Home Office,United States,Eagan,Minnesota,55122,Central,OFF-AR-10001915,Office Supplies,Art,Peel-Off China Markers,29.79,3,0,12.5118
CA-2012-121699,8/10/2014,8/14/2014,Standard Class,BD-11320,Bill Donatelli,Consumer,United States,Detroit,Michigan,48227,Central,OFF-BI-10004632,Office Supplies,Binders,GBC Binding covers,64.75,5,0,29.1375
CA-2012-150441,8/13/2014,8/17/2014,Second Class,RA-19285,Ralph Arnett,Consumer,United States,Richmond,Indiana,47374,Central,OFF-BI-10003529,Office Supplies,Binders,Avery Round Ring Poly Binders,11.36,4,0,5.5664
CA-2012-114468,8/23/2014,8/23/2014,Same Day,TD-20995,Tamara Dahlen,Consumer,United States,Bolingbrook,Illinois,60440,Central,OFF-SU-10004231,Office Supplies,Supplies,Acme Tagit Stainless Steel Antibacterial Scissors,31.68,4,0.2,2.772
CA-2012-114468,8/23/2014,8/23/2014,Same Day,TD-20995,Tamara Dahlen,Consumer,United States,Bolingbrook,Illinois,60440,Central,OFF-PA-10000809,Office Supplies,Paper,Xerox 206,10.368,2,0.2,3.6288
CA-2012-114468,8/23/2014,8/23/2014,Same Day,TD-20995,Tamara Dahlen,Consumer,United States,Bolingbrook,Illinois,60440,Central,OFF-FA-10003021,Office Supplies,Fasteners,Staples,12.032,8,0.2,2.256
CA-2012-114468,8/23/2014,8/23/2014,Same Day,TD-20995,Tamara Dahlen,Consumer,United States,Bolingbrook,Illinois,60440,Central,OFF-AP-10000696,Office Supplies,Appliances,Holmes Odor Grabber,5.768,2,0.8,-13.5548
CA-2012-146563,8/24/2014,8/28/2014,Standard Class,CB-12025,Cassandra Brandow,Consumer,United States,Arlington,Texas,76017,Central,OFF-ST-10001490,Office Supplies,Storage,"Hot File 7-Pocket, Floor Stand",999.432,7,0.2,124.929
CA-2012-146563,8/24/2014,8/28/2014,Standard Class,CB-12025,Cassandra Brandow,Consumer,United States,Arlington,Texas,76017,Central,OFF-ST-10001511,Office Supplies,Storage,Space Solutions Commercial Steel Shelving,724.08,14,0.2,-135.765
CA-2012-146563,8/24/2014,8/28/2014,Standard Class,CB-12025,Cassandra Brandow,Consumer,United States,Arlington,Texas,76017,Central,FUR-TA-10001768,Furniture,Tables,Hon Racetrack Conference Tables,918.785,5,0.3,-118.1295
CA-2012-146563,8/24/2014,8/28/2014,Standard Class,CB-12025,Cassandra Brandow,Consumer,United States,Arlington,Texas,76017,Central,OFF-BI-10003981,Office Supplies,Binders,"Avery Durable Plastic 1"" Binders",2.724,3,0.8,-4.2222
CA-2012-168809,8/25/2014,8/25/2014,Same Day,MC-18100,Mick Crebagga,Consumer,United States,Houston,Texas,77041,Central,FUR-FU-10001473,Furniture,Furnishings,"Eldon Executive Woodline II Desk Accessories, Mahogany",20.104,2,0.6,-16.5858
CA-2012-168809,8/25/2014,8/25/2014,Same Day,MC-18100,Mick Crebagga,Consumer,United States,Houston,Texas,77041,Central,OFF-BI-10000315,Office Supplies,Binders,Poly Designer Cover & Back,3.798,1,0.8,-6.0768
CA-2012-168809,8/25/2014,8/25/2014,Same Day,MC-18100,Mick Crebagga,Consumer,United States,Houston,Texas,77041,Central,FUR-FU-10002240,Furniture,Furnishings,Nu-Dell EZ-Mount Plastic Wall Frames,7.88,5,0.6,-3.94
US-2012-100377,8/28/2014,9/1/2014,Standard Class,TS-21370,Todd Sumrall,Corporate,United States,Chicago,Illinois,60623,Central,TEC-CO-10001046,Technology,Copiers,Canon Imageclass D680 Copier / Fax,2799.96,5,0.2,874.9875
CA-2012-166219,8/28/2014,9/1/2014,Standard Class,BP-11185,Ben Peterman,Corporate,United States,Dallas,Texas,75081,Central,TEC-PH-10004165,Technology,Phones,Mitel MiVoice 5330e IP Phone,1099.96,5,0.2,82.497
CA-2012-166219,8/28/2014,9/1/2014,Standard Class,BP-11185,Ben Peterman,Corporate,United States,Dallas,Texas,75081,Central,FUR-TA-10004607,Furniture,Tables,Hon 2111 Invitation Series Straight Table,103.481,1,0.3,-16.2613
CA-2012-108532,8/29/2014,9/2/2014,Standard Class,CC-12100,Chad Cunningham,Home Office,United States,Detroit,Michigan,48234,Central,TEC-PH-10001750,Technology,Phones,Samsung Rugby III,131.98,2,0,35.6346
CA-2012-108532,8/29/2014,9/2/2014,Standard Class,CC-12100,Chad Cunningham,Home Office,United States,Detroit,Michigan,48234,Central,TEC-AC-10004510,Technology,Accessories,Logitech Desktop MK120 Mouse and keyboard Combo,114.52,7,0,11.452
CA-2012-142139,8/31/2014,9/5/2014,Standard Class,SD-20485,Shirley Daniels,Home Office,United States,Bedford,Texas,76021,Central,OFF-PA-10003883,Office Supplies,Paper,"Message Book, Phone, Wirebound Standard Line Memo, 2 3/4"" X 5""",20.96,4,0.2,6.812
CA-2012-169537,9/3/2014,9/7/2014,Second Class,JH-15820,John Huston,Consumer,United States,Holland,Michigan,49423,Central,OFF-LA-10001982,Office Supplies,Labels,Smead Alpha-Z Color-Coded Name Labels First Letter Starter Set,7.5,2,0,3.6
CA-2012-159863,9/4/2014,9/7/2014,Second Class,DS-13180,David Smith,Corporate,United States,Houston,Texas,77095,Central,TEC-AC-10000109,Technology,Accessories,Sony Micro Vault Click 16 GB USB 2.0 Flash Drive,134.376,3,0.2,6.7188
CA-2012-162621,9/5/2014,9/11/2014,Standard Class,CA-12055,Cathy Armstrong,Home Office,United States,Houston,Texas,77036,Central,OFF-BI-10000962,Office Supplies,Binders,"Acco Flexible ACCOHIDE Square Ring Data Binder, Dark Blue, 11 1/2"" X 14"" 7/8""",16.27,5,0.8,-25.2185
CA-2012-162621,9/5/2014,9/11/2014,Standard Class,CA-12055,Cathy Armstrong,Home Office,United States,Houston,Texas,77036,Central,OFF-SU-10003567,Office Supplies,Supplies,Stiletto Hand Letter Openers,69.12,9,0.2,-14.688
CA-2012-162621,9/5/2014,9/11/2014,Standard Class,CA-12055,Cathy Armstrong,Home Office,United States,Houston,Texas,77036,Central,OFF-BI-10003708,Office Supplies,Binders,"Acco Four Pocket Poly Ring Binder with Label Holder, Smoke, 1""",4.47,3,0.8,-7.8225
CA-2012-105158,9/5/2014,9/10/2014,Standard Class,SP-20860,Sung Pak,Corporate,United States,Rochester,Minnesota,55901,Central,FUR-FU-10001706,Furniture,Furnishings,Longer-Life Soft White Bulbs,6.16,2,0,2.9568
CA-2012-105158,9/5/2014,9/10/2014,Standard Class,SP-20860,Sung Pak,Corporate,United States,Rochester,Minnesota,55901,Central,OFF-PA-10001970,Office Supplies,Paper,Xerox 1881,36.84,3,0,17.3148
CA-2012-122623,9/7/2014,9/11/2014,Standard Class,CC-12145,Charles Crestani,Consumer,United States,El Paso,Texas,79907,Central,FUR-CH-10000553,Furniture,Chairs,"Metal Folding Chairs, Beige, 4/Carton",47.516,2,0.3,-2.0364
CA-2012-168186,9/10/2014,9/15/2014,Standard Class,AB-10150,Aimee Bixby,Consumer,United States,Tulsa,Oklahoma,74133,Central,OFF-PA-10000477,Office Supplies,Paper,Xerox 1952,14.94,3,0,7.0218
CA-2012-139374,9/10/2014,9/14/2014,Standard Class,AR-10345,Alex Russell,Corporate,United States,Austin,Texas,78745,Central,FUR-CH-10003981,Furniture,Chairs,Global Commerce Series Low-Back Swivel/Tilt Chairs,179.886,1,0.3,-2.5698
CA-2012-115567,9/13/2014,9/18/2014,Standard Class,ZC-21910,Zuschuss Carroll,Consumer,United States,Columbus,Indiana,47201,Central,TEC-AC-10001314,Technology,Accessories,Case Logic 2.4GHz Wireless Keyboard,199.96,4,0,15.9968
CA-2012-115567,9/13/2014,9/18/2014,Standard Class,ZC-21910,Zuschuss Carroll,Consumer,United States,Columbus,Indiana,47201,Central,FUR-CH-10000015,Furniture,Chairs,Hon Multipurpose Stacking Arm Chairs,1516.2,7,0,394.212
CA-2012-136728,9/13/2014,9/17/2014,Second Class,AG-10900,Arthur Gainer,Consumer,United States,Chicago,Illinois,60623,Central,OFF-EN-10002621,Office Supplies,Envelopes,Staple envelope,7.824,1,0.2,2.934
CA-2012-136728,9/13/2014,9/17/2014,Second Class,AG-10900,Arthur Gainer,Consumer,United States,Chicago,Illinois,60623,Central,FUR-CH-10003817,Furniture,Chairs,"Global Value Steno Chair, Gray",170.072,4,0.3,-12.148
CA-2012-115924,9/14/2014,9/18/2014,Second Class,BE-11455,Brad Eason,Home Office,United States,Des Moines,Iowa,50315,Central,OFF-BI-10004040,Office Supplies,Binders,Wilson Jones Impact Binders,25.9,5,0,12.691
CA-2012-145849,9/15/2014,9/17/2014,Second Class,CT-11995,Carol Triggs,Consumer,United States,Indianapolis,Indiana,46203,Central,OFF-ST-10000025,Office Supplies,Storage,Fellowes Stor/Drawer Steel Plus Storage Drawers,190.86,2,0,11.4516
CA-2012-145849,9/15/2014,9/17/2014,Second Class,CT-11995,Carol Triggs,Consumer,United States,Indianapolis,Indiana,46203,Central,OFF-AR-10000817,Office Supplies,Art,Manco Dry-Lighter Erasable Highlighter,24.32,8,0,8.2688
CA-2012-143077,9/17/2014,9/21/2014,Standard Class,SF-20965,Sylvia Foulston,Corporate,United States,Houston,Texas,77041,Central,FUR-FU-10003535,Furniture,Furnishings,Howard Miller Distant Time Traveler Alarm Clock,21.936,2,0.6,-10.4196
CA-2012-143077,9/17/2014,9/21/2014,Standard Class,SF-20965,Sylvia Foulston,Corporate,United States,Houston,Texas,77041,Central,OFF-BI-10000088,Office Supplies,Binders,GBC Imprintable Covers,6.588,3,0.8,-10.2114
CA-2012-126970,9/20/2014,9/24/2014,Standard Class,TP-21130,Theone Pippenger,Consumer,United States,Naperville,Illinois,60540,Central,OFF-BI-10000138,Office Supplies,Binders,Acco Translucent Poly Ring Binders,2.808,3,0.8,-4.4928
CA-2012-126697,9/21/2014,9/24/2014,First Class,SV-20815,Stuart Van,Corporate,United States,Houston,Texas,77041,Central,TEC-PH-10002922,Technology,Phones,ShoreTel ShorePhone IP 230 VoIP phone,946.344,7,0.2,118.293
CA-2012-126697,9/21/2014,9/24/2014,First Class,SV-20815,Stuart Van,Corporate,United States,Houston,Texas,77041,Central,TEC-AC-10004353,Technology,Accessories,Hypercom P1300 Pinpad,151.2,3,0.2,32.13
CA-2012-126697,9/21/2014,9/24/2014,First Class,SV-20815,Stuart Van,Corporate,United States,Houston,Texas,77041,Central,FUR-FU-10001706,Furniture,Furnishings,Longer-Life Soft White Bulbs,4.928,4,0.6,-1.4784
CA-2012-168480,9/21/2014,9/27/2014,Standard Class,DM-12955,Dario Medina,Corporate,United States,Lincoln Park,Michigan,48146,Central,FUR-BO-10000468,Furniture,Bookcases,O'Sullivan 2-Shelf Heavy-Duty Bookcases,194.32,4,0,31.0912
CA-2012-168480,9/21/2014,9/27/2014,Standard Class,DM-12955,Dario Medina,Corporate,United States,Lincoln Park,Michigan,48146,Central,OFF-AR-10001044,Office Supplies,Art,"BOSTON Ranger #55 Pencil Sharpener, Black",25.99,1,0,7.5371
CA-2012-153381,9/24/2014,9/28/2014,Standard Class,DE-13255,Deanra Eno,Home Office,United States,Dubuque,Iowa,52001,Central,OFF-BI-10001525,Office Supplies,Binders,"Acco Pressboard Covers with Storage Hooks, 14 7/8"" x 11"", Executive Red",15.24,4,0,6.858
CA-2012-153381,9/24/2014,9/28/2014,Standard Class,DE-13255,Deanra Eno,Home Office,United States,Dubuque,Iowa,52001,Central,FUR-CH-10000988,Furniture,Chairs,Hon Olson Stacker Stools,1408.1,10,0,394.268
US-2012-164308,9/24/2014,9/27/2014,First Class,SC-20680,Steve Carroll,Home Office,United States,Broken Arrow,Oklahoma,74012,Central,TEC-PH-10004120,Technology,Phones,AT&T 1080 Phone,821.94,6,0,213.7044
CA-2012-139738,9/25/2014,9/29/2014,Standard Class,DK-12895,Dana Kaydos,Consumer,United States,Rockford,Illinois,61107,Central,OFF-AR-10004602,Office Supplies,Art,Boston KS Multi-Size Manual Pencil Sharpener,128.744,7,0.2,12.8744
US-2012-161991,9/26/2014,9/28/2014,Second Class,SC-20725,Steven Cartwright,Consumer,United States,Houston,Texas,77070,Central,OFF-BI-10004967,Office Supplies,Binders,Round Ring Binders,2.08,5,0.8,-3.432
US-2012-161991,9/26/2014,9/28/2014,Second Class,SC-20725,Steven Cartwright,Consumer,United States,Houston,Texas,77070,Central,TEC-PH-10001760,Technology,Phones,Bose SoundLink Bluetooth Speaker,1114.4,7,0.2,376.11
US-2012-100531,9/27/2014,9/29/2014,First Class,NM-18520,Neoma Murray,Consumer,United States,Chicago,Illinois,60610,Central,OFF-BI-10001670,Office Supplies,Binders,Vinyl Sectional Post Binders,15.08,2,0.8,-22.62
US-2012-100531,9/27/2014,9/29/2014,First Class,NM-18520,Neoma Murray,Consumer,United States,Chicago,Illinois,60610,Central,FUR-FU-10003849,Furniture,Furnishings,"DAX Metal Frame, Desktop, Stepped-Edge",24.288,3,0.6,-12.7512
CA-2012-103072,9/27/2014,9/30/2014,Second Class,HW-14935,Helen Wasserman,Corporate,United States,Detroit,Michigan,48205,Central,OFF-AR-10000127,Office Supplies,Art,Newell 321,16.4,5,0,4.756
CA-2012-103072,9/27/2014,9/30/2014,Second Class,HW-14935,Helen Wasserman,Corporate,United States,Detroit,Michigan,48205,Central,OFF-PA-10003172,Office Supplies,Paper,Xerox 1996,25.92,4,0,12.4416
CA-2012-148873,10/1/2014,10/5/2014,Standard Class,EM-13960,Eric Murdock,Consumer,United States,Quincy,Illinois,62301,Central,OFF-BI-10003196,Office Supplies,Binders,Accohide Poly Flexible Ring Binders,2.992,4,0.8,-4.488
CA-2012-148873,10/1/2014,10/5/2014,Standard Class,EM-13960,Eric Murdock,Consumer,United States,Quincy,Illinois,62301,Central,TEC-AC-10003657,Technology,Accessories,Lenovo 17-Key USB Numeric Keypad,108.768,4,0.2,2.7192
CA-2012-125710,10/8/2014,10/13/2014,Standard Class,BT-11680,Brian Thompson,Consumer,United States,Houston,Texas,77036,Central,OFF-AR-10000657,Office Supplies,Art,"Binney & Smith inkTank Desk Highlighter, Chisel Tip, Yellow, 12/Box",3.44,2,0.2,0.559
CA-2012-131352,10/8/2014,10/13/2014,Standard Class,GH-14485,Gene Hale,Corporate,United States,Dallas,Texas,75081,Central,FUR-FU-10003708,Furniture,Furnishings,"Tenex Traditional Chairmats for Medium Pile Carpet, Standard Lip, 36"" x 48""",72.78,3,0.6,-70.9605
CA-2012-124107,10/9/2014,10/12/2014,Second Class,BM-11650,Brian Moss,Corporate,United States,Ann Arbor,Michigan,48104,Central,TEC-AC-10002049,Technology,Accessories,Logitech G19 Programmable Gaming Keyboard,619.95,5,0,111.591
CA-2012-124107,10/9/2014,10/12/2014,Second Class,BM-11650,Brian Moss,Corporate,United States,Ann Arbor,Michigan,48104,Central,TEC-PH-10003875,Technology,Phones,KLD Oscar II Style Snap-on Ultra Thin Side Flip Synthetic Leather Cover Case for HTC One HTC M7,29.16,3,0,8.4564
CA-2012-124107,10/9/2014,10/12/2014,Second Class,BM-11650,Brian Moss,Corporate,United States,Ann Arbor,Michigan,48104,Central,OFF-EN-10003286,Office Supplies,Envelopes,Staple envelope,57.96,7,0,27.2412
CA-2012-124107,10/9/2014,10/12/2014,Second Class,BM-11650,Brian Moss,Corporate,United States,Ann Arbor,Michigan,48104,Central,OFF-AP-10003971,Office Supplies,Appliances,Belkin 6 Outlet Metallic Surge Strip,29.403,3,0.1,5.2272
CA-2012-124499,10/9/2014,10/13/2014,Standard Class,FM-14380,Fred McMath,Consumer,United States,Detroit,Michigan,48227,Central,FUR-CH-10000513,Furniture,Chairs,High-Back Leather Manager's Chair,389.97,3,0,35.0973
CA-2012-124499,10/9/2014,10/13/2014,Standard Class,FM-14380,Fred McMath,Consumer,United States,Detroit,Michigan,48227,Central,OFF-AP-10002191,Office Supplies,Appliances,Belkin 8 Outlet SurgeMaster II Gold Surge Protector,269.91,5,0.1,53.982
CA-2012-112522,10/10/2014,10/17/2014,Standard Class,DP-13165,David Philippe,Consumer,United States,Chicago,Illinois,60610,Central,OFF-AR-10003183,Office Supplies,Art,Avery Fluorescent Highlighter Four-Color Set,8.016,3,0.2,1.002
CA-2012-134747,10/12/2014,10/17/2014,Second Class,DL-12925,Daniel Lacy,Consumer,United States,Noblesville,Indiana,46060,Central,TEC-PH-10002890,Technology,Phones,AT&T 17929 Lendline Telephone,135.72,3,0,35.2872
CA-2012-134747,10/12/2014,10/17/2014,Second Class,DL-12925,Daniel Lacy,Consumer,United States,Noblesville,Indiana,46060,Central,OFF-BI-10001308,Office Supplies,Binders,GBC Standard Plastic Binding Systems' Combs,12.56,2,0,5.652
CA-2012-134747,10/12/2014,10/17/2014,Second Class,DL-12925,Daniel Lacy,Consumer,United States,Noblesville,Indiana,46060,Central,TEC-PH-10001750,Technology,Phones,Samsung Rugby III,263.96,4,0,71.2692
CA-2012-129476,10/15/2014,10/20/2014,Standard Class,PA-19060,Pete Armstrong,Home Office,United States,Orland Park,Illinois,60462,Central,TEC-AC-10000844,Technology,Accessories,Logitech Gaming G510s - Keyboard,339.96,5,0.2,67.992
CA-2012-139731,10/15/2014,10/15/2014,Same Day,JE-15745,Joel Eaton,Consumer,United States,Amarillo,Texas,79109,Central,TEC-AC-10004975,Technology,Accessories,Plantronics Audio 995 Wireless Stereo Headset,263.88,3,0.2,42.8805
CA-2012-139731,10/15/2014,10/15/2014,Same Day,JE-15745,Joel Eaton,Consumer,United States,Amarillo,Texas,79109,Central,FUR-CH-10002024,Furniture,Chairs,HON 5400 Series Task Chairs for Big and Tall,2453.43,5,0.3,-350.49
US-2012-126235,10/15/2014,10/15/2014,Same Day,GA-14725,Guy Armstrong,Consumer,United States,Mount Pleasant,Michigan,48858,Central,FUR-FU-10000719,Furniture,Furnishings,"DAX Cubicle Frames, 8-1/2 x 11",17.14,2,0,6.1704
US-2012-123918,10/15/2014,10/15/2014,Same Day,CG-12520,Claire Gute,Consumer,United States,Dallas,Texas,75217,Central,FUR-FU-10004952,Furniture,Furnishings,"C-Line Cubicle Keepers Polyproplyene Holder w/Velcro Back, 8-1/2x11, 25/Bx",131.376,6,0.6,-95.2476
US-2012-123918,10/15/2014,10/15/2014,Same Day,CG-12520,Claire Gute,Consumer,United States,Dallas,Texas,75217,Central,OFF-PA-10003001,Office Supplies,Paper,Xerox 1986,5.344,1,0.2,1.8704
US-2012-118766,10/15/2014,10/22/2014,Standard Class,LS-16975,Lindsay Shagiari,Home Office,United States,Dallas,Texas,75217,Central,OFF-EN-10001415,Office Supplies,Envelopes,Staple envelope,4.464,1,0.2,1.674
US-2012-118766,10/15/2014,10/22/2014,Standard Class,LS-16975,Lindsay Shagiari,Home Office,United States,Dallas,Texas,75217,Central,OFF-BI-10002813,Office Supplies,Binders,Avery Reinforcements for Hole-Punch Pages,3.96,10,0.8,-6.93
CA-2012-105613,10/18/2014,10/22/2014,Standard Class,KN-16705,Kristina Nunn,Home Office,United States,Mcallen,Texas,78501,Central,TEC-AC-10000521,Technology,Accessories,"Verbatim Slim CD and DVD Storage Cases, 50/Pack",27.696,3,0.2,3.462
CA-2012-105613,10/18/2014,10/22/2014,Standard Class,KN-16705,Kristina Nunn,Home Office,United States,Mcallen,Texas,78501,Central,OFF-AP-10000026,Office Supplies,Appliances,Tripp Lite Isotel 6 Outlet Surge Protector with Fax/Modem Protection,73.164,6,0.8,-186.5682
CA-2012-113901,10/19/2014,10/24/2014,Standard Class,NH-18610,Nicole Hansen,Corporate,United States,Detroit,Michigan,48227,Central,OFF-BI-10001249,Office Supplies,Binders,Avery Heavy-Duty EZD View Binder with Locking Rings,38.28,6,0,17.6088
CA-2012-113901,10/19/2014,10/24/2014,Standard Class,NH-18610,Nicole Hansen,Corporate,United States,Detroit,Michigan,48227,Central,TEC-PH-10002564,Technology,Phones,OtterBox Defender Series Case - Samsung Galaxy S4,149.95,5,0,44.985
CA-2012-150413,10/19/2014,10/24/2014,Second Class,CS-11860,Cari Schnelling,Consumer,United States,Dallas,Texas,75220,Central,OFF-BI-10000404,Office Supplies,Binders,Avery Printable Repositionable Plastic Tabs,1.72,1,0.8,-2.838
US-2012-104430,10/22/2014,10/26/2014,Standard Class,LT-17110,Liz Thompson,Consumer,United States,Bloomington,Illinois,61701,Central,OFF-BI-10000301,Office Supplies,Binders,GBC Instant Report Kit,5.176,4,0.8,-7.764
CA-2012-110877,10/23/2014,10/26/2014,First Class,JE-15715,Joe Elijah,Consumer,United States,Houston,Texas,77041,Central,OFF-PA-10004621,Office Supplies,Paper,Xerox 212,36.288,7,0.2,12.7008
CA-2012-110877,10/23/2014,10/26/2014,First Class,JE-15715,Joe Elijah,Consumer,United States,Houston,Texas,77041,Central,TEC-PH-10002103,Technology,Phones,Jabra SPEAK 410,150.384,2,0.2,15.0384
CA-2012-109190,10/23/2014,10/28/2014,Standard Class,CC-12685,Craig Carroll,Consumer,United States,Lubbock,Texas,79424,Central,OFF-PA-10000069,Office Supplies,Paper,"TOPS 4 x 6 Fluorescent Color Memo Sheets, 500 Sheets per Pack",60.736,8,0.2,20.4984
CA-2012-109190,10/23/2014,10/28/2014,Standard Class,CC-12685,Craig Carroll,Consumer,United States,Lubbock,Texas,79424,Central,TEC-CO-10001943,Technology,Copiers,Canon PC-428 Personal Copier,479.976,3,0.2,161.9919
CA-2012-109190,10/23/2014,10/28/2014,Standard Class,CC-12685,Craig Carroll,Consumer,United States,Lubbock,Texas,79424,Central,OFF-BI-10000977,Office Supplies,Binders,Ibico Plastic Spiral Binding Combs,6.08,1,0.8,-10.336
CA-2012-118738,10/24/2014,10/30/2014,Standard Class,AG-10495,Andrew Gjertsen,Corporate,United States,Houston,Texas,77041,Central,OFF-PA-10003177,Office Supplies,Paper,Xerox 1999,15.552,3,0.2,5.4432
CA-2012-118738,10/24/2014,10/30/2014,Standard Class,AG-10495,Andrew Gjertsen,Corporate,United States,Houston,Texas,77041,Central,FUR-TA-10002607,Furniture,Tables,KI Conference Tables,347.361,7,0.3,-69.4722
CA-2012-118738,10/24/2014,10/30/2014,Standard Class,AG-10495,Andrew Gjertsen,Corporate,United States,Houston,Texas,77041,Central,OFF-PA-10001166,Office Supplies,Paper,Xerox 2,10.368,2,0.2,3.6288
CA-2012-156608,10/24/2014,10/29/2014,Standard Class,MT-18070,Michelle Tran,Home Office,United States,San Antonio,Texas,78207,Central,OFF-BI-10004140,Office Supplies,Binders,Avery Non-Stick Binders,3.592,4,0.8,-6.286
CA-2012-123673,10/30/2014,11/1/2014,Second Class,CH-12070,Cathy Hwang,Home Office,United States,Detroit,Michigan,48227,Central,TEC-PH-10001809,Technology,Phones,Panasonic KX T7736-B Digital phone,299.9,2,0,74.975
CA-2012-122259,10/31/2014,11/4/2014,Standard Class,HP-14815,Harold Pawlan,Home Office,United States,Jackson,Michigan,49201,Central,OFF-SU-10002573,Office Supplies,Supplies,"Acme 10"" Easy Grip Assistive Scissors",70.12,4,0,21.036
CA-2012-141810,11/2/2014,11/7/2014,Standard Class,BB-10990,Barry Blumstein,Corporate,United States,San Antonio,Texas,78207,Central,OFF-BI-10001524,Office Supplies,Binders,GBC Premium Transparent Covers with Diagonal Lined Pattern,29.372,7,0.8,-46.9952
CA-2012-141810,11/2/2014,11/7/2014,Standard Class,BB-10990,Barry Blumstein,Corporate,United States,San Antonio,Texas,78207,Central,TEC-PH-10002200,Technology,Phones,Aastra 6757i CT Wireless VoIP phone,344.704,2,0.2,38.7792
CA-2012-121041,11/3/2014,11/10/2014,Standard Class,CS-12250,Chris Selesnick,Corporate,United States,Haltom City,Texas,76117,Central,OFF-EN-10001137,Office Supplies,Envelopes,"#10 Gummed Flap White Envelopes, 100/Box",6.608,2,0.2,2.1476
CA-2012-103961,11/5/2014,11/9/2014,Standard Class,NG-18430,Nathan Gelder,Consumer,United States,Quincy,Illinois,62301,Central,OFF-LA-10004484,Office Supplies,Labels,Avery 476,19.824,6,0.2,6.4428
CA-2012-126669,11/7/2014,11/13/2014,Standard Class,DO-13645,Doug O'Connell,Consumer,United States,Houston,Texas,77036,Central,OFF-PA-10001357,Office Supplies,Paper,Xerox 1886,76.64,2,0.2,26.824
CA-2012-163181,11/7/2014,11/12/2014,Standard Class,AB-10105,Adrian Barton,Consumer,United States,Houston,Texas,77041,Central,OFF-AR-10001683,Office Supplies,Art,Lumber Crayons,23.64,3,0.2,5.319
CA-2012-163181,11/7/2014,11/12/2014,Standard Class,AB-10105,Adrian Barton,Consumer,United States,Houston,Texas,77041,Central,OFF-ST-10001713,Office Supplies,Storage,"Gould Plastics 9-Pocket Panel Bin, 18-3/8w x 5-1/4d x 20-1/2h, Black",84.784,2,0.2,-16.9568
CA-2012-163181,11/7/2014,11/12/2014,Standard Class,AB-10105,Adrian Barton,Consumer,United States,Houston,Texas,77041,Central,FUR-FU-10000193,Furniture,Furnishings,Tenex Chairmats For Use with Hard Floors,64.96,5,0.6,-84.448
CA-2012-163181,11/7/2014,11/12/2014,Standard Class,AB-10105,Adrian Barton,Consumer,United States,Houston,Texas,77041,Central,OFF-BI-10000474,Office Supplies,Binders,Avery Recycled Flexi-View Covers for Binding Systems,32.06,10,0.8,-51.296
CA-2012-163181,11/7/2014,11/12/2014,Standard Class,AB-10105,Adrian Barton,Consumer,United States,Houston,Texas,77041,Central,OFF-ST-10000129,Office Supplies,Storage,Fellowes Recycled Storage Drawers,177.648,2,0.2,-28.8678
CA-2012-163181,11/7/2014,11/12/2014,Standard Class,AB-10105,Adrian Barton,Consumer,United States,Houston,Texas,77041,Central,TEC-MA-10001016,Technology,Machines,Canon PC170 Desktop Personal Copier,287.91,3,0.4,33.5895
CA-2012-111990,11/8/2014,11/13/2014,Standard Class,DB-13660,Duane Benoit,Consumer,United States,Houston,Texas,77095,Central,OFF-BI-10003291,Office Supplies,Binders,Wilson Jones Leather-Like Binders with DublLock Round Rings,10.476,6,0.8,-17.2854
US-2012-151407,11/8/2014,11/12/2014,Standard Class,RD-19585,Rob Dowd,Consumer,United States,Dubuque,Iowa,52001,Central,TEC-PH-10003885,Technology,Phones,Cisco SPA508G,263.96,4,0,76.5484
CA-2012-127509,11/9/2014,11/13/2014,Standard Class,AS-10090,Adam Shillingsburg,Consumer,United States,Springfield,Missouri,65807,Central,OFF-BI-10002393,Office Supplies,Binders,Binder Posts,17.22,3,0,7.9212
CA-2012-127509,11/9/2014,11/13/2014,Standard Class,AS-10090,Adam Shillingsburg,Consumer,United States,Springfield,Missouri,65807,Central,FUR-TA-10002855,Furniture,Tables,Bevis Round Conference Table Top & Single Column Base,1024.38,7,0,215.1198
CA-2012-127509,11/9/2014,11/13/2014,Standard Class,AS-10090,Adam Shillingsburg,Consumer,United States,Springfield,Missouri,65807,Central,OFF-EN-10000781,Office Supplies,Envelopes,"#10- 4 1/8"" x 9 1/2"" Recycled Envelopes",26.22,3,0,12.3234
CA-2012-127509,11/9/2014,11/13/2014,Standard Class,AS-10090,Adam Shillingsburg,Consumer,United States,Springfield,Missouri,65807,Central,OFF-PA-10002160,Office Supplies,Paper,Xerox 1978,17.34,3,0,8.4966
CA-2012-113222,11/9/2014,11/9/2014,Same Day,AG-10765,Anthony Garverick,Home Office,United States,Lawrence,Indiana,46226,Central,OFF-BI-10001890,Office Supplies,Binders,Avery Poly Binder Pockets,10.74,3,0,5.1552
CA-2012-158659,11/10/2014,11/14/2014,Second Class,SC-20695,Steve Chapman,Corporate,United States,Richmond,Indiana,47374,Central,OFF-ST-10003306,Office Supplies,Storage,Letter Size Cart,714.3,5,0,207.147
CA-2012-121783,11/10/2014,11/14/2014,Standard Class,PO-19180,Philisse Overcash,Home Office,United States,Roseville,Minnesota,55113,Central,OFF-AP-10003849,Office Supplies,Appliances,Hoover Shoulder Vac Commercial Portable Vacuum,715.64,2,0,178.91
CA-2012-121783,11/10/2014,11/14/2014,Standard Class,PO-19180,Philisse Overcash,Home Office,United States,Roseville,Minnesota,55113,Central,OFF-ST-10000078,Office Supplies,Storage,Tennsco 6- and 18-Compartment Lockers,795.51,3,0,143.1918
CA-2012-121783,11/10/2014,11/14/2014,Standard Class,PO-19180,Philisse Overcash,Home Office,United States,Roseville,Minnesota,55113,Central,TEC-CO-10001571,Technology,Copiers,Sharp 1540cs Digital Laser Copier,549.99,1,0,274.995
CA-2012-121783,11/10/2014,11/14/2014,Standard Class,PO-19180,Philisse Overcash,Home Office,United States,Roseville,Minnesota,55113,Central,OFF-BI-10001658,Office Supplies,Binders,GBC Standard Therm-A-Bind Covers,74.76,3,0,34.3896
CA-2012-121783,11/10/2014,11/14/2014,Standard Class,PO-19180,Philisse Overcash,Home Office,United States,Roseville,Minnesota,55113,Central,FUR-FU-10004351,Furniture,Furnishings,Staple-based wall hangings,29.22,3,0,12.8568
CA-2012-111948,11/11/2014,11/11/2014,Same Day,AG-10495,Andrew Gjertsen,Corporate,United States,Detroit,Michigan,48234,Central,OFF-ST-10003282,Office Supplies,Storage,"Advantus 10-Drawer Portable Organizer, Chrome Metal Frame, Smoke Drawers",418.32,7,0,117.1296
CA-2012-111948,11/11/2014,11/11/2014,Same Day,AG-10495,Andrew Gjertsen,Corporate,United States,Detroit,Michigan,48234,Central,OFF-AP-10002311,Office Supplies,Appliances,"Holmes Replacement Filter for HEPA Air Cleaner, Very Large Room, HEPA Filter",123.858,2,0.1,46.7908
CA-2012-162964,11/12/2014,11/18/2014,Standard Class,MF-18250,Monica Federle,Corporate,United States,Houston,Texas,77095,Central,OFF-ST-10002344,Office Supplies,Storage,"Carina 42""Hx23 3/4""W Media Storage Unit",64.784,1,0.2,-14.5764
CA-2012-162964,11/12/2014,11/18/2014,Standard Class,MF-18250,Monica Federle,Corporate,United States,Houston,Texas,77095,Central,OFF-PA-10003349,Office Supplies,Paper,Xerox 1957,15.552,3,0.2,5.6376
CA-2012-162964,11/12/2014,11/18/2014,Standard Class,MF-18250,Monica Federle,Corporate,United States,Houston,Texas,77095,Central,OFF-EN-10003055,Office Supplies,Envelopes,"Blue String-Tie & Button Interoffice Envelopes, 10 x 13",223.888,7,0.2,69.965
CA-2012-153073,11/13/2014,11/13/2014,Same Day,HA-14905,Helen Abelman,Consumer,United States,Chicago,Illinois,60610,Central,FUR-FU-10001025,Furniture,Furnishings,"Eldon Imàge Series Desk Accessories, Clear",17.496,9,0.6,-7.4358
CA-2012-149909,11/13/2014,11/17/2014,Standard Class,RA-19915,Russell Applegate,Consumer,United States,Columbus,Indiana,47201,Central,OFF-PA-10000726,Office Supplies,Paper,"Black Print Carbonless Snap-Off Rapid Letter, 8 1/2"" x 7""",63.77,7,0,28.6965
CA-2012-149909,11/13/2014,11/17/2014,Standard Class,RA-19915,Russell Applegate,Consumer,United States,Columbus,Indiana,47201,Central,TEC-PH-10001536,Technology,Phones,Spigen Samsung Galaxy S5 Case Wallet,50.97,3,0,13.2522
CA-2012-149909,11/13/2014,11/17/2014,Standard Class,RA-19915,Russell Applegate,Consumer,United States,Columbus,Indiana,47201,Central,OFF-PA-10001790,Office Supplies,Paper,Xerox 1910,96.08,2,0,46.1184
CA-2012-130183,11/13/2014,11/17/2014,Standard Class,PO-18850,Patrick O'Brill,Consumer,United States,Houston,Texas,77041,Central,FUR-BO-10001811,Furniture,Bookcases,"Atlantic Metals Mobile 5-Shelf Bookcases, Custom Colors",613.9992,3,0.32,-18.0588
CA-2012-113173,11/15/2014,11/17/2014,Second Class,DK-13225,Dean Katz,Corporate,United States,Chicago,Illinois,60653,Central,OFF-ST-10000604,Office Supplies,Storage,Home/Office Personal File Carts,250.272,9,0.2,15.642
CA-2012-113173,11/15/2014,11/17/2014,Second Class,DK-13225,Dean Katz,Corporate,United States,Chicago,Illinois,60653,Central,OFF-BI-10004738,Office Supplies,Binders,Flexible Leather- Look Classic Collection Ring Binder,11.364,3,0.8,-17.046
CA-2012-113173,11/15/2014,11/17/2014,Second Class,DK-13225,Dean Katz,Corporate,United States,Chicago,Illinois,60653,Central,OFF-SU-10001935,Office Supplies,Supplies,Staple remover,8.72,5,0.2,-1.744
CA-2012-135685,11/16/2014,11/18/2014,Second Class,MP-18175,Mike Pelletier,Home Office,United States,Milwaukee,Wisconsin,53209,Central,OFF-PA-10000157,Office Supplies,Paper,Xerox 191,179.82,9,0,84.5154
CA-2012-135685,11/16/2014,11/18/2014,Second Class,MP-18175,Mike Pelletier,Home Office,United States,Milwaukee,Wisconsin,53209,Central,FUR-FU-10001185,Furniture,Furnishings,"Advantus Employee of the Month Certificate Frame, 11 x 13-1/2",185.58,6,0,76.0878
CA-2012-135685,11/16/2014,11/18/2014,Second Class,MP-18175,Mike Pelletier,Home Office,United States,Milwaukee,Wisconsin,53209,Central,FUR-TA-10001520,Furniture,Tables,"Lesro Sheffield Collection Coffee Table, End Table, Center Table, Corner Table",214.11,3,0,36.3987
CA-2012-135685,11/16/2014,11/18/2014,Second Class,MP-18175,Mike Pelletier,Home Office,United States,Milwaukee,Wisconsin,53209,Central,TEC-AC-10004145,Technology,Accessories,Logitech diNovo Edge Keyboard,999.96,4,0,229.9908
CA-2012-135685,11/16/2014,11/18/2014,Second Class,MP-18175,Mike Pelletier,Home Office,United States,Milwaukee,Wisconsin,53209,Central,FUR-TA-10000688,Furniture,Tables,"Chromcraft Bull-Nose Wood Round Conference Table Top, Wood Base",653.55,3,0,111.1035
CA-2012-145394,11/16/2014,11/20/2014,Standard Class,MC-17605,Matt Connell,Corporate,United States,Chicago,Illinois,60610,Central,OFF-ST-10000344,Office Supplies,Storage,"Neat Ideas Personal Hanging Folder Files, Black",21.488,2,0.2,1.6116
CA-2012-145394,11/16/2014,11/20/2014,Standard Class,MC-17605,Matt Connell,Corporate,United States,Chicago,Illinois,60610,Central,TEC-PH-10001051,Technology,Phones,HTC One,239.976,3,0.2,26.9973
CA-2012-145394,11/16/2014,11/20/2014,Standard Class,MC-17605,Matt Connell,Corporate,United States,Chicago,Illinois,60610,Central,FUR-FU-10001215,Furniture,Furnishings,"Howard Miller 11-1/2"" Diameter Brentwood Wall Clock",34.504,2,0.6,-15.5268
CA-2012-163090,11/17/2014,11/21/2014,Second Class,GH-14665,Greg Hansen,Consumer,United States,Chicago,Illinois,60610,Central,OFF-SU-10002537,Office Supplies,Supplies,Acme Box Cutter Scissors,40.92,5,0.2,3.069
CA-2012-110863,11/17/2014,11/24/2014,Standard Class,AA-10645,Anna Andreadi,Consumer,United States,Oklahoma City,Oklahoma,73120,Central,OFF-ST-10002756,Office Supplies,Storage,"Tennsco Stur-D-Stor Boltless Shelving, 5 Shelves, 24"" Deep, Sand",541.24,4,0,5.4124
CA-2012-110863,11/17/2014,11/24/2014,Standard Class,AA-10645,Anna Andreadi,Consumer,United States,Oklahoma City,Oklahoma,73120,Central,OFF-PA-10000474,Office Supplies,Paper,Easy-staple paper,106.32,3,0,49.9704
CA-2012-110863,11/17/2014,11/24/2014,Standard Class,AA-10645,Anna Andreadi,Consumer,United States,Oklahoma City,Oklahoma,73120,Central,FUR-CH-10002073,Furniture,Chairs,Hon Olson Stacker Chairs,1323.9,5,0,383.931
CA-2012-161767,11/20/2014,11/24/2014,Standard Class,GK-14620,Grace Kelly,Corporate,United States,Dallas,Texas,75217,Central,TEC-MA-10002790,Technology,Machines,NeatDesk Desktop Scanner & Digital Filing System,479.988,2,0.4,55.9986
CA-2012-105690,11/21/2014,11/26/2014,Second Class,CA-11965,Carol Adams,Corporate,United States,Port Arthur,Texas,77642,Central,FUR-BO-10003965,Furniture,Bookcases,O'Sullivan Manor Hill 2-Door Library in Brianna Oak,246.1328,2,0.32,-76.0116
CA-2012-105690,11/21/2014,11/26/2014,Second Class,CA-11965,Carol Adams,Corporate,United States,Port Arthur,Texas,77642,Central,OFF-LA-10000240,Office Supplies,Labels,Self-Adhesive Address Labels for Typewriters by Universal,11.696,2,0.2,3.9474
CA-2012-105690,11/21/2014,11/26/2014,Second Class,CA-11965,Carol Adams,Corporate,United States,Port Arthur,Texas,77642,Central,TEC-CO-10001571,Technology,Copiers,Sharp 1540cs Digital Laser Copier,439.992,1,0.2,164.997
CA-2012-109337,11/21/2014,11/23/2014,Second Class,DL-13330,Denise Leinenbach,Consumer,United States,Lawrence,Indiana,46226,Central,OFF-AR-10003759,Office Supplies,Art,"Crayola Anti Dust Chalk, 12/Pack",10.92,6,0,4.914
CA-2012-109337,11/21/2014,11/23/2014,Second Class,DL-13330,Denise Leinenbach,Consumer,United States,Lawrence,Indiana,46226,Central,TEC-MA-10002930,Technology,Machines,Ricoh - Ink Collector Unit for GX3000 Series Printers,83.9,2,0,22.653
CA-2012-109337,11/21/2014,11/23/2014,Second Class,DL-13330,Denise Leinenbach,Consumer,United States,Lawrence,Indiana,46226,Central,OFF-AP-10004052,Office Supplies,Appliances,"Hoover Replacement Belts For Soft Guard & Commercial Ltweight Upright Vacs, 2/Pk",19.75,5,0,5.135
CA-2012-109337,11/21/2014,11/23/2014,Second Class,DL-13330,Denise Leinenbach,Consumer,United States,Lawrence,Indiana,46226,Central,TEC-AC-10000990,Technology,Accessories,Imation Bio 2GB USB Flash Drive Imation Corp,393.54,3,0,165.2868
CA-2012-107083,11/21/2014,11/27/2014,Standard Class,BB-11545,Brenda Bowman,Corporate,United States,Fort Worth,Texas,76106,Central,OFF-AR-10002257,Office Supplies,Art,"Eldon Spacemaker Box, Quick-Snap Lid, Clear",5.344,2,0.2,0.7348
CA-2012-107083,11/21/2014,11/27/2014,Standard Class,BB-11545,Brenda Bowman,Corporate,United States,Fort Worth,Texas,76106,Central,OFF-BI-10000756,Office Supplies,Binders,Storex DuraTech Recycled Plastic Frosted Binders,1.696,2,0.8,-2.544
CA-2012-107083,11/21/2014,11/27/2014,Standard Class,BB-11545,Brenda Bowman,Corporate,United States,Fort Worth,Texas,76106,Central,OFF-AP-10004136,Office Supplies,Appliances,Kensington 6 Outlet SmartSocket Surge Protector,24.588,3,0.8,-67.617
CA-2012-107083,11/21/2014,11/27/2014,Standard Class,BB-11545,Brenda Bowman,Corporate,United States,Fort Worth,Texas,76106,Central,OFF-BI-10002194,Office Supplies,Binders,Cardinal Hold-It CD Pocket,7.98,5,0.8,-13.167
US-2012-118983,11/22/2014,11/26/2014,Standard Class,HP-14815,Harold Pawlan,Home Office,United States,Fort Worth,Texas,76106,Central,OFF-AP-10002311,Office Supplies,Appliances,"Holmes Replacement Filter for HEPA Air Cleaner, Very Large Room, HEPA Filter",68.81,5,0.8,-123.858
US-2012-118983,11/22/2014,11/26/2014,Standard Class,HP-14815,Harold Pawlan,Home Office,United States,Fort Worth,Texas,76106,Central,OFF-BI-10000756,Office Supplies,Binders,Storex DuraTech Recycled Plastic Frosted Binders,2.544,3,0.8,-3.816
CA-2012-139094,11/22/2014,11/27/2014,Standard Class,MO-17800,Meg O'Connel,Home Office,United States,San Antonio,Texas,78207,Central,FUR-TA-10004607,Furniture,Tables,Hon 2111 Invitation Series Straight Table,206.962,2,0.3,-32.5226
US-2012-165449,11/22/2014,11/26/2014,Standard Class,AP-10720,Anne Pryor,Home Office,United States,Frisco,Texas,75034,Central,TEC-AC-10004127,Technology,Accessories,SanDisk Cruzer 8 GB USB Flash Drive,27.168,4,0.2,-1.3584
CA-2012-111395,11/23/2014,11/27/2014,Standard Class,VB-21745,Victoria Brennan,Corporate,United States,San Antonio,Texas,78207,Central,OFF-PA-10000994,Office Supplies,Paper,Xerox 1915,335.52,4,0.2,117.432
CA-2012-111395,11/23/2014,11/27/2014,Standard Class,VB-21745,Victoria Brennan,Corporate,United States,San Antonio,Texas,78207,Central,OFF-BI-10002867,Office Supplies,Binders,GBC Recycled Regency Composition Covers,23.912,2,0.8,-40.6504
CA-2012-111395,11/23/2014,11/27/2014,Standard Class,VB-21745,Victoria Brennan,Corporate,United States,San Antonio,Texas,78207,Central,OFF-ST-10001291,Office Supplies,Storage,"Tenex Personal Self-Stacking Standard File Box, Black/Gray",27.056,2,0.2,2.3674
CA-2012-158939,11/26/2014,12/1/2014,Standard Class,EA-14035,Erin Ashbrook,Corporate,United States,Springfield,Missouri,65807,Central,TEC-CO-10002313,Technology,Copiers,Canon PC1080F Personal Copier,599.99,1,0,233.9961
US-2012-159982,11/28/2014,12/4/2014,Standard Class,DR-12880,Dan Reichenbach,Corporate,United States,Chicago,Illinois,60623,Central,FUR-FU-10002505,Furniture,Furnishings,Eldon 100 Class Desk Accessories,12.132,9,0.6,-8.4924
US-2012-159982,11/28/2014,12/4/2014,Standard Class,DR-12880,Dan Reichenbach,Corporate,United States,Chicago,Illinois,60623,Central,OFF-ST-10004804,Office Supplies,Storage,"Belkin 19"" Vented Equipment Shelf, Black",82.368,2,0.2,-19.5624
US-2012-159982,11/28/2014,12/4/2014,Standard Class,DR-12880,Dan Reichenbach,Corporate,United States,Chicago,Illinois,60623,Central,OFF-ST-10001590,Office Supplies,Storage,"Tenex Personal Project File with Scoop Front Design, Black",53.92,5,0.2,4.044
US-2012-159982,11/28/2014,12/4/2014,Standard Class,DR-12880,Dan Reichenbach,Corporate,United States,Chicago,Illinois,60623,Central,TEC-PH-10001580,Technology,Phones,Logitech Mobile Speakerphone P710e - speaker phone,647.904,6,0.2,56.6916
CA-2012-157133,11/28/2014,12/3/2014,Standard Class,LC-16885,Lena Creighton,Consumer,United States,Champaign,Illinois,61821,Central,FUR-FU-10004904,Furniture,Furnishings,"Eldon ""L"" Workstation Diamond Chairmat",151.96,5,0.6,-182.352
CA-2012-142930,11/28/2014,12/2/2014,Standard Class,EB-14170,Evan Bailliet,Consumer,United States,Austin,Texas,78745,Central,OFF-PA-10003395,Office Supplies,Paper,Xerox 1941,335.52,4,0.2,117.432
CA-2012-138009,11/29/2014,12/3/2014,Standard Class,SF-20965,Sylvia Foulston,Corporate,United States,Dearborn,Michigan,48126,Central,FUR-CH-10004853,Furniture,Chairs,"Global Manager's Adjustable Task Chair, Storm",301.96,2,0,87.5684
CA-2012-138009,11/29/2014,12/3/2014,Standard Class,SF-20965,Sylvia Foulston,Corporate,United States,Dearborn,Michigan,48126,Central,OFF-AP-10000179,Office Supplies,Appliances,Honeywell Enviracaire Portable HEPA Air Cleaner for up to 10 x 16 Room,555.21,5,0.1,178.901
CA-2012-138009,11/29/2014,12/3/2014,Standard Class,SF-20965,Sylvia Foulston,Corporate,United States,Dearborn,Michigan,48126,Central,OFF-ST-10001272,Office Supplies,Storage,"Mini 13-1/2 Capacity Data Binder Rack, Pearl",523.48,4,0,130.87
CA-2012-138009,11/29/2014,12/3/2014,Standard Class,SF-20965,Sylvia Foulston,Corporate,United States,Dearborn,Michigan,48126,Central,OFF-AR-10004042,Office Supplies,Art,"BOSTON Model 1800 Electric Pencil Sharpeners, Putty/Woodgrain",161.82,9,0,46.9278
CA-2012-110016,11/29/2014,12/4/2014,Standard Class,BT-11395,Bill Tyler,Corporate,United States,Detroit,Michigan,48227,Central,OFF-PA-10000349,Office Supplies,Paper,Easy-staple paper,19.92,4,0,9.3624
CA-2012-110016,11/29/2014,12/4/2014,Standard Class,BT-11395,Bill Tyler,Corporate,United States,Detroit,Michigan,48227,Central,FUR-CH-10002880,Furniture,Chairs,"Global High-Back Leather Tilter, Burgundy",1106.91,9,0,121.7601
CA-2012-129112,11/29/2014,11/30/2014,First Class,AW-10840,Anthony Witt,Consumer,United States,Allen,Texas,75002,Central,TEC-AC-10003038,Technology,Accessories,Kingston Digital DataTraveler 16GB USB 2.0,21.48,3,0.2,-0.2685
CA-2012-129112,11/29/2014,11/30/2014,First Class,AW-10840,Anthony Witt,Consumer,United States,Allen,Texas,75002,Central,OFF-BI-10000088,Office Supplies,Binders,GBC Imprintable Covers,8.784,4,0.8,-13.6152
US-2012-141453,11/30/2014,12/3/2014,Second Class,DB-13270,Deborah Brumfield,Home Office,United States,Austin,Texas,78745,Central,OFF-BI-10000301,Office Supplies,Binders,GBC Instant Report Kit,3.882,3,0.8,-5.823
US-2012-105676,12/1/2014,12/2/2014,Same Day,NM-18520,Neoma Murray,Consumer,United States,Houston,Texas,77036,Central,FUR-FU-10004270,Furniture,Furnishings,"Eldon Image Series Desk Accessories, Burgundy",6.688,4,0.6,-4.0128
CA-2012-110324,12/1/2014,12/5/2014,Standard Class,MA-17560,Matt Abelman,Home Office,United States,Jackson,Michigan,49201,Central,OFF-PA-10001826,Office Supplies,Paper,Xerox 207,19.44,3,0,9.3312
CA-2012-110324,12/1/2014,12/5/2014,Standard Class,MA-17560,Matt Abelman,Home Office,United States,Jackson,Michigan,49201,Central,OFF-AR-10000823,Office Supplies,Art,Newell 307,3.64,2,0,1.0192
CA-2012-110324,12/1/2014,12/5/2014,Standard Class,MA-17560,Matt Abelman,Home Office,United States,Jackson,Michigan,49201,Central,OFF-PA-10001776,Office Supplies,Paper,"Wirebound Message Books, Four 2 3/4"" x 5"" Forms per Page, 600 Sets per Book",18.54,2,0,8.7138
CA-2012-142377,12/4/2014,12/9/2014,Standard Class,MS-17980,Michael Stewart,Corporate,United States,Springfield,Missouri,65807,Central,OFF-PA-10001970,Office Supplies,Paper,Xerox 1881,85.96,7,0,40.4012
CA-2012-134943,12/5/2014,12/6/2014,First Class,SU-20665,Stephanie Ulpright,Home Office,United States,Ann Arbor,Michigan,48104,Central,OFF-BI-10000666,Office Supplies,Binders,Surelock Post Binders,152.8,5,0,76.4
CA-2012-142937,12/5/2014,12/6/2014,First Class,SF-20065,Sandra Flanagan,Consumer,United States,Dallas,Texas,75220,Central,OFF-AR-10003582,Office Supplies,Art,"Boston Electric Pencil Sharpener, Model 1818, Charcoal Black",45.04,2,0.2,4.504
CA-2012-117898,12/5/2014,12/11/2014,Standard Class,TB-21250,Tim Brockman,Consumer,United States,Bloomington,Illinois,61701,Central,OFF-EN-10004459,Office Supplies,Envelopes,Security-Tint Envelopes,12.224,2,0.2,4.4312
US-2012-149692,12/6/2014,12/12/2014,Standard Class,KW-16435,Katrina Willman,Consumer,United States,Austin,Texas,78745,Central,OFF-BI-10002813,Office Supplies,Binders,Avery Reinforcements for Hole-Punch Pages,2.772,7,0.8,-4.851
CA-2012-156104,12/6/2014,12/8/2014,Second Class,NP-18685,Nora Pelletier,Home Office,United States,Indianapolis,Indiana,46203,Central,TEC-CO-10002095,Technology,Copiers,Hewlett Packard 610 Color Digital Copier / Printer,999.98,2,0,449.991
CA-2012-135622,12/8/2014,12/11/2014,Second Class,TT-21460,Tonja Turnell,Home Office,United States,Fort Worth,Texas,76106,Central,OFF-PA-10000100,Office Supplies,Paper,Xerox 1945,360.712,11,0.2,130.7581
CA-2012-135622,12/8/2014,12/11/2014,Second Class,TT-21460,Tonja Turnell,Home Office,United States,Fort Worth,Texas,76106,Central,TEC-PH-10001817,Technology,Phones,Wilson Electronics DB Pro Signal Booster,1718.4,6,0.2,150.36
CA-2012-103205,12/8/2014,12/10/2014,Second Class,JJ-15760,Joel Jenkins,Home Office,United States,Houston,Texas,77036,Central,TEC-PH-10004896,Technology,Phones,Nokia Lumia 521 (T-Mobile),119.96,5,0.2,11.996
CA-2012-157035,12/9/2014,12/12/2014,First Class,KB-16600,Ken Brennan,Corporate,United States,Columbus,Indiana,47201,Central,OFF-PA-10004156,Office Supplies,Paper,Xerox 188,34.02,3,0,16.6698
CA-2012-121650,12/10/2014,12/16/2014,Standard Class,KD-16495,Keith Dawkins,Corporate,United States,Jackson,Michigan,49201,Central,OFF-AR-10001149,Office Supplies,Art,"Avery Hi-Liter Comfort Grip Fluorescent Highlighter, Yellow Ink",3.9,2,0,1.521
CA-2012-121650,12/10/2014,12/16/2014,Standard Class,KD-16495,Keith Dawkins,Corporate,United States,Jackson,Michigan,49201,Central,FUR-TA-10003569,Furniture,Tables,Bretford CR8500 Series Meeting Room Furniture,801.96,2,0,200.49
CA-2012-121650,12/10/2014,12/16/2014,Standard Class,KD-16495,Keith Dawkins,Corporate,United States,Jackson,Michigan,49201,Central,FUR-CH-10004289,Furniture,Chairs,Global Super Steno Chair,191.96,2,0,32.6332
CA-2012-121650,12/10/2014,12/16/2014,Standard Class,KD-16495,Keith Dawkins,Corporate,United States,Jackson,Michigan,49201,Central,OFF-LA-10001045,Office Supplies,Labels,Permanent Self-Adhesive File Folder Labels for Typewriters by Universal,2.61,1,0,1.2006
CA-2012-106208,12/10/2014,12/15/2014,Standard Class,JW-16075,Julia West,Consumer,United States,Chicago,Illinois,60610,Central,OFF-AP-10004980,Office Supplies,Appliances,3M Replacement Filter for Office Air Cleaner for 20' x 33' Room,53.088,7,0.8,-108.8304
CA-2012-155761,12/11/2014,12/11/2014,Same Day,SC-20800,Stuart Calhoun,Consumer,United States,Houston,Texas,77041,Central,TEC-AC-10001606,Technology,Accessories,Logitech Wireless Performance Mouse MX for PC and Mac,159.984,2,0.2,35.9964
CA-2012-155761,12/11/2014,12/11/2014,Same Day,SC-20800,Stuart Calhoun,Consumer,United States,Houston,Texas,77041,Central,OFF-ST-10000943,Office Supplies,Storage,Eldon ProFile File 'N Store Portable File Tub Letter/Legal Size Black,46.344,3,0.2,4.6344
CA-2012-135853,12/11/2014,12/14/2014,First Class,CA-12775,Cynthia Arntzen,Consumer,United States,Detroit,Michigan,48205,Central,TEC-AC-10004761,Technology,Accessories,Maxell 4.7GB DVD+RW 3/Pack,175.23,11,0,61.3305
CA-2012-135853,12/11/2014,12/14/2014,First Class,CA-12775,Cynthia Arntzen,Consumer,United States,Detroit,Michigan,48205,Central,TEC-PH-10003691,Technology,Phones,BlackBerry Q10,125.99,1,0,31.4975
CA-2012-135853,12/11/2014,12/14/2014,First Class,CA-12775,Cynthia Arntzen,Consumer,United States,Detroit,Michigan,48205,Central,OFF-BI-10004965,Office Supplies,Binders,Ibico Covers for Plastic or Wire Binding Elements,23,2,0,10.35
US-2012-167220,12/12/2014,12/16/2014,Standard Class,JB-15925,Joni Blumstein,Consumer,United States,Austin,Texas,78745,Central,TEC-AC-10002018,Technology,Accessories,AmazonBasics 3-Button USB Wired Mouse,22.368,4,0.2,6.4308
US-2012-138121,12/17/2014,12/17/2014,Same Day,JL-15835,John Lee,Consumer,United States,Detroit,Michigan,48205,Central,OFF-BI-10000320,Office Supplies,Binders,GBC Plastic Binding Combs,29.52,4,0,14.4648
US-2012-138121,12/17/2014,12/17/2014,Same Day,JL-15835,John Lee,Consumer,United States,Detroit,Michigan,48205,Central,FUR-CH-10003846,Furniture,Chairs,Hon Valutask Swivel Chairs,302.94,3,0,48.4704
US-2012-138121,12/17/2014,12/17/2014,Same Day,JL-15835,John Lee,Consumer,United States,Detroit,Michigan,48205,Central,FUR-CH-10004875,Furniture,Chairs,Harbour Creations 67200 Series Stacking Chairs,142.36,2,0,38.4372
US-2012-138121,12/17/2014,12/17/2014,Same Day,JL-15835,John Lee,Consumer,United States,Detroit,Michigan,48205,Central,FUR-CH-10003817,Furniture,Chairs,"Global Value Steno Chair, Gray",546.66,9,0,136.665
US-2012-138121,12/17/2014,12/17/2014,Same Day,JL-15835,John Lee,Consumer,United States,Detroit,Michigan,48205,Central,FUR-FU-10002116,Furniture,Furnishings,"Tenex Carpeted, Granite-Look or Clear Contemporary Contour Shape Chair Mats",212.13,3,0,14.8491
US-2012-129637,12/17/2014,12/22/2014,Standard Class,MC-18100,Mick Crebagga,Consumer,United States,Bloomington,Illinois,61701,Central,OFF-ST-10003716,Office Supplies,Storage,Tennsco Double-Tier Lockers,180.016,1,0.2,-15.7514
US-2012-129637,12/17/2014,12/22/2014,Standard Class,MC-18100,Mick Crebagga,Consumer,United States,Bloomington,Illinois,61701,Central,FUR-FU-10000965,Furniture,Furnishings,"Howard Miller 11-1/2"" Diameter Ridgewood Wall Clock",41.552,2,0.6,-19.7372
US-2012-129637,12/17/2014,12/22/2014,Standard Class,MC-18100,Mick Crebagga,Consumer,United States,Bloomington,Illinois,61701,Central,OFF-AR-10003829,Office Supplies,Art,Newell 35,13.12,5,0.2,1.476
CA-2012-100685,12/19/2014,12/21/2014,Second Class,SM-20950,Suzanne McNair,Corporate,United States,Omaha,Nebraska,68104,Central,OFF-BI-10003094,Office Supplies,Binders,Self-Adhesive Ring Binder Labels,7.04,2,0,3.3088
CA-2012-100685,12/19/2014,12/21/2014,Second Class,SM-20950,Suzanne McNair,Corporate,United States,Omaha,Nebraska,68104,Central,OFF-FA-10003472,Office Supplies,Fasteners,Bagged Rubber Bands,5.04,4,0,0.2016
CA-2012-100685,12/19/2014,12/21/2014,Second Class,SM-20950,Suzanne McNair,Corporate,United States,Omaha,Nebraska,68104,Central,OFF-PA-10001289,Office Supplies,Paper,White Computer Printout Paper by Universal,116.28,3,0,56.9772
US-2012-110261,12/19/2014,12/23/2014,Second Class,PR-18880,Patrick Ryan,Consumer,United States,Glenview,Illinois,60025,Central,TEC-PH-10001750,Technology,Phones,Samsung Rugby III,158.376,3,0.2,13.8579
CA-2012-109113,12/19/2014,12/23/2014,Standard Class,EK-13795,Eileen Kiefer,Home Office,United States,Chicago,Illinois,60610,Central,TEC-AC-10004761,Technology,Accessories,Maxell 4.7GB DVD+RW 3/Pack,25.488,2,0.2,4.779
US-2012-120712,12/20/2014,12/24/2014,Standard Class,CS-12130,Chad Sievert,Consumer,United States,Austin,Texas,78745,Central,OFF-ST-10000107,Office Supplies,Storage,Fellowes Super Stor/Drawer,88.8,4,0.2,-2.22
US-2012-123218,12/20/2014,12/25/2014,Standard Class,KD-16345,Katherine Ducich,Consumer,United States,Chicago,Illinois,60623,Central,TEC-PH-10001061,Technology,Phones,Apple iPhone 5C,159.984,2,0.2,11.9988
US-2012-123218,12/20/2014,12/25/2014,Standard Class,KD-16345,Katherine Ducich,Consumer,United States,Chicago,Illinois,60623,Central,TEC-AC-10000736,Technology,Accessories,Logitech G600 MMO Gaming Mouse,255.968,4,0.2,51.1936
US-2012-123218,12/20/2014,12/25/2014,Standard Class,KD-16345,Katherine Ducich,Consumer,United States,Chicago,Illinois,60623,Central,FUR-BO-10003966,Furniture,Bookcases,"Sauder Facets Collection Library, Sky Alder Finish",359.058,3,0.3,-71.8116
CA-2012-137071,12/20/2014,12/21/2014,First Class,ED-13885,Emily Ducich,Home Office,United States,Houston,Texas,77036,Central,TEC-AC-10004353,Technology,Accessories,Hypercom P1300 Pinpad,100.8,2,0.2,21.42
CA-2012-154284,12/21/2014,12/26/2014,Second Class,SZ-20035,Sam Zeldin,Home Office,United States,Saint Charles,Illinois,60174,Central,TEC-MA-10004241,Technology,Machines,Star Micronics TSP800 TSP847IIU Receipt Printer,600.53,2,0.3,137.264
CA-2012-154284,12/21/2014,12/26/2014,Second Class,SZ-20035,Sam Zeldin,Home Office,United States,Saint Charles,Illinois,60174,Central,OFF-AR-10001468,Office Supplies,Art,"Sanford Prismacolor Professional Thick Lead Art Pencils, 36-Color Set",59.904,2,0.2,14.2272
CA-2012-154284,12/21/2014,12/26/2014,Second Class,SZ-20035,Sam Zeldin,Home Office,United States,Saint Charles,Illinois,60174,Central,TEC-AC-10003198,Technology,Accessories,Enermax Acrylux Wireless Keyboard,637.44,8,0.2,135.456
CA-2012-154284,12/21/2014,12/26/2014,Second Class,SZ-20035,Sam Zeldin,Home Office,United States,Saint Charles,Illinois,60174,Central,FUR-FU-10003039,Furniture,Furnishings,"Howard Miller 11-1/2"" Diameter Grantwood Wall Clock",51.756,3,0.6,-33.6414
CA-2012-153612,12/22/2014,12/27/2014,Standard Class,BT-11305,Beth Thompson,Home Office,United States,Superior,Wisconsin,54880,Central,OFF-AR-10000203,Office Supplies,Art,Newell 336,17.12,4,0,4.9648
US-2012-128587,12/24/2014,12/30/2014,Standard Class,HM-14860,Harry Marie,Corporate,United States,Springfield,Missouri,65807,Central,FUR-FU-10003026,Furniture,Furnishings,"Eldon Regeneration Recycled Desk Accessories, Black",9.68,2,0,3.7752
US-2012-128587,12/24/2014,12/30/2014,Standard Class,HM-14860,Harry Marie,Corporate,United States,Springfield,Missouri,65807,Central,TEC-CO-10003763,Technology,Copiers,Canon PC1060 Personal Laser Copier,4899.93,7,0,2302.9671
CA-2012-153717,12/25/2014,1/1/2015,Standard Class,DL-13495,Dionis Lloyd,Corporate,United States,Detroit,Michigan,48227,Central,TEC-PH-10002923,Technology,Phones,"Logitech B530 USB Headset - headset - Full size, Binaural",73.98,2,0,19.9746
CA-2012-153717,12/25/2014,1/1/2015,Standard Class,DL-13495,Dionis Lloyd,Corporate,United States,Detroit,Michigan,48227,Central,FUR-BO-10004360,Furniture,Bookcases,Rush Hierlooms Collection Rich Wood Bookcases,160.98,1,0,20.9274
CA-2012-153717,12/25/2014,1/1/2015,Standard Class,DL-13495,Dionis Lloyd,Corporate,United States,Detroit,Michigan,48227,Central,OFF-PA-10002160,Office Supplies,Paper,Xerox 1978,17.34,3,0,8.4966
CA-2012-153717,12/25/2014,1/1/2015,Standard Class,DL-13495,Dionis Lloyd,Corporate,United States,Detroit,Michigan,48227,Central,OFF-AR-10002375,Office Supplies,Art,Newell 351,3.28,1,0,0.9512
CA-2012-119550,12/26/2014,12/31/2014,Standard Class,RB-19705,Roger Barcio,Home Office,United States,Houston,Texas,77070,Central,FUR-CH-10002044,Furniture,Chairs,"Office Star - Contemporary Task Swivel chair with 2-way adjustable arms, Plum",275.058,3,0.3,-90.3762
CA-2012-117415,12/27/2014,12/31/2014,Standard Class,SN-20710,Steve Nguyen,Home Office,United States,Houston,Texas,77041,Central,OFF-EN-10002986,Office Supplies,Envelopes,"#10-4 1/8"" x 9 1/2"" Premium Diagonal Seam Envelopes",113.328,9,0.2,35.415
CA-2012-117415,12/27/2014,12/31/2014,Standard Class,SN-20710,Steve Nguyen,Home Office,United States,Houston,Texas,77041,Central,FUR-BO-10002545,Furniture,Bookcases,"Atlantic Metals Mobile 3-Shelf Bookcases, Custom Colors",532.3992,3,0.32,-46.9764
CA-2012-117415,12/27/2014,12/31/2014,Standard Class,SN-20710,Steve Nguyen,Home Office,United States,Houston,Texas,77041,Central,FUR-CH-10004218,Furniture,Chairs,"Global Fabric Manager's Chair, Dark Gray",212.058,3,0.3,-15.147
CA-2012-117415,12/27/2014,12/31/2014,Standard Class,SN-20710,Steve Nguyen,Home Office,United States,Houston,Texas,77041,Central,TEC-PH-10000486,Technology,Phones,Plantronics HL10 Handset Lifter,371.168,4,0.2,41.7564
US-2012-163783,12/27/2014,1/1/2015,Standard Class,DR-12940,Daniel Raglin,Home Office,United States,Chicago,Illinois,60610,Central,OFF-ST-10002957,Office Supplies,Storage,Sterilite Show Offs Storage Containers,12.672,3,0.2,-3.168
CA-2012-151589,12/27/2014,12/30/2014,First Class,RE-19450,Richard Eichhorn,Consumer,United States,Eau Claire,Wisconsin,54703,Central,OFF-PA-10003228,Office Supplies,Paper,Xerox 1917,195.64,4,0,91.9508
CA-2012-151589,12/27/2014,12/30/2014,First Class,RE-19450,Richard Eichhorn,Consumer,United States,Eau Claire,Wisconsin,54703,Central,TEC-PH-10004345,Technology,Phones,Cisco SPA 502G IP Phone,239.9,2,0,71.97
CA-2012-148859,12/28/2014,1/1/2015,Standard Class,FH-14350,Fred Harton,Consumer,United States,Chicago,Illinois,60623,Central,OFF-ST-10004950,Office Supplies,Storage,"Tenex Personal Filing Tote With Secure Closure Lid, Black/Frost",24.816,2,0.2,1.551
CA-2012-156377,12/31/2014,1/5/2015,Standard Class,TB-21625,Trudy Brown,Consumer,United States,Grand Prairie,Texas,75051,Central,FUR-FU-10002364,Furniture,Furnishings,"Eldon Expressions Wood Desk Accessories, Oak",14.76,5,0.6,-11.439
CA-2012-156377,12/31/2014,1/5/2015,Standard Class,TB-21625,Trudy Brown,Consumer,United States,Grand Prairie,Texas,75051,Central,OFF-BI-10002954,Office Supplies,Binders,Newell 3-Hole Punched Plastic Slotted Magazine Holders for Binders,3.656,4,0.8,-5.8496
CA-2012-120901,12/31/2014,1/4/2015,Standard Class,BG-11035,Barry Gonzalez,Consumer,United States,Austin,Texas,78745,Central,OFF-ST-10000025,Office Supplies,Storage,Fellowes Stor/Drawer Steel Plus Storage Drawers,152.688,2,0.2,-26.7204
CA-2012-120901,12/31/2014,1/4/2015,Standard Class,BG-11035,Barry Gonzalez,Consumer,United States,Austin,Texas,78745,Central,OFF-FA-10001561,Office Supplies,Fasteners,Stockwell Push Pins,3.488,2,0.2,0.5668
CA-2012-120901,12/31/2014,1/4/2015,Standard Class,BG-11035,Barry Gonzalez,Consumer,United States,Austin,Texas,78745,Central,OFF-SU-10001225,Office Supplies,Supplies,Staple remover,5.888,2,0.2,-1.3248
CA-2012-139780,12/31/2014,1/2/2015,Second Class,AH-10690,Anna Häberlin,Corporate,United States,Detroit,Michigan,48205,Central,OFF-BI-10004139,Office Supplies,Binders,Fellowes Presentation Covers for Comb Binding Machines,116.4,8,0,52.38
US-2013-116365,1/3/2015,1/8/2015,Standard Class,CA-12310,Christine Abelman,Corporate,United States,San Antonio,Texas,78207,Central,TEC-AC-10002217,Technology,Accessories,Imation Clip USB flash drive - 8 GB,30.08,2,0.2,-5.264
US-2013-116365,1/3/2015,1/8/2015,Standard Class,CA-12310,Christine Abelman,Corporate,United States,San Antonio,Texas,78207,Central,TEC-AC-10002942,Technology,Accessories,WD My Passport Ultra 1TB Portable External Hard Drive,165.6,3,0.2,-6.21
US-2013-116365,1/3/2015,1/8/2015,Standard Class,CA-12310,Christine Abelman,Corporate,United States,San Antonio,Texas,78207,Central,TEC-PH-10002890,Technology,Phones,AT&T 17929 Lendline Telephone,180.96,5,0.2,13.572
CA-2013-105207,1/3/2015,1/8/2015,Standard Class,BO-11350,Bill Overfelt,Corporate,United States,Broken Arrow,Oklahoma,74012,Central,FUR-TA-10000617,Furniture,Tables,"Hon Practical Foundations 30 x 60 Training Table, Light Gray/Charcoal",1592.85,7,0,350.427
CA-2013-105207,1/3/2015,1/8/2015,Standard Class,BO-11350,Bill Overfelt,Corporate,United States,Broken Arrow,Oklahoma,74012,Central,OFF-BI-10004364,Office Supplies,Binders,Storex Dura Pro Binders,11.88,2,0,5.346
CA-2013-158806,1/7/2015,1/11/2015,Standard Class,NM-18520,Neoma Murray,Consumer,United States,Amarillo,Texas,79109,Central,FUR-FU-10004270,Furniture,Furnishings,"Executive Impressions 13"" Clairmont Wall Clock",23.076,3,0.6,-10.9611
CA-2013-158806,1/7/2015,1/11/2015,Standard Class,NM-18520,Neoma Murray,Consumer,United States,Amarillo,Texas,79109,Central,OFF-PA-10004621,Office Supplies,Paper,Xerox 212,25.92,5,0.2,9.072
US-2013-100461,1/8/2015,1/12/2015,Standard Class,JO-15145,Jack O'Briant,Corporate,United States,Franklin,Wisconsin,53132,Central,FUR-BO-10002545,Furniture,Bookcases,"Atlantic Metals Mobile 3-Shelf Bookcases, Custom Colors",1565.88,6,0,407.1288
US-2013-100461,1/8/2015,1/12/2015,Standard Class,JO-15145,Jack O'Briant,Corporate,United States,Franklin,Wisconsin,53132,Central,OFF-BI-10001460,Office Supplies,Binders,Plastic Binding Combs,106.05,7,0,49.8435
CA-2013-114944,1/30/2015,2/4/2015,Standard Class,HE-14800,Harold Engle,Corporate,United States,Chicago,Illinois,60623,Central,OFF-PA-10003892,Office Supplies,Paper,Xerox 1943,156.512,4,0.2,52.8228
CA-2013-168032,1/30/2015,2/3/2015,Standard Class,DF-13135,David Flashing,Consumer,United States,Rockford,Illinois,61107,Central,TEC-PH-10004241,Technology,Phones,Nokia Lumia 1020,1439.968,4,0.2,143.9968
CA-2013-168032,1/30/2015,2/3/2015,Standard Class,DF-13135,David Flashing,Consumer,United States,Rockford,Illinois,61107,Central,OFF-BI-10000546,Office Supplies,Binders,Avery Durable Binders,1.728,3,0.8,-2.6784
CA-2013-168032,1/30/2015,2/3/2015,Standard Class,DF-13135,David Flashing,Consumer,United States,Rockford,Illinois,61107,Central,FUR-TA-10004256,Furniture,Tables,Bretford “Just In Time” Height-Adjustable Multi-Task Work Tables,626.1,3,0.5,-538.446
CA-2013-147970,1/31/2015,2/2/2015,Second Class,AB-10150,Aimee Bixby,Consumer,United States,Dallas,Texas,75220,Central,OFF-PA-10003936,Office Supplies,Paper,Xerox 1994,15.552,3,0.2,5.4432
CA-2013-144645,2/2/2015,2/8/2015,Standard Class,NS-18640,Noel Staavos,Corporate,United States,Houston,Texas,77041,Central,FUR-FU-10003601,Furniture,Furnishings,"Deflect-o RollaMat Studded, Beveled Mat for Medium Pile Carpeting",73.784,2,0.6,-77.4732
CA-2013-163048,2/8/2015,2/15/2015,Standard Class,MH-17440,Mark Haberlin,Corporate,United States,Houston,Texas,77036,Central,FUR-CH-10001270,Furniture,Chairs,Harbour Creations Steel Folding Chair,241.5,4,0.3,0
CA-2013-164938,2/11/2015,2/13/2015,First Class,PB-19210,Phillip Breyer,Corporate,United States,Tulsa,Oklahoma,74133,Central,TEC-PH-10004897,Technology,Phones,Mediabridge Sport Armband iPhone 5s,69.93,7,0,0.6993
CA-2013-168956,2/16/2015,2/20/2015,Standard Class,EA-14035,Erin Ashbrook,Corporate,United States,Chicago,Illinois,60623,Central,OFF-AP-10004233,Office Supplies,Appliances,Honeywell Enviracaire Portable Air Cleaner for up to 8 x 10 Room,92.064,6,0.8,-225.5568
CA-2013-168956,2/16/2015,2/20/2015,Standard Class,EA-14035,Erin Ashbrook,Corporate,United States,Chicago,Illinois,60623,Central,OFF-FA-10000304,Office Supplies,Fasteners,Advantus Push Pins,6.976,4,0.2,1.8312
CA-2013-168956,2/16/2015,2/20/2015,Standard Class,EA-14035,Erin Ashbrook,Corporate,United States,Chicago,Illinois,60623,Central,FUR-CH-10004754,Furniture,Chairs,"Global Stack Chair with Arms, Black",62.958,3,0.3,-2.6982
CA-2013-168956,2/16/2015,2/20/2015,Standard Class,EA-14035,Erin Ashbrook,Corporate,United States,Chicago,Illinois,60623,Central,OFF-PA-10000809,Office Supplies,Paper,Xerox 206,5.184,1,0.2,1.8144
CA-2013-119025,2/22/2015,2/28/2015,Standard Class,PV-18985,Paul Van Hugh,Home Office,United States,Milwaukee,Wisconsin,53209,Central,OFF-AP-10001205,Office Supplies,Appliances,Belkin 5 Outlet SurgeMaster Power Centers,490.32,9,0,137.2896
CA-2013-101448,2/27/2015,3/2/2015,Second Class,EB-13930,Eric Barreto,Consumer,United States,La Crosse,Wisconsin,54601,Central,OFF-BI-10004738,Office Supplies,Binders,Flexible Leather- Look Classic Collection Ring Binder,56.82,3,0,28.41
CA-2013-128706,2/27/2015,3/3/2015,Standard Class,DW-13540,Don Weiss,Consumer,United States,Houston,Texas,77070,Central,FUR-FU-10004053,Furniture,Furnishings,DAX Two-Tone Silver Metal Document Frame,16.192,2,0.6,-6.8816
CA-2013-116799,3/4/2015,3/7/2015,First Class,JG-15310,Jason Gross,Corporate,United States,Odessa,Texas,79762,Central,OFF-PA-10001892,Office Supplies,Paper,"Rediform Wirebound ""Phone Memo"" Message Book, 11 x 5-3/4",42.784,7,0.2,15.5092
CA-2013-116799,3/4/2015,3/7/2015,First Class,JG-15310,Jason Gross,Corporate,United States,Odessa,Texas,79762,Central,FUR-CH-10004983,Furniture,Chairs,Office Star - Mid Back Dual function Ergonomic High Back Chair with 2-Way Adjustable Arms,563.43,5,0.3,-56.343
CA-2013-167759,3/4/2015,3/9/2015,Second Class,CC-12670,Craig Carreira,Consumer,United States,Bloomington,Indiana,47401,Central,TEC-PH-10003171,Technology,Phones,Plantronics Encore H101 Dual Earpieces Headset,134.85,3,0,37.758
CA-2013-145730,3/4/2015,3/9/2015,Standard Class,CC-12220,Chris Cortes,Consumer,United States,San Antonio,Texas,78207,Central,FUR-TA-10004915,Furniture,Tables,"Office Impressions End Table, 20-1/2""H x 24""W x 20""D",637.896,3,0.3,-127.5792
CA-2013-145730,3/4/2015,3/9/2015,Standard Class,CC-12220,Chris Cortes,Consumer,United States,San Antonio,Texas,78207,Central,TEC-MA-10001016,Technology,Machines,Canon PC170 Desktop Personal Copier,287.91,3,0.4,33.5895
CA-2013-145730,3/4/2015,3/9/2015,Standard Class,CC-12220,Chris Cortes,Consumer,United States,San Antonio,Texas,78207,Central,OFF-EN-10000483,Office Supplies,Envelopes,"White Envelopes, White Envelopes with Clear Poly Window",36.6,3,0.2,11.895
CA-2013-103982,3/4/2015,3/9/2015,Standard Class,AA-10315,Alex Avila,Consumer,United States,Round Rock,Texas,78664,Central,OFF-SU-10000151,Office Supplies,Supplies,High Speed Automatic Electric Letter Opener,3930.072,3,0.2,-786.0144
CA-2013-103982,3/4/2015,3/9/2015,Standard Class,AA-10315,Alex Avila,Consumer,United States,Round Rock,Texas,78664,Central,OFF-FA-10001332,Office Supplies,Fasteners,"Acco Banker's Clasps, 5 3/4""-Long",2.304,1,0.2,0.7776
CA-2013-103982,3/4/2015,3/9/2015,Standard Class,AA-10315,Alex Avila,Consumer,United States,Round Rock,Texas,78664,Central,TEC-PH-10000895,Technology,Phones,Polycom VVX 310 VoIP phone,431.976,3,0.2,32.3982
CA-2013-103982,3/4/2015,3/9/2015,Standard Class,AA-10315,Alex Avila,Consumer,United States,Round Rock,Texas,78664,Central,TEC-AC-10002857,Technology,Accessories,"Verbatim 25 GB 6x Blu-ray Single Layer Recordable Disc, 1/Pack",41.72,7,0.2,5.7365
CA-2013-164637,3/5/2015,3/9/2015,Standard Class,RD-19480,Rick Duston,Consumer,United States,Mishawaka,Indiana,46544,Central,OFF-BI-10003876,Office Supplies,Binders,"Green Canvas Binder for 8-1/2"" x 14"" Sheets",128.4,3,0,64.2
CA-2013-165218,3/6/2015,3/12/2015,Standard Class,RW-19630,Rob Williams,Corporate,United States,Dallas,Texas,75220,Central,OFF-EN-10000056,Office Supplies,Envelopes,Cameo Buff Policy Envelopes,149.352,3,0.2,50.4063
CA-2013-165218,3/6/2015,3/12/2015,Standard Class,RW-19630,Rob Williams,Corporate,United States,Dallas,Texas,75220,Central,OFF-ST-10001558,Office Supplies,Storage,Acco Perma 4000 Stacking Storage Drawers,12.992,1,0.2,-0.812
CA-2013-110898,3/7/2015,3/13/2015,Standard Class,LC-16870,Lena Cacioppo,Consumer,United States,Chicago,Illinois,60623,Central,OFF-AP-10001626,Office Supplies,Appliances,"Commercial WindTunnel Clean Air Upright Vacuum, Replacement Belts, Filtration Bags",2.334,3,0.8,-6.3018
CA-2013-110898,3/7/2015,3/13/2015,Standard Class,LC-16870,Lena Cacioppo,Consumer,United States,Chicago,Illinois,60623,Central,OFF-BI-10004656,Office Supplies,Binders,Peel & Stick Add-On Corner Pockets,1.728,4,0.8,-2.7648
CA-2013-110898,3/7/2015,3/13/2015,Standard Class,LC-16870,Lena Cacioppo,Consumer,United States,Chicago,Illinois,60623,Central,FUR-FU-10003773,Furniture,Furnishings,Eldon Cleatmat Plus Chair Mats for High Pile Carpets,159.04,5,0.6,-194.824
CA-2013-110898,3/7/2015,3/13/2015,Standard Class,LC-16870,Lena Cacioppo,Consumer,United States,Chicago,Illinois,60623,Central,FUR-TA-10000849,Furniture,Tables,Bevis Rectangular Conference Tables,145.98,2,0.5,-99.2664
US-2013-137547,3/8/2015,3/13/2015,Standard Class,EB-13705,Ed Braxton,Corporate,United States,Fort Worth,Texas,76106,Central,TEC-PH-10002365,Technology,Phones,Belkin Grip Candy Sheer Case / Cover for iPhone 5 and 5S,21.072,3,0.2,1.5804
CA-2013-130400,3/9/2015,3/13/2015,Standard Class,SJ-20125,Sanjit Jacobs,Home Office,United States,Dallas,Texas,75217,Central,OFF-BI-10001757,Office Supplies,Binders,Pressboard Hanging Data Binders for Unburst Sheets,8.856,9,0.8,-14.1696
CA-2013-130400,3/9/2015,3/13/2015,Standard Class,SJ-20125,Sanjit Jacobs,Home Office,United States,Dallas,Texas,75217,Central,TEC-AC-10004633,Technology,Accessories,"Verbatim 25 GB 6x Blu-ray Single Layer Recordable Disc, 3/Pack",27.96,5,0.2,8.388
CA-2013-130400,3/9/2015,3/13/2015,Standard Class,SJ-20125,Sanjit Jacobs,Home Office,United States,Dallas,Texas,75217,Central,OFF-EN-10001453,Office Supplies,Envelopes,"Tyvek Interoffice Envelopes, 9 1/2"" x 12 1/2"", 100/Box",146.352,3,0.2,49.3938
US-2013-140172,3/9/2015,3/14/2015,Standard Class,SP-20650,Stephanie Phelps,Corporate,United States,Jackson,Michigan,49201,Central,OFF-AP-10004233,Office Supplies,Appliances,Honeywell Enviracaire Portable Air Cleaner for up to 8 x 10 Room,207.144,3,0.1,48.3336
US-2013-140172,3/9/2015,3/14/2015,Standard Class,SP-20650,Stephanie Phelps,Corporate,United States,Jackson,Michigan,49201,Central,OFF-AR-10002766,Office Supplies,Art,Prang Drawing Pencil Set,13.9,5,0,3.753
CA-2013-118255,3/12/2015,3/14/2015,First Class,ON-18715,Odella Nelson,Corporate,United States,Eagan,Minnesota,55122,Central,TEC-AC-10000171,Technology,Accessories,"Verbatim 25 GB 6x Blu-ray Single Layer Recordable Disc, 25/Pack",45.98,2,0,19.7714
CA-2013-118255,3/12/2015,3/14/2015,First Class,ON-18715,Odella Nelson,Corporate,United States,Eagan,Minnesota,55122,Central,OFF-BI-10003291,Office Supplies,Binders,Wilson Jones Leather-Like Binders with DublLock Round Rings,17.46,2,0,8.2062
CA-2013-159373,3/14/2015,3/19/2015,Standard Class,LT-17110,Liz Thompson,Consumer,United States,San Antonio,Texas,78207,Central,OFF-PA-10000659,Office Supplies,Paper,"TOPS Carbonless Receipt Book, Four 2-3/4 x 7-1/4 Money Receipts per Page",70.08,5,0.2,24.528
CA-2013-159373,3/14/2015,3/19/2015,Standard Class,LT-17110,Liz Thompson,Consumer,United States,San Antonio,Texas,78207,Central,OFF-BI-10004141,Office Supplies,Binders,Insertable Tab Indexes For Data Binders,1.272,2,0.8,-2.1624
CA-2013-159373,3/14/2015,3/19/2015,Standard Class,LT-17110,Liz Thompson,Consumer,United States,San Antonio,Texas,78207,Central,FUR-TA-10004619,Furniture,Tables,Hon Non-Folding Utility Tables,557.585,5,0.3,0
CA-2013-162082,3/15/2015,3/18/2015,First Class,JS-15880,John Stevenson,Consumer,United States,Harlingen,Texas,78550,Central,FUR-BO-10004409,Furniture,Bookcases,"Safco Value Mate Series Steel Bookcases, Baked Enamel Finish on Steel, Gray",241.332,5,0.32,-14.196
CA-2013-162082,3/15/2015,3/18/2015,First Class,JS-15880,John Stevenson,Consumer,United States,Harlingen,Texas,78550,Central,OFF-PA-10001934,Office Supplies,Paper,Xerox 1993,5.184,1,0.2,1.8792
CA-2013-162082,3/15/2015,3/18/2015,First Class,JS-15880,John Stevenson,Consumer,United States,Harlingen,Texas,78550,Central,OFF-AR-10001044,Office Supplies,Art,"BOSTON Ranger #55 Pencil Sharpener, Black",145.544,7,0.2,16.3737
CA-2013-102134,3/15/2015,3/20/2015,Standard Class,SP-20545,Sibella Parks,Corporate,United States,Green Bay,Wisconsin,54302,Central,FUR-FU-10003724,Furniture,Furnishings,Westinghouse Clip-On Gooseneck Lamps,16.74,2,0,4.3524
CA-2013-149272,3/16/2015,3/20/2015,Standard Class,MY-18295,Muhammed Yedwab,Corporate,United States,Bryan,Texas,77803,Central,FUR-CH-10000863,Furniture,Chairs,Novimex Swivel Fabric Task Chair,528.43,5,0.3,-143.431
CA-2013-149272,3/16/2015,3/20/2015,Standard Class,MY-18295,Muhammed Yedwab,Corporate,United States,Bryan,Texas,77803,Central,OFF-BI-10004233,Office Supplies,Binders,"GBC Pre-Punched Binding Paper, Plastic, White, 8-1/2"" x 11""",22.386,7,0.8,-35.8176
CA-2013-150889,3/21/2015,3/23/2015,Second Class,PB-19105,Peter Bühler,Consumer,United States,Evanston,Illinois,60201,Central,TEC-PH-10000004,Technology,Phones,Belkin iPhone and iPad Lightning Cable,11.992,1,0.2,0.8994
CA-2013-127670,3/21/2015,3/25/2015,Standard Class,RD-19660,Robert Dilbeck,Home Office,United States,Saint Peters,Missouri,63376,Central,FUR-TA-10001095,Furniture,Tables,Chromcraft Round Conference Tables,697.16,4,0,146.4036
US-2013-133879,3/22/2015,3/29/2015,Standard Class,KT-16465,Kean Takahito,Consumer,United States,Chicago,Illinois,60623,Central,OFF-BI-10004465,Office Supplies,Binders,Avery Durable Slant Ring Binders,3.168,2,0.8,-4.752
US-2013-133879,3/22/2015,3/29/2015,Standard Class,KT-16465,Kean Takahito,Consumer,United States,Chicago,Illinois,60623,Central,FUR-CH-10000665,Furniture,Chairs,"Global Airflow Leather Mesh Back Chair, Black",528.43,5,0.3,0
US-2013-133879,3/22/2015,3/29/2015,Standard Class,KT-16465,Kean Takahito,Consumer,United States,Chicago,Illinois,60623,Central,OFF-AR-10004956,Office Supplies,Art,Newell 33,13.392,3,0.2,1.5066
CA-2013-163153,3/22/2015,3/26/2015,Standard Class,DM-12955,Dario Medina,Corporate,United States,Houston,Texas,77036,Central,FUR-TA-10004767,Furniture,Tables,Safco Drafting Table,99.372,2,0.3,-1.4196
CA-2013-163153,3/22/2015,3/26/2015,Standard Class,DM-12955,Dario Medina,Corporate,United States,Houston,Texas,77036,Central,OFF-AR-10001868,Office Supplies,Art,Prang Dustless Chalk Sticks,1.344,1,0.2,0.504
CA-2013-113803,3/25/2015,3/27/2015,First Class,VG-21805,Vivek Grady,Corporate,United States,Richmond,Indiana,47374,Central,OFF-PA-10001994,Office Supplies,Paper,"Ink Jet Note and Greeting Cards, 8-1/2"" x 5-1/2"" Card Size",22.48,1,0,10.3408
CA-2013-134887,3/26/2015,3/26/2015,Same Day,TB-21280,Toby Braunhardt,Consumer,United States,Norman,Oklahoma,73071,Central,TEC-AC-10003832,Technology,Accessories,Logitech P710e Mobile Speakerphone,1287.45,5,0,244.6155
CA-2013-152555,3/30/2015,4/3/2015,Second Class,ME-17320,Maria Etezadi,Home Office,United States,Chicago,Illinois,60653,Central,OFF-PA-10001295,Office Supplies,Paper,Computer Printout Paper with Letter-Trim Perforations,45.528,3,0.2,15.9348
CA-2013-152555,3/30/2015,4/3/2015,Second Class,ME-17320,Maria Etezadi,Home Office,United States,Chicago,Illinois,60653,Central,FUR-CH-10002965,Furniture,Chairs,"Global Leather Highback Executive Chair with Pneumatic Height Adjustment, Black",844.116,6,0.3,-36.1764
CA-2013-152555,3/30/2015,4/3/2015,Second Class,ME-17320,Maria Etezadi,Home Office,United States,Chicago,Illinois,60653,Central,TEC-PH-10001254,Technology,Phones,Jabra BIZ 2300 Duo QD Duo Corded Headset,812.736,8,0.2,60.9552
US-2013-160206,4/2/2015,4/8/2015,Standard Class,MY-18295,Muhammed Yedwab,Corporate,United States,Milwaukee,Wisconsin,53209,Central,TEC-PH-10000148,Technology,Phones,Cyber Acoustics AC-202b Speech Recognition Stereo Headset,12.99,1,0,0.2598
CA-2013-123540,4/3/2015,4/7/2015,Second Class,DJ-13420,Denny Joy,Corporate,United States,Milwaukee,Wisconsin,53209,Central,FUR-CH-10000847,Furniture,Chairs,Global Executive Mid-Back Manager's Chair,1454.9,5,0,378.274
CA-2013-167682,4/4/2015,4/10/2015,Standard Class,ZD-21925,Zuschuss Donatelli,Consumer,United States,Richmond,Indiana,47374,Central,FUR-FU-10003799,Furniture,Furnishings,"Seth Thomas 13 1/2"" Wall Clock",71.12,4,0,22.0472
CA-2013-167682,4/4/2015,4/10/2015,Standard Class,ZD-21925,Zuschuss Donatelli,Consumer,United States,Richmond,Indiana,47374,Central,TEC-PH-10000673,Technology,Phones,Plantronics Voyager Pro HD - Bluetooth Headset,259.96,4,0,124.7808
CA-2013-162222,4/4/2015,4/4/2015,Same Day,SR-20740,Steven Roelle,Home Office,United States,Dallas,Texas,75081,Central,OFF-PA-10003893,Office Supplies,Paper,Xerox 1962,10.272,3,0.2,3.21
CA-2013-159695,4/6/2015,4/11/2015,Second Class,GM-14455,Gary Mitchum,Home Office,United States,Houston,Texas,77095,Central,OFF-ST-10003442,Office Supplies,Storage,Eldon Portable Mobile Manager,158.368,7,0.2,13.8572
CA-2013-130946,4/9/2015,4/13/2015,Standard Class,ZC-21910,Zuschuss Carroll,Consumer,United States,Houston,Texas,77041,Central,TEC-AC-10001990,Technology,Accessories,Kensington Orbit Wireless Mobile Trackball for PC and Mac,431.928,9,0.2,64.7892
CA-2013-130946,4/9/2015,4/13/2015,Standard Class,ZC-21910,Zuschuss Carroll,Consumer,United States,Houston,Texas,77041,Central,FUR-CH-10004540,Furniture,Chairs,Global Chrome Stack Chair,95.984,4,0.3,-4.1136
CA-2013-130946,4/9/2015,4/13/2015,Standard Class,ZC-21910,Zuschuss Carroll,Consumer,United States,Houston,Texas,77041,Central,OFF-BI-10004995,Office Supplies,Binders,GBC DocuBind P400 Electric Binding System,1088.792,4,0.8,-1850.9464
CA-2013-128517,4/10/2015,4/15/2015,Second Class,SW-20350,Sean Wendt,Home Office,United States,Detroit,Michigan,48227,Central,TEC-PH-10002555,Technology,Phones,Nortel Meridian M5316 Digital phone,517.9,2,0,134.654
CA-2013-128517,4/10/2015,4/15/2015,Second Class,SW-20350,Sean Wendt,Home Office,United States,Detroit,Michigan,48227,Central,OFF-BI-10000831,Office Supplies,Binders,Storex Flexible Poly Binders with Double Pockets,5.28,2,0,2.4288
CA-2013-109652,4/11/2015,4/16/2015,Standard Class,QJ-19255,Quincy Jones,Corporate,United States,Chicago,Illinois,60653,Central,OFF-AR-10000034,Office Supplies,Art,"BIC Brite Liner Grip Highlighters, Assorted, 5/Pack",13.568,4,0.2,3.2224
US-2013-132423,4/16/2015,4/20/2015,Standard Class,MY-18295,Muhammed Yedwab,Corporate,United States,Grapevine,Texas,76051,Central,OFF-AR-10001221,Office Supplies,Art,"Dixon Ticonderoga Erasable Colored Pencil Set, 12-Color",33.488,7,0.2,5.8604
US-2013-132423,4/16/2015,4/20/2015,Standard Class,MY-18295,Muhammed Yedwab,Corporate,United States,Grapevine,Texas,76051,Central,OFF-FA-10002988,Office Supplies,Fasteners,Ideal Clamps,8.04,5,0.2,2.9145
US-2013-133508,4/18/2015,4/22/2015,Standard Class,SW-20350,Sean Wendt,Home Office,United States,Omaha,Nebraska,68104,Central,OFF-FA-10000134,Office Supplies,Fasteners,"Advantus Push Pins, Aluminum Head",29.05,5,0,9.0055
CA-2013-155551,4/19/2015,4/24/2015,Standard Class,CR-12580,Clay Rozendal,Home Office,United States,Elmhurst,Illinois,60126,Central,OFF-ST-10003656,Office Supplies,Storage,Safco Industrial Wire Shelving,230.376,3,0.2,-48.9549
CA-2013-155551,4/19/2015,4/24/2015,Standard Class,CR-12580,Clay Rozendal,Home Office,United States,Elmhurst,Illinois,60126,Central,OFF-PA-10001560,Office Supplies,Paper,"Adams Telephone Message Books, 5 1/4” x 11”",9.664,2,0.2,3.2616
CA-2013-125087,4/19/2015,4/24/2015,Standard Class,TH-21115,Thea Hudgings,Corporate,United States,Houston,Texas,77070,Central,FUR-CH-10002880,Furniture,Chairs,"Global High-Back Leather Tilter, Burgundy",344.372,4,0.3,-93.4724
CA-2013-125087,4/19/2015,4/24/2015,Standard Class,TH-21115,Thea Hudgings,Corporate,United States,Houston,Texas,77070,Central,OFF-ST-10001780,Office Supplies,Storage,Tennsco 16-Compartment Lockers with Coat Rack,1554.936,3,0.2,77.7468
CA-2013-125087,4/19/2015,4/24/2015,Standard Class,TH-21115,Thea Hudgings,Corporate,United States,Houston,Texas,77070,Central,FUR-FU-10004748,Furniture,Furnishings,"Howard Miller 16"" Diameter Gallery Wall Clock",127.88,5,0.6,-67.137
US-2013-103646,4/22/2015,4/27/2015,Standard Class,SP-20545,Sibella Parks,Corporate,United States,Chicago,Illinois,60623,Central,OFF-ST-10000563,Office Supplies,Storage,Fellowes Bankers Box Stor/Drawer Steel Plus,102.336,4,0.2,-12.792
US-2013-103646,4/22/2015,4/27/2015,Standard Class,SP-20545,Sibella Parks,Corporate,United States,Chicago,Illinois,60623,Central,OFF-AP-10004487,Office Supplies,Appliances,Kensington 4 Outlet MasterPiece Compact Power Control Center,48.792,3,0.8,-126.8592
US-2013-103646,4/22/2015,4/27/2015,Standard Class,SP-20545,Sibella Parks,Corporate,United States,Chicago,Illinois,60623,Central,OFF-BI-10002854,Office Supplies,Binders,"Performers Binder/Pad Holder, Black",44.848,8,0.8,-67.272
CA-2013-113061,4/23/2015,4/27/2015,Standard Class,EL-13735,Ed Ludwig,Home Office,United States,Jefferson City,Missouri,65109,Central,FUR-FU-10003975,Furniture,Furnishings,Eldon Advantage Chair Mats for Low to Medium Pile Carpets,86.62,2,0,8.662
CA-2013-109057,4/23/2015,4/28/2015,Standard Class,TT-21460,Tonja Turnell,Home Office,United States,Aurora,Illinois,60505,Central,OFF-ST-10002406,Office Supplies,Storage,Pizazz Global Quick File,23.952,2,0.2,2.3952
CA-2013-168081,4/25/2015,4/28/2015,Second Class,CA-12055,Cathy Armstrong,Home Office,United States,Houston,Texas,77070,Central,TEC-AC-10003174,Technology,Accessories,Plantronics S12 Corded Telephone Headset System,258.696,3,0.2,64.674
CA-2013-161816,4/29/2015,5/2/2015,First Class,NB-18655,Nona Balk,Corporate,United States,Dallas,Texas,75217,Central,TEC-PH-10003012,Technology,Phones,Nortel Meridian M3904 Professional Digital phone,369.576,3,0.2,41.5773
CA-2013-161816,4/29/2015,5/2/2015,First Class,NB-18655,Nona Balk,Corporate,United States,Dallas,Texas,75217,Central,OFF-LA-10004345,Office Supplies,Labels,Avery 493,15.712,4,0.2,5.6956
CA-2013-167605,4/29/2015,5/1/2015,Second Class,RB-19570,Rob Beeghly,Consumer,United States,Saint Charles,Illinois,60174,Central,FUR-FU-10001602,Furniture,Furnishings,"Eldon Delta Triangular Chair Mat, 52"" x 58"", Clear",30.344,2,0.6,-31.8612
US-2013-120460,5/1/2015,5/6/2015,Standard Class,BF-11170,Ben Ferrer,Home Office,United States,Dallas,Texas,75081,Central,FUR-FU-10004973,Furniture,Furnishings,Flat Face Poster Frame,22.608,3,0.6,-10.1736
CA-2013-148698,5/3/2015,5/8/2015,Standard Class,BD-11770,Bryan Davis,Consumer,United States,Houston,Texas,77070,Central,OFF-AR-10004022,Office Supplies,Art,Panasonic KP-380BK Classic Electric Pencil Sharpener,86.352,3,0.2,5.397
CA-2013-104311,5/3/2015,5/7/2015,Standard Class,AS-10090,Adam Shillingsburg,Consumer,United States,Irving,Texas,75061,Central,OFF-ST-10000321,Office Supplies,Storage,Akro Stacking Bins,18.936,3,0.2,-3.7872
CA-2013-104311,5/3/2015,5/7/2015,Standard Class,AS-10090,Adam Shillingsburg,Consumer,United States,Irving,Texas,75061,Central,OFF-ST-10002957,Office Supplies,Storage,Sterilite Show Offs Storage Containers,12.672,3,0.2,-3.168
CA-2013-104311,5/3/2015,5/7/2015,Standard Class,AS-10090,Adam Shillingsburg,Consumer,United States,Irving,Texas,75061,Central,OFF-LA-10000973,Office Supplies,Labels,Avery 502,5.04,2,0.2,1.764
CA-2013-109400,5/3/2015,5/7/2015,Standard Class,NR-18550,Nick Radford,Consumer,United States,Amarillo,Texas,79109,Central,FUR-CH-10003298,Furniture,Chairs,"Office Star - Contemporary Task Swivel chair with Loop Arms, Charcoal",366.744,4,0.3,-110.0232
CA-2013-163398,5/4/2015,5/9/2015,Standard Class,CB-12415,Christy Brittain,Consumer,United States,Chicago,Illinois,60653,Central,OFF-BI-10000014,Office Supplies,Binders,Heavy-Duty E-Z-D Binders,2.182,1,0.8,-3.6003
CA-2013-163398,5/4/2015,5/9/2015,Standard Class,CB-12415,Christy Brittain,Consumer,United States,Chicago,Illinois,60653,Central,OFF-AR-10003217,Office Supplies,Art,Newell 316,27.384,7,0.2,2.7384
CA-2013-163398,5/4/2015,5/9/2015,Standard Class,CB-12415,Christy Brittain,Consumer,United States,Chicago,Illinois,60653,Central,OFF-AP-10002403,Office Supplies,Appliances,Acco Smartsocket Color-Coded Six-Outlet AC Adapter Model Surge Protectors,26.406,3,0.8,-71.2962
CA-2013-139234,5/7/2015,5/11/2015,Standard Class,AF-10870,Art Ferguson,Consumer,United States,Chicago,Illinois,60610,Central,OFF-BI-10000773,Office Supplies,Binders,Insertable Tab Post Binder Dividers,3.208,2,0.8,-5.2932
CA-2013-139234,5/7/2015,5/11/2015,Standard Class,AF-10870,Art Ferguson,Consumer,United States,Chicago,Illinois,60610,Central,TEC-AC-10004510,Technology,Accessories,Logitech Desktop MK120 Mouse and keyboard Combo,26.176,2,0.2,-3.272
US-2013-146857,5/7/2015,5/9/2015,Second Class,BE-11455,Brad Eason,Home Office,United States,Springfield,Missouri,65807,Central,OFF-AP-10001205,Office Supplies,Appliances,Belkin 5 Outlet SurgeMaster Power Centers,54.48,1,0,15.2544
CA-2013-112382,5/10/2015,5/14/2015,Standard Class,MB-18085,Mick Brown,Consumer,United States,Houston,Texas,77036,Central,TEC-PH-10001552,Technology,Phones,I Need's 3d Hello Kitty Hybrid Silicone Case Cover for HTC One X 4g with 3d Hello Kitty Stylus Pen Green/pink,19.136,2,0.2,1.9136
US-2013-144057,5/10/2015,5/14/2015,Standard Class,CV-12805,Cynthia Voltz,Corporate,United States,Austin,Texas,78745,Central,OFF-ST-10001490,Office Supplies,Storage,"Hot File 7-Pocket, Floor Stand",856.656,6,0.2,107.082
US-2013-144057,5/10/2015,5/14/2015,Standard Class,CV-12805,Cynthia Voltz,Corporate,United States,Austin,Texas,78745,Central,OFF-BI-10002852,Office Supplies,Binders,Ibico Standard Transparent Covers,13.184,4,0.8,-20.4352
US-2013-144057,5/10/2015,5/14/2015,Standard Class,CV-12805,Cynthia Voltz,Corporate,United States,Austin,Texas,78745,Central,OFF-AP-10000390,Office Supplies,Appliances,Euro Pro Shark Stick Mini Vacuum,48.784,4,0.8,-131.7168
US-2013-144057,5/10/2015,5/14/2015,Standard Class,CV-12805,Cynthia Voltz,Corporate,United States,Austin,Texas,78745,Central,OFF-PA-10004327,Office Supplies,Paper,Xerox 1911,76.64,2,0.2,26.824
US-2013-144057,5/10/2015,5/14/2015,Standard Class,CV-12805,Cynthia Voltz,Corporate,United States,Austin,Texas,78745,Central,OFF-BI-10002353,Office Supplies,Binders,GBC VeloBind Cover Sets,18.528,6,0.8,-27.792
CA-2013-117625,5/11/2015,5/16/2015,Standard Class,GM-14500,Gene McClure,Consumer,United States,Chicago,Illinois,60610,Central,OFF-EN-10001535,Office Supplies,Envelopes,Grip Seal Envelopes,7.072,2,0.2,2.3868
US-2013-117037,5/18/2015,5/21/2015,First Class,LW-17215,Luke Weiss,Consumer,United States,Chicago,Illinois,60653,Central,OFF-BI-10000279,Office Supplies,Binders,"Acco Recycled 2"" Capacity Laser Printer Hanging Data Binders",2.89,1,0.8,-4.7685
US-2013-117037,5/18/2015,5/21/2015,First Class,LW-17215,Luke Weiss,Consumer,United States,Chicago,Illinois,60653,Central,OFF-FA-10000936,Office Supplies,Fasteners,Acco Hot Clips Clips to Go,7.896,3,0.2,2.4675
US-2013-117037,5/18/2015,5/21/2015,First Class,LW-17215,Luke Weiss,Consumer,United States,Chicago,Illinois,60653,Central,FUR-FU-10004973,Furniture,Furnishings,Flat Face Poster Frame,22.608,3,0.6,-10.1736
US-2013-117037,5/18/2015,5/21/2015,First Class,LW-17215,Luke Weiss,Consumer,United States,Chicago,Illinois,60653,Central,OFF-PA-10000791,Office Supplies,Paper,"Wirebound Message Books, Four 2 3/4 x 5 Forms per Page, 200 Sets per Book",30.528,8,0.2,9.54
US-2013-152835,5/20/2015,5/24/2015,Standard Class,RP-19855,Roy Phan,Corporate,United States,Lafayette,Indiana,47905,Central,OFF-AR-10003056,Office Supplies,Art,Newell 341,21.4,5,0,6.206
CA-2013-114209,5/22/2015,5/27/2015,Standard Class,AS-10285,Alejandro Savely,Corporate,United States,Dallas,Texas,75081,Central,OFF-BI-10000343,Office Supplies,Binders,"Pressboard Covers with Storage Hooks, 9 1/2"" x 11"", Light Blue",1.964,2,0.8,-3.2406
CA-2013-114209,5/22/2015,5/27/2015,Standard Class,AS-10285,Alejandro Savely,Corporate,United States,Dallas,Texas,75081,Central,OFF-PA-10003591,Office Supplies,Paper,Southworth 100% Cotton The Best Paper,82.656,9,0.2,30.996
CA-2013-125920,5/22/2015,5/29/2015,Standard Class,SH-19975,Sally Hughsby,Corporate,United States,Chicago,Illinois,60610,Central,OFF-BI-10003429,Office Supplies,Binders,"Cardinal HOLDit! Binder Insert Strips,Extra Strips",3.798,3,0.8,-5.8869
CA-2013-133725,5/24/2015,5/29/2015,Standard Class,KL-16645,Ken Lonsdale,Consumer,United States,Chicago,Illinois,60623,Central,TEC-PH-10004165,Technology,Phones,Mitel MiVoice 5330e IP Phone,1979.928,9,0.2,148.4946
CA-2013-119186,5/27/2015,5/27/2015,Same Day,MS-17710,Maurice Satty,Consumer,United States,Fort Worth,Texas,76106,Central,OFF-PA-10004621,Office Supplies,Paper,Xerox 212,10.368,2,0.2,3.6288
CA-2013-119186,5/27/2015,5/27/2015,Same Day,MS-17710,Maurice Satty,Consumer,United States,Fort Worth,Texas,76106,Central,FUR-CH-10001973,Furniture,Chairs,Office Star Flex Back Scooter Chair with White Frame,388.43,5,0.3,-88.784
CA-2013-119186,5/27/2015,5/27/2015,Same Day,MS-17710,Maurice Satty,Consumer,United States,Fort Worth,Texas,76106,Central,OFF-PA-10004040,Office Supplies,Paper,Universal Premium White Copier/Laser Paper (20Lb. and 87 Bright),14.352,3,0.2,5.2026
CA-2013-119186,5/27/2015,5/27/2015,Same Day,MS-17710,Maurice Satty,Consumer,United States,Fort Worth,Texas,76106,Central,TEC-AC-10000580,Technology,Accessories,Logitech G13 Programmable Gameboard with LCD Display,63.992,1,0.2,-7.1991
CA-2013-149237,5/27/2015,5/31/2015,Standard Class,CM-12235,Chris McAfee,Consumer,United States,Milwaukee,Wisconsin,53209,Central,FUR-FU-10002088,Furniture,Furnishings,Nu-Dell Float Frame 11 x 14 1/2,26.94,3,0,11.3148
CA-2013-122903,5/28/2015,5/30/2015,Second Class,LA-16780,Laura Armstrong,Corporate,United States,Detroit,Michigan,48205,Central,FUR-CH-10002024,Furniture,Chairs,HON 5400 Series Task Chairs for Big and Tall,3504.9,5,0,700.98
CA-2013-122903,5/28/2015,5/30/2015,Second Class,LA-16780,Laura Armstrong,Corporate,United States,Detroit,Michigan,48205,Central,OFF-PA-10001790,Office Supplies,Paper,Xerox 1910,144.12,3,0,69.1776
CA-2013-122903,5/28/2015,5/30/2015,Second Class,LA-16780,Laura Armstrong,Corporate,United States,Detroit,Michigan,48205,Central,OFF-PA-10000994,Office Supplies,Paper,Xerox 1915,314.55,3,0,150.984
CA-2013-101791,5/28/2015,6/1/2015,Standard Class,BS-11665,Brian Stugart,Consumer,United States,Chicago,Illinois,60623,Central,FUR-FU-10003247,Furniture,Furnishings,36X48 HARDFLOOR CHAIRMAT,25.176,3,0.6,-33.3582
CA-2013-101791,5/28/2015,6/1/2015,Standard Class,BS-11665,Brian Stugart,Consumer,United States,Chicago,Illinois,60623,Central,FUR-FU-10002191,Furniture,Furnishings,G.E. Halogen Desk Lamp Bulbs,5.584,2,0.6,-1.6752
CA-2013-101791,5/28/2015,6/1/2015,Standard Class,BS-11665,Brian Stugart,Consumer,United States,Chicago,Illinois,60623,Central,OFF-ST-10001496,Office Supplies,Storage,Standard Rollaway File with Lock,1297.368,9,0.2,97.3026
CA-2013-121377,5/29/2015,6/3/2015,Standard Class,TN-21040,Tanja Norvell,Home Office,United States,Park Ridge,Illinois,60068,Central,TEC-PH-10001817,Technology,Phones,Wilson Electronics DB Pro Signal Booster,286.4,1,0.2,25.06
CA-2013-152730,5/31/2015,6/5/2015,Standard Class,EM-14140,Eugene Moren,Home Office,United States,Superior,Wisconsin,54880,Central,OFF-AP-10002684,Office Supplies,Appliances,"Acco 7-Outlet Masterpiece Power Center, Wihtout Fax/Phone Line Protection",364.74,3,0,109.422
CA-2013-152730,5/31/2015,6/5/2015,Standard Class,EM-14140,Eugene Moren,Home Office,United States,Superior,Wisconsin,54880,Central,FUR-FU-10001037,Furniture,Furnishings,"DAX Charcoal/Nickel-Tone Document Frame, 5 x 7",47.4,5,0,21.33
CA-2013-152730,5/31/2015,6/5/2015,Standard Class,EM-14140,Eugene Moren,Home Office,United States,Superior,Wisconsin,54880,Central,OFF-ST-10000876,Office Supplies,Storage,Eldon Simplefile Box Office,49.76,4,0,13.9328
CA-2013-152730,5/31/2015,6/5/2015,Standard Class,EM-14140,Eugene Moren,Home Office,United States,Superior,Wisconsin,54880,Central,OFF-AR-10003732,Office Supplies,Art,Newell 333,5.56,2,0,1.4456
CA-2013-152730,5/31/2015,6/5/2015,Standard Class,EM-14140,Eugene Moren,Home Office,United States,Superior,Wisconsin,54880,Central,OFF-PA-10000994,Office Supplies,Paper,Xerox 1915,629.1,6,0,301.968
CA-2013-152730,5/31/2015,6/5/2015,Standard Class,EM-14140,Eugene Moren,Home Office,United States,Superior,Wisconsin,54880,Central,OFF-AR-10000940,Office Supplies,Art,Newell 343,14.7,5,0,3.969
CA-2013-152730,5/31/2015,6/5/2015,Standard Class,EM-14140,Eugene Moren,Home Office,United States,Superior,Wisconsin,54880,Central,OFF-PA-10004888,Office Supplies,Paper,Xerox 217,45.36,7,0,21.7728
CA-2013-152730,5/31/2015,6/5/2015,Standard Class,EM-14140,Eugene Moren,Home Office,United States,Superior,Wisconsin,54880,Central,TEC-PH-10000441,Technology,Phones,VTech DS6151,125.99,1,0,35.2772
CA-2013-108210,5/31/2015,6/1/2015,Same Day,AT-10735,Annie Thurman,Consumer,United States,Houston,Texas,77041,Central,TEC-PH-10002293,Technology,Phones,Anker 36W 4-Port USB Wall Charger Travel Power Adapter for iPhone 5s 5c 5,79.96,5,0.2,7.996
CA-2013-108210,5/31/2015,6/1/2015,Same Day,AT-10735,Annie Thurman,Consumer,United States,Houston,Texas,77041,Central,TEC-AC-10000109,Technology,Accessories,Sony Micro Vault Click 16 GB USB 2.0 Flash Drive,223.96,5,0.2,11.198
CA-2013-150483,6/1/2015,6/5/2015,Standard Class,BP-11290,Beth Paige,Consumer,United States,Decatur,Illinois,62521,Central,FUR-FU-10001379,Furniture,Furnishings,"Executive Impressions 16-1/2"" Circular Wall Clock",32.064,3,0.6,-12.8256
CA-2013-150483,6/1/2015,6/5/2015,Standard Class,BP-11290,Beth Paige,Consumer,United States,Decatur,Illinois,62521,Central,OFF-PA-10001846,Office Supplies,Paper,Xerox 1899,18.496,4,0.2,6.7048
CA-2013-150483,6/1/2015,6/5/2015,Standard Class,BP-11290,Beth Paige,Consumer,United States,Decatur,Illinois,62521,Central,FUR-CH-10000422,Furniture,Chairs,Global Highback Leather Tilter in Burgundy,191.079,3,0.3,-38.2158
CA-2013-150483,6/1/2015,6/5/2015,Standard Class,BP-11290,Beth Paige,Consumer,United States,Decatur,Illinois,62521,Central,OFF-PA-10004621,Office Supplies,Paper,Xerox 212,10.368,2,0.2,3.6288
CA-2013-157749,6/5/2015,6/10/2015,Second Class,KL-16645,Ken Lonsdale,Consumer,United States,Chicago,Illinois,60610,Central,OFF-PA-10003349,Office Supplies,Paper,Xerox 1957,25.92,5,0.2,9.396
CA-2013-157749,6/5/2015,6/10/2015,Second Class,KL-16645,Ken Lonsdale,Consumer,United States,Chicago,Illinois,60610,Central,FUR-FU-10000576,Furniture,Furnishings,Luxo Professional Fluorescent Magnifier Lamp with Clamp-Mount Base,419.68,5,0.6,-356.728
CA-2013-157749,6/5/2015,6/10/2015,Second Class,KL-16645,Ken Lonsdale,Consumer,United States,Chicago,Illinois,60610,Central,FUR-FU-10004351,Furniture,Furnishings,Staple-based wall hangings,11.688,3,0.6,-4.6752
CA-2013-157749,6/5/2015,6/10/2015,Second Class,KL-16645,Ken Lonsdale,Consumer,United States,Chicago,Illinois,60610,Central,TEC-PH-10000011,Technology,Phones,PureGear Roll-On Screen Protector,31.984,2,0.2,11.1944
CA-2013-157749,6/5/2015,6/10/2015,Second Class,KL-16645,Ken Lonsdale,Consumer,United States,Chicago,Illinois,60610,Central,FUR-TA-10002607,Furniture,Tables,KI Conference Tables,177.225,5,0.5,-120.513
CA-2013-157749,6/5/2015,6/10/2015,Second Class,KL-16645,Ken Lonsdale,Consumer,United States,Chicago,Illinois,60610,Central,FUR-FU-10002505,Furniture,Furnishings,Eldon 100 Class Desk Accessories,4.044,3,0.6,-2.8308
CA-2013-157749,6/5/2015,6/10/2015,Second Class,KL-16645,Ken Lonsdale,Consumer,United States,Chicago,Illinois,60610,Central,OFF-AR-10004685,Office Supplies,Art,"Binney & Smith Crayola Metallic Colored Pencils, 8-Color Set",7.408,2,0.2,1.2038
CA-2013-125318,6/7/2015,6/14/2015,Standard Class,RC-19825,Roy Collins,Consumer,United States,Chicago,Illinois,60610,Central,TEC-PH-10001433,Technology,Phones,Cisco Small Business SPA 502G VoIP phone,328.224,4,0.2,28.7196
CA-2013-154662,6/10/2015,6/17/2015,Standard Class,BF-11215,Benjamin Farhat,Home Office,United States,Minneapolis,Minnesota,55407,Central,FUR-TA-10001771,Furniture,Tables,"Bush Cubix Conference Tables, Fully Assembled",692.94,3,0,173.235
CA-2013-169922,6/12/2015,6/18/2015,Standard Class,MZ-17515,Mary Zewe,Corporate,United States,Arlington,Texas,76017,Central,OFF-BI-10003784,Office Supplies,Binders,Computer Printout Index Tabs,1.344,4,0.8,-2.1504
CA-2013-169922,6/12/2015,6/18/2015,Standard Class,MZ-17515,Mary Zewe,Corporate,United States,Arlington,Texas,76017,Central,OFF-BI-10001617,Office Supplies,Binders,GBC Wire Binding Combs,8.272,4,0.8,-13.6488
CA-2013-169922,6/12/2015,6/18/2015,Standard Class,MZ-17515,Mary Zewe,Corporate,United States,Arlington,Texas,76017,Central,FUR-FU-10004415,Furniture,Furnishings,"Stacking Tray, Side-Loading, Legal, Smoke",12.544,7,0.6,-9.0944
CA-2013-147375,6/13/2015,6/15/2015,Second Class,PO-19180,Philisse Overcash,Home Office,United States,Chicago,Illinois,60623,Central,TEC-MA-10002937,Technology,Machines,"Canon Color ImageCLASS MF8580Cdw Wireless Laser All-In-One Printer, Copier, Scanner",1007.979,3,0.3,43.1991
CA-2013-147375,6/13/2015,6/15/2015,Second Class,PO-19180,Philisse Overcash,Home Office,United States,Chicago,Illinois,60623,Central,OFF-PA-10001970,Office Supplies,Paper,Xerox 1908,313.488,7,0.2,113.6394
CA-2013-164035,6/13/2015,6/18/2015,Standard Class,CR-12730,Craig Reiter,Consumer,United States,Chicago,Illinois,60610,Central,OFF-PA-10002160,Office Supplies,Paper,Xerox 1978,23.12,5,0.2,8.381
CA-2013-120824,6/13/2015,6/17/2015,Second Class,AW-10930,Arthur Wiediger,Home Office,United States,Houston,Texas,77070,Central,OFF-AP-10001242,Office Supplies,Appliances,APC 7 Outlet Network SurgeArrest Surge Protector,64.384,4,0.8,-160.96
CA-2013-120824,6/13/2015,6/17/2015,Second Class,AW-10930,Arthur Wiediger,Home Office,United States,Houston,Texas,77070,Central,FUR-FU-10001424,Furniture,Furnishings,Dax Clear Box Frame,6.984,2,0.6,-4.5396
CA-2013-120824,6/13/2015,6/17/2015,Second Class,AW-10930,Arthur Wiediger,Home Office,United States,Houston,Texas,77070,Central,OFF-AR-10003469,Office Supplies,Art,Nontoxic Chalk,11.264,8,0.2,3.9424
CA-2013-120824,6/13/2015,6/17/2015,Second Class,AW-10930,Arthur Wiediger,Home Office,United States,Houston,Texas,77070,Central,OFF-PA-10000232,Office Supplies,Paper,Xerox 1975,15.552,3,0.2,5.6376
CA-2013-120824,6/13/2015,6/17/2015,Second Class,AW-10930,Arthur Wiediger,Home Office,United States,Houston,Texas,77070,Central,FUR-CH-10000229,Furniture,Chairs,Global Enterprise Series Seating High-Back Swivel/Tilt Chairs,379.372,2,0.3,-119.2312
CA-2013-120824,6/13/2015,6/17/2015,Second Class,AW-10930,Arthur Wiediger,Home Office,United States,Houston,Texas,77070,Central,OFF-ST-10002562,Office Supplies,Storage,Staple magnet,67.536,9,0.2,6.7536
CA-2013-120824,6/13/2015,6/17/2015,Second Class,AW-10930,Arthur Wiediger,Home Office,United States,Houston,Texas,77070,Central,OFF-BI-10001525,Office Supplies,Binders,"Acco Pressboard Covers with Storage Hooks, 14 7/8"" x 11"", Executive Red",1.524,2,0.8,-2.667
CA-2013-155005,6/14/2015,6/16/2015,Second Class,SC-20050,Sample Company A,Home Office,United States,Jackson,Michigan,49201,Central,TEC-PH-10003484,Technology,Phones,Ooma Telo VoIP Home Phone System,377.97,3,0,94.4925
CA-2013-136287,6/14/2015,6/18/2015,Standard Class,SS-20590,Sonia Sunley,Consumer,United States,Wichita,Kansas,67212,Central,OFF-LA-10003148,Office Supplies,Labels,Avery 51,18.9,3,0,8.694
CA-2013-152765,6/16/2015,6/19/2015,First Class,LS-17245,Lynn Smith,Consumer,United States,Houston,Texas,77036,Central,OFF-PA-10000483,Office Supplies,Paper,Xerox 19,173.488,7,0.2,54.215
US-2013-163461,6/19/2015,6/22/2015,First Class,BT-11440,Bobby Trafton,Consumer,United States,Frankfort,Illinois,60423,Central,OFF-PA-10003134,Office Supplies,Paper,Xerox 1937,76.864,2,0.2,26.9024
CA-2013-108581,6/21/2015,6/27/2015,Standard Class,EA-14035,Erin Ashbrook,Corporate,United States,Carrollton,Texas,75007,Central,TEC-AC-10001109,Technology,Accessories,Logitech Trackman Marble Mouse,95.968,4,0.2,26.3912
CA-2013-108581,6/21/2015,6/27/2015,Standard Class,EA-14035,Erin Ashbrook,Corporate,United States,Carrollton,Texas,75007,Central,OFF-PA-10000809,Office Supplies,Paper,Xerox 206,10.368,2,0.2,3.6288
CA-2013-149965,6/21/2015,6/26/2015,Standard Class,BS-11365,Bill Shonely,Corporate,United States,Oklahoma City,Oklahoma,73120,Central,TEC-AC-10004877,Technology,Accessories,Imation 30456 USB Flash Drive 8GB,6.9,1,0,0.552
CA-2013-149965,6/21/2015,6/26/2015,Standard Class,BS-11365,Bill Shonely,Corporate,United States,Oklahoma City,Oklahoma,73120,Central,FUR-FU-10004270,Furniture,Furnishings,"Executive Impressions 13"" Clairmont Wall Clock",57.69,3,0,23.6529
CA-2013-168361,6/22/2015,6/26/2015,Standard Class,KB-16600,Ken Brennan,Corporate,United States,Chicago,Illinois,60623,Central,OFF-BI-10003727,Office Supplies,Binders,Avery Durable Slant Ring Binders With Label Holder,0.836,1,0.8,-1.3376
CA-2013-101987,6/25/2015,7/1/2015,Standard Class,HL-15040,Hunter Lopez,Consumer,United States,Richmond,Indiana,47374,Central,TEC-PH-10001305,Technology,Phones,Panasonic KX TS208W Corded phone,440.91,9,0,123.4548
CA-2013-166240,6/25/2015,6/29/2015,Standard Class,DH-13075,Dave Hallsten,Corporate,United States,Houston,Texas,77095,Central,OFF-AP-10002082,Office Supplies,Appliances,Holmes HEPA Air Purifier,8.712,2,0.8,-19.602
CA-2013-101693,6/26/2015,6/28/2015,Second Class,LC-17140,Logan Currie,Consumer,United States,Houston,Texas,77070,Central,FUR-CH-10001146,Furniture,Chairs,"Global Value Mid-Back Manager's Chair, Gray",85.246,2,0.3,-6.089
CA-2013-101693,6/26/2015,6/28/2015,Second Class,LC-17140,Logan Currie,Consumer,United States,Houston,Texas,77070,Central,FUR-FU-10003919,Furniture,Furnishings,Eldon Executive Woodline II Cherry Finish Desk Accessories,32.712,2,0.6,-26.1696
US-2013-158708,6/27/2015,6/30/2015,Second Class,AB-10255,Alejandro Ballentine,Home Office,United States,Plano,Texas,75023,Central,TEC-AC-10003133,Technology,Accessories,Memorex Mini Travel Drive 4 GB USB 2.0 Flash Drive,13.616,2,0.2,3.5742
CA-2013-152331,6/27/2015,7/1/2015,Standard Class,LD-16855,Lela Donovan,Corporate,United States,Chicago,Illinois,60653,Central,OFF-AR-10001547,Office Supplies,Art,Newell 311,5.304,3,0.2,0.4641
CA-2013-118101,6/27/2015,6/27/2015,Same Day,SN-20560,Skye Norling,Home Office,United States,Roseville,Michigan,48066,Central,OFF-PA-10000357,Office Supplies,Paper,"White Dual Perf Computer Printout Paper, 2700 Sheets, 1 Part, Heavyweight, 20 lbs., 14 7/8 x 11",368.91,9,0,180.7659
CA-2013-118101,6/27/2015,6/27/2015,Same Day,SN-20560,Skye Norling,Home Office,United States,Roseville,Michigan,48066,Central,OFF-BI-10000773,Office Supplies,Binders,Insertable Tab Post Binder Dividers,8.02,1,0,3.7694
CA-2013-118101,6/27/2015,6/27/2015,Same Day,SN-20560,Skye Norling,Home Office,United States,Roseville,Michigan,48066,Central,OFF-ST-10001837,Office Supplies,Storage,"SAFCO Mobile Desk Side File, Wire Frame",171.04,4,0,44.4704
CA-2013-153577,6/28/2015,7/2/2015,Standard Class,KH-16330,Katharine Harms,Corporate,United States,Highland Park,Illinois,60035,Central,OFF-PA-10000575,Office Supplies,Paper,"Wirebound Message Books, Four 2 3/4 x 5 White Forms per Page",37.464,7,0.2,12.1758
CA-2013-153577,6/28/2015,7/2/2015,Standard Class,KH-16330,Katharine Harms,Corporate,United States,Highland Park,Illinois,60035,Central,FUR-CH-10003981,Furniture,Chairs,Global Commerce Series Low-Back Swivel/Tilt Chairs,539.658,3,0.3,-7.7094
CA-2013-110044,6/29/2015,7/3/2015,Second Class,RF-19735,Roland Fjeld,Consumer,United States,Chicago,Illinois,60610,Central,TEC-PH-10001299,Technology,Phones,Polycom CX300 Desktop Phone USB VoIP phone,359.976,3,0.2,35.9976
CA-2013-135594,7/1/2015,7/4/2015,Second Class,AH-10120,Adrian Hane,Home Office,United States,Aurora,Illinois,60505,Central,TEC-AC-10003038,Technology,Accessories,Kingston Digital DataTraveler 16GB USB 2.0,50.12,7,0.2,-0.6265
CA-2013-102813,7/3/2015,7/4/2015,First Class,EA-14035,Erin Ashbrook,Corporate,United States,Huntsville,Texas,77340,Central,FUR-CH-10000665,Furniture,Chairs,"Global Airflow Leather Mesh Back Chair, Black",528.43,5,0.3,0
CA-2013-102813,7/3/2015,7/4/2015,First Class,EA-14035,Erin Ashbrook,Corporate,United States,Huntsville,Texas,77340,Central,OFF-PA-10000520,Office Supplies,Paper,Xerox 201,41.472,8,0.2,14.5152
CA-2013-159940,7/8/2015,7/12/2015,Second Class,BF-11020,Barry Französisch,Corporate,United States,Aurora,Illinois,60505,Central,FUR-FU-10004973,Furniture,Furnishings,Flat Face Poster Frame,60.288,8,0.6,-27.1296
CA-2013-159940,7/8/2015,7/12/2015,Second Class,BF-11020,Barry Französisch,Corporate,United States,Aurora,Illinois,60505,Central,OFF-FA-10000936,Office Supplies,Fasteners,Acco Hot Clips Clips to Go,2.632,1,0.2,0.8225
CA-2013-159940,7/8/2015,7/12/2015,Second Class,BF-11020,Barry Französisch,Corporate,United States,Aurora,Illinois,60505,Central,OFF-PA-10001609,Office Supplies,Paper,Tops Wirebound Message Log Books,23.688,9,0.2,7.6986
CA-2013-159940,7/8/2015,7/12/2015,Second Class,BF-11020,Barry Französisch,Corporate,United States,Aurora,Illinois,60505,Central,FUR-CH-10000785,Furniture,Chairs,Global Ergonomic Managers Chair,253.372,2,0.3,-14.4784
CA-2013-156685,7/9/2015,7/11/2015,Second Class,SC-20230,Scot Coram,Corporate,United States,Arlington,Texas,76017,Central,TEC-PH-10004345,Technology,Phones,Cisco SPA 502G IP Phone,863.64,9,0.2,107.955
CA-2013-156685,7/9/2015,7/11/2015,Second Class,SC-20230,Scot Coram,Corporate,United States,Arlington,Texas,76017,Central,OFF-AR-10000588,Office Supplies,Art,Newell 345,47.616,3,0.2,3.5712
US-2013-131149,7/11/2015,7/15/2015,Standard Class,LH-17155,Logan Haushalter,Consumer,United States,Dallas,Texas,75081,Central,OFF-ST-10000689,Office Supplies,Storage,"Fellowes Strictly Business Drawer File, Letter/Legal Size",338.04,3,0.2,-33.804
US-2013-131149,7/11/2015,7/15/2015,Standard Class,LH-17155,Logan Haushalter,Consumer,United States,Dallas,Texas,75081,Central,OFF-AR-10002135,Office Supplies,Art,Boston Heavy-Duty Trimline Electric Pencil Sharpeners,154.24,4,0.2,17.352
CA-2013-101966,7/15/2015,7/17/2015,Second Class,BM-11785,Bryan Mills,Consumer,United States,Houston,Texas,77036,Central,TEC-PH-10003437,Technology,Phones,Blue Parrot B250XT Professional Grade Wireless Bluetooth Headset with,419.944,7,0.2,52.493
CA-2013-115483,7/15/2015,7/19/2015,Second Class,JS-15880,John Stevenson,Consumer,United States,Irving,Texas,75061,Central,OFF-PA-10001497,Office Supplies,Paper,Xerox 1914,219.84,5,0.2,79.692
CA-2013-157000,7/17/2015,7/23/2015,Standard Class,AM-10360,Alice McCarthy,Corporate,United States,Grand Prairie,Texas,75051,Central,OFF-ST-10001328,Office Supplies,Storage,"Personal Filing Tote with Lid, Black/Gray",37.224,3,0.2,3.7224
CA-2013-157000,7/17/2015,7/23/2015,Standard Class,AM-10360,Alice McCarthy,Corporate,United States,Grand Prairie,Texas,75051,Central,OFF-PA-10001950,Office Supplies,Paper,Southworth 25% Cotton Antique Laid Paper & Envelopes,20.016,3,0.2,6.255
CA-2013-130050,7/17/2015,7/19/2015,Second Class,MC-17425,Mark Cousins,Corporate,United States,Houston,Texas,77036,Central,FUR-FU-10001940,Furniture,Furnishings,Staple-based wall hangings,9.552,3,0.6,-3.8208
CA-2013-121671,7/18/2015,7/23/2015,Standard Class,AA-10480,Andrew Allen,Consumer,United States,Springfield,Missouri,65807,Central,OFF-PA-10001471,Office Supplies,Paper,Strathmore Photo Frame Cards,21.93,3,0,10.0878
CA-2013-121671,7/18/2015,7/23/2015,Standard Class,AA-10480,Andrew Allen,Consumer,United States,Springfield,Missouri,65807,Central,OFF-ST-10002344,Office Supplies,Storage,"Carina 42""Hx23 3/4""W Media Storage Unit",242.94,3,0,4.8588
CA-2013-121671,7/18/2015,7/23/2015,Standard Class,AA-10480,Andrew Allen,Consumer,United States,Springfield,Missouri,65807,Central,OFF-PA-10001892,Office Supplies,Paper,"Rediform Wirebound ""Phone Memo"" Message Book, 11 x 5-3/4",7.64,1,0,3.7436
CA-2013-121671,7/18/2015,7/23/2015,Standard Class,AA-10480,Andrew Allen,Consumer,United States,Springfield,Missouri,65807,Central,OFF-PA-10001934,Office Supplies,Paper,Xerox 1993,51.84,8,0,25.4016
CA-2013-121671,7/18/2015,7/23/2015,Standard Class,AA-10480,Andrew Allen,Consumer,United States,Springfield,Missouri,65807,Central,OFF-ST-10000078,Office Supplies,Storage,Tennsco 6- and 18-Compartment Lockers,265.17,1,0,47.7306
CA-2013-124681,7/19/2015,7/24/2015,Second Class,SV-20935,Susan Vittorini,Consumer,United States,Dallas,Texas,75217,Central,TEC-AC-10000487,Technology,Accessories,SanDisk Cruzer 4 GB USB Flash Drive,15.576,3,0.2,3.3099
US-2013-111290,7/23/2015,7/27/2015,Standard Class,DK-13375,Dennis Kane,Consumer,United States,Westland,Michigan,48185,Central,TEC-AC-10004975,Technology,Accessories,Plantronics Audio 995 Wireless Stereo Headset,109.95,1,0,36.2835
US-2013-111290,7/23/2015,7/27/2015,Standard Class,DK-13375,Dennis Kane,Consumer,United States,Westland,Michigan,48185,Central,OFF-ST-10001932,Office Supplies,Storage,Fellowes Staxonsteel Drawer Files,965.85,5,0,135.219
US-2013-111290,7/23/2015,7/27/2015,Standard Class,DK-13375,Dennis Kane,Consumer,United States,Westland,Michigan,48185,Central,OFF-AR-10001761,Office Supplies,Art,Avery Hi-Liter Smear-Safe Highlighters,29.2,5,0,10.512
US-2013-111290,7/23/2015,7/27/2015,Standard Class,DK-13375,Dennis Kane,Consumer,United States,Westland,Michigan,48185,Central,OFF-PA-10002262,Office Supplies,Paper,Xerox 192,32.4,5,0,15.552
CA-2013-162404,7/24/2015,7/28/2015,Standard Class,NF-18475,Neil Französisch,Home Office,United States,Rockford,Illinois,61107,Central,OFF-BI-10000948,Office Supplies,Binders,"GBC Laser Imprintable Binding System Covers, Desert Sand",11.416,4,0.8,-18.8364
CA-2013-112256,7/24/2015,7/29/2015,Standard Class,CK-12205,Chloris Kastensmidt,Consumer,United States,Mcallen,Texas,78501,Central,OFF-AR-10001216,Office Supplies,Art,Newell 339,4.448,2,0.2,0.3336
CA-2013-112256,7/24/2015,7/29/2015,Standard Class,CK-12205,Chloris Kastensmidt,Consumer,United States,Mcallen,Texas,78501,Central,OFF-PA-10004355,Office Supplies,Paper,Xerox 231,5.184,1,0.2,1.8144
CA-2013-112256,7/24/2015,7/29/2015,Standard Class,CK-12205,Chloris Kastensmidt,Consumer,United States,Mcallen,Texas,78501,Central,OFF-AR-10001953,Office Supplies,Art,Boston 1645 Deluxe Heavier-Duty Electric Pencil Sharpener,175.92,5,0.2,15.393
CA-2013-112256,7/24/2015,7/29/2015,Standard Class,CK-12205,Chloris Kastensmidt,Consumer,United States,Mcallen,Texas,78501,Central,OFF-BI-10004364,Office Supplies,Binders,Storex Dura Pro Binders,4.752,4,0.8,-8.316
CA-2013-112256,7/24/2015,7/29/2015,Standard Class,CK-12205,Chloris Kastensmidt,Consumer,United States,Mcallen,Texas,78501,Central,OFF-SU-10001165,Office Supplies,Supplies,Acme Elite Stainless Steel Scissors,13.344,2,0.2,1.0008
CA-2013-111318,7/24/2015,7/27/2015,First Class,IL-15100,Ivan Liston,Consumer,United States,Houston,Texas,77041,Central,TEC-PH-10004100,Technology,Phones,Griffin GC17055 Auxiliary Audio Cable,115.136,8,0.2,11.5136
CA-2013-103037,7/26/2015,7/30/2015,Standard Class,KH-16630,Ken Heidel,Corporate,United States,Houston,Texas,77070,Central,OFF-LA-10004345,Office Supplies,Labels,Avery 493,15.712,4,0.2,5.6956
CA-2013-128307,7/26/2015,7/30/2015,Standard Class,BE-11335,Bill Eplett,Home Office,United States,Houston,Texas,77041,Central,OFF-EN-10003040,Office Supplies,Envelopes,Quality Park Security Envelopes,20.936,1,0.2,7.0659
US-2013-115441,7/26/2015,7/29/2015,Second Class,SH-19975,Sally Hughsby,Corporate,United States,Milwaukee,Wisconsin,53209,Central,OFF-PA-10004996,Office Supplies,Paper,"Speediset Carbonless Redi-Letter 7"" x 8 1/2""",20.62,2,0,9.6914
US-2013-115441,7/26/2015,7/29/2015,Second Class,SH-19975,Sally Hughsby,Corporate,United States,Milwaukee,Wisconsin,53209,Central,TEC-AC-10003116,Technology,Accessories,Memorex Froggy Flash Drive 8 GB,124.25,7,0,48.4575
US-2013-115441,7/26/2015,7/29/2015,Second Class,SH-19975,Sally Hughsby,Corporate,United States,Milwaukee,Wisconsin,53209,Central,TEC-PH-10002262,Technology,Phones,LG Electronics Tone+ HBS-730 Bluetooth Headset,297.55,5,0,83.314
US-2013-115441,7/26/2015,7/29/2015,Second Class,SH-19975,Sally Hughsby,Corporate,United States,Milwaukee,Wisconsin,53209,Central,FUR-CH-10004626,Furniture,Chairs,Office Star Flex Back Scooter Chair with Aluminum Finish Frame,403.56,4,0,96.8544
US-2013-115441,7/26/2015,7/29/2015,Second Class,SH-19975,Sally Hughsby,Corporate,United States,Milwaukee,Wisconsin,53209,Central,FUR-FU-10001756,Furniture,Furnishings,"Eldon Expressions Desk Accessory, Wood Photo Frame, Mahogany",95.2,5,0,27.608
CA-2013-143924,7/29/2015,8/4/2015,Standard Class,SC-20680,Steve Carroll,Home Office,United States,Holland,Michigan,49423,Central,OFF-FA-10000735,Office Supplies,Fasteners,Staples,20.44,7,0,9.198
CA-2013-143924,7/29/2015,8/4/2015,Standard Class,SC-20680,Steve Carroll,Home Office,United States,Holland,Michigan,49423,Central,OFF-PA-10002120,Office Supplies,Paper,Xerox 1889,109.92,2,0,53.8608
US-2013-105452,7/29/2015,8/2/2015,Standard Class,BF-11005,Barry Franz,Home Office,United States,Pasadena,Texas,77506,Central,FUR-FU-10003691,Furniture,Furnishings,"Eldon Image Series Desk Accessories, Ebony",24.7,5,0.6,-9.88
US-2013-105452,7/29/2015,8/2/2015,Standard Class,BF-11005,Barry Franz,Home Office,United States,Pasadena,Texas,77506,Central,FUR-FU-10003806,Furniture,Furnishings,"Tenex Chairmat w/ Average Lip, 45"" x 53""",302.72,5,0.6,-378.4
CA-2013-112025,7/31/2015,8/5/2015,Standard Class,LS-16975,Lindsay Shagiari,Home Office,United States,Houston,Texas,77070,Central,OFF-BI-10002353,Office Supplies,Binders,GBC VeloBind Cover Sets,9.264,3,0.8,-13.896
CA-2013-137743,7/31/2015,8/5/2015,Standard Class,KH-16360,Katherine Hughes,Consumer,United States,Chicago,Illinois,60623,Central,OFF-LA-10003663,Office Supplies,Labels,Avery 498,9.248,4,0.2,3.1212
CA-2013-137743,7/31/2015,8/5/2015,Standard Class,KH-16360,Katherine Hughes,Consumer,United States,Chicago,Illinois,60623,Central,OFF-ST-10001780,Office Supplies,Storage,Tennsco 16-Compartment Lockers with Coat Rack,1036.624,2,0.2,51.8312
CA-2013-133550,8/1/2015,8/7/2015,Standard Class,KL-16645,Ken Lonsdale,Consumer,United States,Detroit,Michigan,48205,Central,OFF-AP-10001005,Office Supplies,Appliances,Honeywell Quietcare HEPA Air Cleaner,283.14,4,0.1,72.358
CA-2013-133550,8/1/2015,8/7/2015,Standard Class,KL-16645,Ken Lonsdale,Consumer,United States,Detroit,Michigan,48205,Central,TEC-PH-10004042,Technology,Phones,ClearOne Communications CHAT 70 OC Speaker Phone,635.96,4,0,165.3496
CA-2013-133550,8/1/2015,8/7/2015,Standard Class,KL-16645,Ken Lonsdale,Consumer,United States,Detroit,Michigan,48205,Central,TEC-PH-10001079,Technology,Phones,Polycom SoundPoint Pro SE-225 Corded phone,118.99,1,0,33.3172
CA-2013-133550,8/1/2015,8/7/2015,Standard Class,KL-16645,Ken Lonsdale,Consumer,United States,Detroit,Michigan,48205,Central,FUR-FU-10002918,Furniture,Furnishings,Eldon ClusterMat Chair Mat with Cordless Antistatic Protection,272.94,3,0,30.0234
CA-2013-144337,8/2/2015,8/6/2015,Second Class,SG-20890,Susan Gilcrest,Corporate,United States,Amarillo,Texas,79109,Central,OFF-PA-10000249,Office Supplies,Paper,Easy-staple paper,19.648,2,0.2,6.6312
CA-2013-104150,8/4/2015,8/6/2015,Second Class,AG-10330,Alex Grayson,Consumer,United States,Tulsa,Oklahoma,74133,Central,OFF-EN-10002504,Office Supplies,Envelopes,"Tyvek  Top-Opening Peel & Seel Envelopes, Plain White",81.54,3,0,38.3238
CA-2013-104150,8/4/2015,8/6/2015,Second Class,AG-10330,Alex Grayson,Consumer,United States,Tulsa,Oklahoma,74133,Central,TEC-AC-10004803,Technology,Accessories,Sony Micro Vault Click 4 GB USB 2.0 Flash Drive,167.28,12,0,23.4192
US-2013-128195,8/5/2015,8/6/2015,First Class,RA-19285,Ralph Arnett,Consumer,United States,Peoria,Illinois,61604,Central,OFF-BI-10002003,Office Supplies,Binders,Ibico Presentation Index for Binding Systems,3.98,5,0.8,-6.567
CA-2013-121034,8/9/2015,8/11/2015,Second Class,JF-15565,Jill Fjeld,Consumer,United States,Dallas,Texas,75081,Central,OFF-FA-10000585,Office Supplies,Fasteners,OIC Bulk Pack Metal Binder Clips,11.168,4,0.2,3.6296
CA-2013-121034,8/9/2015,8/11/2015,Second Class,JF-15565,Jill Fjeld,Consumer,United States,Dallas,Texas,75081,Central,OFF-PA-10001994,Office Supplies,Paper,"Ink Jet Note and Greeting Cards, 8-1/2"" x 5-1/2"" Card Size",53.952,3,0.2,17.5344
CA-2013-130078,8/9/2015,8/15/2015,Standard Class,CC-12145,Charles Crestani,Consumer,United States,Oklahoma City,Oklahoma,73120,Central,OFF-PA-10003270,Office Supplies,Paper,Xerox 1954,10.56,2,0,4.752
CA-2013-128671,8/12/2015,8/17/2015,Standard Class,MT-18070,Michelle Tran,Home Office,United States,Tulsa,Oklahoma,74133,Central,OFF-PA-10001870,Office Supplies,Paper,Xerox 202,32.4,5,0,15.552
CA-2013-128671,8/12/2015,8/17/2015,Standard Class,MT-18070,Michelle Tran,Home Office,United States,Tulsa,Oklahoma,74133,Central,OFF-BI-10003305,Office Supplies,Binders,Avery Hanging File Binders,41.86,7,0,19.2556
CA-2013-128671,8/12/2015,8/17/2015,Standard Class,MT-18070,Michelle Tran,Home Office,United States,Tulsa,Oklahoma,74133,Central,OFF-BI-10003007,Office Supplies,Binders,"Premium Transparent Presentation Covers, No Pattern/Clear, 8 1/2"" x 11""",77.56,2,0,35.6776
CA-2013-167584,8/13/2015,8/13/2015,Same Day,LC-16870,Lena Cacioppo,Consumer,United States,Des Moines,Iowa,50315,Central,OFF-PA-10000029,Office Supplies,Paper,Xerox 224,6.48,1,0,3.1104
CA-2013-155845,8/13/2015,8/16/2015,Second Class,CM-12235,Chris McAfee,Consumer,United States,Carrollton,Texas,75007,Central,TEC-AC-10004145,Technology,Accessories,Logitech diNovo Edge Keyboard,1399.944,7,0.2,52.4979
CA-2013-156251,8/14/2015,8/19/2015,Second Class,TS-21160,Theresa Swint,Corporate,United States,West Allis,Wisconsin,53214,Central,FUR-BO-10001337,Furniture,Bookcases,O'Sullivan Living Dimensions 2-Shelf Bookcases,241.96,2,0,24.196
CA-2013-156251,8/14/2015,8/19/2015,Second Class,TS-21160,Theresa Swint,Corporate,United States,West Allis,Wisconsin,53214,Central,OFF-BI-10003529,Office Supplies,Binders,Avery Round Ring Poly Binders,8.52,3,0,4.1748
US-2013-141264,8/14/2015,8/20/2015,Standard Class,CT-11995,Carol Triggs,Consumer,United States,Irving,Texas,75061,Central,OFF-SU-10003505,Office Supplies,Supplies,Premier Electric Letter Opener,185.376,2,0.2,-34.758
US-2013-141264,8/14/2015,8/20/2015,Standard Class,CT-11995,Carol Triggs,Consumer,United States,Irving,Texas,75061,Central,OFF-AP-10002534,Office Supplies,Appliances,3.6 Cubic Foot Counter Height Office Refrigerator,58.924,1,0.8,-153.2024
CA-2013-113551,8/19/2015,8/21/2015,First Class,NF-18385,Natalie Fritzler,Consumer,United States,Edinburg,Texas,78539,Central,OFF-BI-10001617,Office Supplies,Binders,GBC Wire Binding Combs,2.068,1,0.8,-3.4122
CA-2013-113551,8/19/2015,8/21/2015,First Class,NF-18385,Natalie Fritzler,Consumer,United States,Edinburg,Texas,78539,Central,OFF-PA-10004665,Office Supplies,Paper,Advantus Motivational Note Cards,83.84,8,0.2,30.392
CA-2013-128916,8/19/2015,8/21/2015,Second Class,MA-17560,Matt Abelman,Home Office,United States,Houston,Texas,77070,Central,FUR-FU-10001940,Furniture,Furnishings,Staple-based wall hangings,9.552,3,0.6,-3.8208
CA-2013-128916,8/19/2015,8/21/2015,Second Class,MA-17560,Matt Abelman,Home Office,United States,Houston,Texas,77070,Central,FUR-FU-10000320,Furniture,Furnishings,OIC Stacking Trays,5.344,4,0.6,-2.1376
CA-2013-151141,8/21/2015,8/24/2015,First Class,DW-13480,Dianna Wilson,Home Office,United States,Detroit,Michigan,48205,Central,TEC-PH-10004924,Technology,Phones,"SKILCRAFT Telephone Shoulder Rest, 2"" x 6.5"" x 2.5"", Black",14.78,2,0,3.9906
US-2013-148334,8/23/2015,8/27/2015,Standard Class,DD-13570,Dorothy Dickinson,Consumer,United States,Houston,Texas,77041,Central,OFF-BI-10003676,Office Supplies,Binders,"GBC Standard Recycled Report Covers, Clear Plastic Sheets",4.312,2,0.8,-6.8992
US-2013-160528,8/24/2015,8/31/2015,Standard Class,MH-18115,Mick Hernandez,Home Office,United States,Pharr,Texas,78577,Central,OFF-ST-10002743,Office Supplies,Storage,SAFCO Boltless Steel Shelving,727.296,8,0.2,-172.7328
US-2013-160528,8/24/2015,8/31/2015,Standard Class,MH-18115,Mick Hernandez,Home Office,United States,Pharr,Texas,78577,Central,FUR-FU-10004973,Furniture,Furnishings,Flat Face Poster Frame,22.608,3,0.6,-10.1736
US-2013-160528,8/24/2015,8/31/2015,Standard Class,MH-18115,Mick Hernandez,Home Office,United States,Pharr,Texas,78577,Central,TEC-AC-10002842,Technology,Accessories,WD My Passport Ultra 2TB Portable External Hard Drive,666.4,7,0.2,-33.32
US-2013-117793,8/24/2015,8/30/2015,Standard Class,MA-17560,Matt Abelman,Home Office,United States,Sheboygan,Wisconsin,53081,Central,OFF-LA-10002945,Office Supplies,Labels,"Permanent Self-Adhesive File Folder Labels for Typewriters, 1 1/8 x 3 1/2, White",25.2,4,0,11.592
US-2013-117793,8/24/2015,8/30/2015,Standard Class,MA-17560,Matt Abelman,Home Office,United States,Sheboygan,Wisconsin,53081,Central,OFF-LA-10003537,Office Supplies,Labels,Avery 515,37.59,3,0,17.6673
US-2013-117793,8/24/2015,8/30/2015,Standard Class,MA-17560,Matt Abelman,Home Office,United States,Sheboygan,Wisconsin,53081,Central,OFF-ST-10002406,Office Supplies,Storage,Pizazz Global Quick File,14.97,1,0,4.1916
US-2013-117793,8/24/2015,8/30/2015,Standard Class,MA-17560,Matt Abelman,Home Office,United States,Sheboygan,Wisconsin,53081,Central,TEC-AC-10003433,Technology,Accessories,Maxell 4.7GB DVD+R 5/Pack,1.98,2,0,0.891
CA-2013-152289,8/27/2015,8/29/2015,First Class,LC-16930,Linda Cazamias,Corporate,United States,Pasadena,Texas,77506,Central,TEC-AC-10004571,Technology,Accessories,Logitech G700s Rechargeable Gaming Mouse,159.984,2,0.2,43.9956
CA-2013-152289,8/27/2015,8/29/2015,First Class,LC-16930,Linda Cazamias,Corporate,United States,Pasadena,Texas,77506,Central,FUR-CH-10002126,Furniture,Chairs,Hon Deluxe Fabric Upholstered Stacking Chairs,1024.716,6,0.3,-29.2776
US-2013-163538,8/27/2015,8/31/2015,Standard Class,SS-20515,Shirley Schmidt,Home Office,United States,Franklin,Wisconsin,53132,Central,TEC-AC-10002006,Technology,Accessories,Memorex Micro Travel Drive 16 GB,47.97,3,0,14.8707
CA-2013-114601,8/27/2015,9/3/2015,Standard Class,AA-10480,Andrew Allen,Consumer,United States,Detroit,Michigan,48234,Central,OFF-PA-10000605,Office Supplies,Paper,Xerox 1950,11.56,2,0,5.6644
CA-2013-114601,8/27/2015,9/3/2015,Standard Class,AA-10480,Andrew Allen,Consumer,United States,Detroit,Michigan,48234,Central,TEC-PH-10002170,Technology,Phones,ClearSounds CSC500 Amplified Spirit Phone Corded phone,209.97,3,0,58.7916
CA-2013-114601,8/27/2015,9/3/2015,Standard Class,AA-10480,Andrew Allen,Consumer,United States,Detroit,Michigan,48234,Central,FUR-TA-10004147,Furniture,Tables,Hon 4060 Series Tables,447.84,4,0,98.5248
CA-2013-114601,8/27/2015,9/3/2015,Standard Class,AA-10480,Andrew Allen,Consumer,United States,Detroit,Michigan,48234,Central,TEC-AC-10003911,Technology,Accessories,NETGEAR AC1750 Dual Band Gigabit Smart WiFi Router,479.97,3,0,163.1898
CA-2013-114601,8/27/2015,9/3/2015,Standard Class,AA-10480,Andrew Allen,Consumer,United States,Detroit,Michigan,48234,Central,OFF-AR-10002578,Office Supplies,Art,Newell 335,8.64,3,0,2.5056
US-2013-146710,8/28/2015,9/2/2015,Standard Class,SS-20875,Sung Shariari,Consumer,United States,Dallas,Texas,75220,Central,OFF-SU-10004498,Office Supplies,Supplies,Martin-Yale Premier Letter Opener,51.52,5,0.2,-10.948
US-2013-146710,8/28/2015,9/2/2015,Standard Class,SS-20875,Sung Shariari,Consumer,United States,Dallas,Texas,75220,Central,OFF-PA-10002615,Office Supplies,Paper,"Ampad Gold Fibre Wirebound Steno Books, 6"" x 9"", Gregg Ruled",3.528,1,0.2,1.1466
US-2013-146710,8/28/2015,9/2/2015,Standard Class,SS-20875,Sung Shariari,Consumer,United States,Dallas,Texas,75220,Central,OFF-PA-10004971,Office Supplies,Paper,Xerox 196,4.624,1,0.2,1.6762
US-2013-146710,8/28/2015,9/2/2015,Standard Class,SS-20875,Sung Shariari,Consumer,United States,Dallas,Texas,75220,Central,OFF-SU-10004261,Office Supplies,Supplies,"Fiskars 8"" Scissors, 2/Pack",55.168,4,0.2,6.2064
CA-2013-117919,8/28/2015,8/30/2015,Second Class,TB-21355,Todd Boyes,Corporate,United States,Houston,Texas,77041,Central,OFF-ST-10003572,Office Supplies,Storage,Portfile Personal File Boxes,14.16,1,0.2,1.062
CA-2013-117919,8/28/2015,8/30/2015,Second Class,TB-21355,Todd Boyes,Corporate,United States,Houston,Texas,77041,Central,OFF-PA-10004353,Office Supplies,Paper,Southworth 25% Cotton Premium Laser Paper and Envelopes,79.92,5,0.2,27.972
CA-2013-145303,8/29/2015,9/1/2015,First Class,TP-21415,Tom Prescott,Consumer,United States,Dallas,Texas,75081,Central,OFF-BI-10000050,Office Supplies,Binders,"Angle-D Binders with Locking Rings, Label Holders",13.14,9,0.8,-21.681
CA-2013-145303,8/29/2015,9/1/2015,First Class,TP-21415,Tom Prescott,Consumer,United States,Dallas,Texas,75081,Central,OFF-BI-10002414,Office Supplies,Binders,GBC ProClick Spines for 32-Hole Punch,10.024,4,0.8,-16.5396
CA-2013-145303,8/29/2015,9/1/2015,First Class,TP-21415,Tom Prescott,Consumer,United States,Dallas,Texas,75081,Central,FUR-BO-10003159,Furniture,Bookcases,"Sauder Camden County Collection Libraries, Planked Cherry Finish",156.3728,2,0.32,-52.8908
CA-2013-158568,8/30/2015,9/3/2015,Standard Class,RB-19465,Rick Bensley,Home Office,United States,Chicago,Illinois,60610,Central,OFF-PA-10003256,Office Supplies,Paper,Avery Personal Creations Heavyweight Cards,64.624,7,0.2,22.6184
CA-2013-158568,8/30/2015,9/3/2015,Standard Class,RB-19465,Rick Bensley,Home Office,United States,Chicago,Illinois,60610,Central,TEC-AC-10001767,Technology,Accessories,SanDisk Ultra 64 GB MicroSDHC Class 10 Memory Card,95.976,3,0.2,-10.7973
CA-2013-158568,8/30/2015,9/3/2015,Standard Class,RB-19465,Rick Bensley,Home Office,United States,Chicago,Illinois,60610,Central,OFF-BI-10002609,Office Supplies,Binders,Avery Hidden Tab Dividers for Binding Systems,1.788,3,0.8,-3.0396
CA-2013-117408,9/1/2015,9/7/2015,Standard Class,TP-21130,Theone Pippenger,Consumer,United States,Waco,Texas,76706,Central,OFF-ST-10001580,Office Supplies,Storage,Super Decoflex Portable Personal File,23.968,2,0.2,2.3968
CA-2013-116526,9/2/2015,9/6/2015,Standard Class,JA-15970,Joseph Airdo,Consumer,United States,Detroit,Michigan,48227,Central,OFF-BI-10004728,Office Supplies,Binders,Wilson Jones Turn Tabs Binder Tool for Ring Binders,24.1,5,0,11.086
CA-2013-116526,9/2/2015,9/6/2015,Standard Class,JA-15970,Joseph Airdo,Consumer,United States,Detroit,Michigan,48227,Central,TEC-PH-10002365,Technology,Phones,Belkin Grip Candy Sheer Case / Cover for iPhone 5 and 5S,8.78,1,0,2.2828
CA-2013-116526,9/2/2015,9/6/2015,Standard Class,JA-15970,Joseph Airdo,Consumer,United States,Detroit,Michigan,48227,Central,OFF-AP-10002457,Office Supplies,Appliances,"Eureka The Boss Plus 12-Amp Hard Box Upright Vacuum, Red",376.74,4,0.1,71.162
CA-2013-116526,9/2/2015,9/6/2015,Standard Class,JA-15970,Joseph Airdo,Consumer,United States,Detroit,Michigan,48227,Central,OFF-BI-10000320,Office Supplies,Binders,GBC Plastic Binding Combs,29.52,4,0,14.4648
CA-2013-116526,9/2/2015,9/6/2015,Standard Class,JA-15970,Joseph Airdo,Consumer,United States,Detroit,Michigan,48227,Central,OFF-AR-10004999,Office Supplies,Art,Newell 315,11.96,2,0,2.99
CA-2013-116526,9/2/2015,9/6/2015,Standard Class,JA-15970,Joseph Airdo,Consumer,United States,Detroit,Michigan,48227,Central,OFF-BI-10001116,Office Supplies,Binders,"Wilson Jones 1"" Hanging DublLock Ring Binders",26.4,5,0,12.672
CA-2013-116540,9/3/2015,9/3/2015,Same Day,SS-20590,Sonia Sunley,Consumer,United States,Madison,Wisconsin,53711,Central,OFF-FA-10002676,Office Supplies,Fasteners,Colored Push Pins,1.81,1,0,0.6516
CA-2013-116540,9/3/2015,9/3/2015,Same Day,SS-20590,Sonia Sunley,Consumer,United States,Madison,Wisconsin,53711,Central,OFF-BI-10004970,Office Supplies,Binders,"ACCOHIDE 3-Ring Binder, Blue, 1""",8.26,2,0,3.8822
CA-2013-144764,9/3/2015,9/9/2015,Standard Class,RL-19615,Rob Lucas,Consumer,United States,Chicago,Illinois,60623,Central,OFF-LA-10000240,Office Supplies,Labels,Self-Adhesive Address Labels for Typewriters by Universal,29.24,5,0.2,9.8685
CA-2013-144764,9/3/2015,9/9/2015,Standard Class,RL-19615,Rob Lucas,Consumer,United States,Chicago,Illinois,60623,Central,OFF-ST-10002485,Office Supplies,Storage,Rogers Deluxe File Chest,35.168,2,0.2,-8.3524
CA-2013-144764,9/3/2015,9/9/2015,Standard Class,RL-19615,Rob Lucas,Consumer,United States,Chicago,Illinois,60623,Central,TEC-MA-10003230,Technology,Machines,Okidata C610n Printer,1362.9,3,0.3,-19.47
CA-2013-129847,9/3/2015,9/5/2015,First Class,TA-21385,Tom Ashbrook,Home Office,United States,Chicago,Illinois,60653,Central,FUR-FU-10000277,Furniture,Furnishings,Deflect-o DuraMat Antistatic Studded Beveled Mat for Medium Pile Carpeting,84.272,2,0.6,-75.8448
CA-2013-112739,9/3/2015,9/8/2015,Second Class,RD-19810,Ross DeVincentis,Home Office,United States,Houston,Texas,77070,Central,OFF-BI-10001132,Office Supplies,Binders,"Acco PRESSTEX Data Binder with Storage Hooks, Dark Blue, 9 1/2"" X 11""",8.608,8,0.8,-13.3424
CA-2013-112739,9/3/2015,9/8/2015,Second Class,RD-19810,Ross DeVincentis,Home Office,United States,Houston,Texas,77070,Central,TEC-AC-10001714,Technology,Accessories,Logitech MX Performance Wireless Mouse,159.56,5,0.2,33.9065
US-2013-100566,9/4/2015,9/10/2015,Standard Class,JK-16120,Julie Kriz,Home Office,United States,Aurora,Illinois,60505,Central,FUR-FU-10003394,Furniture,Furnishings,"Tenex ""The Solids"" Textured Chair Mats",83.952,3,0.6,-90.2484
CA-2013-159737,9/4/2015,9/10/2015,Standard Class,CS-11950,Carlos Soltero,Consumer,United States,Chicago,Illinois,60610,Central,OFF-BI-10004236,Office Supplies,Binders,"XtraLife ClearVue Slant-D Ring Binder, White, 3""",8.808,3,0.8,-14.9736
CA-2013-163986,9/4/2015,9/11/2015,Standard Class,JJ-15445,Jennifer Jackson,Consumer,United States,Waukesha,Wisconsin,53186,Central,OFF-ST-10000918,Office Supplies,Storage,Crate-A-Files,54.5,5,0,14.17
US-2013-104815,9/4/2015,9/8/2015,Standard Class,RB-19570,Rob Beeghly,Consumer,United States,Chicago,Illinois,60610,Central,FUR-BO-10003894,Furniture,Bookcases,"Safco Value Mate Steel Bookcase, Baked Enamel Finish on Steel, Black",198.744,4,0.3,0
CA-2013-169971,9/5/2015,9/10/2015,Standard Class,IL-15100,Ivan Liston,Consumer,United States,Houston,Texas,77041,Central,OFF-AR-10002804,Office Supplies,Art,Faber Castell Col-Erase Pencils,3.912,1,0.2,1.0269
CA-2013-169971,9/5/2015,9/10/2015,Standard Class,IL-15100,Ivan Liston,Consumer,United States,Houston,Texas,77041,Central,OFF-AR-10001044,Office Supplies,Art,"BOSTON Ranger #55 Pencil Sharpener, Black",62.376,3,0.2,7.0173
CA-2013-168774,9/5/2015,9/10/2015,Standard Class,RP-19855,Roy Phan,Corporate,United States,Woodbury,Minnesota,55125,Central,OFF-ST-10001490,Office Supplies,Storage,"Hot File 7-Pocket, Floor Stand",535.41,3,0,160.623
CA-2013-142524,9/5/2015,9/9/2015,Standard Class,MB-18085,Mick Brown,Consumer,United States,Springfield,Missouri,65807,Central,OFF-EN-10003286,Office Supplies,Envelopes,Staple envelope,16.56,2,0,7.7832
CA-2013-142524,9/5/2015,9/9/2015,Standard Class,MB-18085,Mick Brown,Consumer,United States,Springfield,Missouri,65807,Central,TEC-AC-10000109,Technology,Accessories,Sony Micro Vault Click 16 GB USB 2.0 Flash Drive,279.95,5,0,67.188
CA-2013-115756,9/6/2015,9/8/2015,Second Class,PK-19075,Pete Kriz,Consumer,United States,Detroit,Michigan,48227,Central,FUR-FU-10000246,Furniture,Furnishings,Aluminum Document Frame,12.22,1,0,3.666
CA-2013-115756,9/6/2015,9/8/2015,Second Class,PK-19075,Pete Kriz,Consumer,United States,Detroit,Michigan,48227,Central,OFF-ST-10000060,Office Supplies,Storage,Fellowes Bankers Box Staxonsteel Drawer File/Stacking System,194.94,3,0,23.3928
CA-2013-115756,9/6/2015,9/8/2015,Second Class,PK-19075,Pete Kriz,Consumer,United States,Detroit,Michigan,48227,Central,OFF-ST-10003058,Office Supplies,Storage,Eldon Mobile Mega Data Cart  Mega Stackable  Add-On Trays,70.95,3,0,20.5755
CA-2013-115756,9/6/2015,9/8/2015,Second Class,PK-19075,Pete Kriz,Consumer,United States,Detroit,Michigan,48227,Central,OFF-PA-10002222,Office Supplies,Paper,"Xerox Color Copier Paper, 11"" x 17"", Ream",91.36,4,0,42.0256
CA-2013-115756,9/6/2015,9/8/2015,Second Class,PK-19075,Pete Kriz,Consumer,United States,Detroit,Michigan,48227,Central,FUR-CH-10002372,Furniture,Chairs,Office Star - Ergonomically Designed Knee Chair,242.94,3,0,29.1528
CA-2013-115756,9/6/2015,9/8/2015,Second Class,PK-19075,Pete Kriz,Consumer,United States,Detroit,Michigan,48227,Central,OFF-LA-10001317,Office Supplies,Labels,Avery 520,22.05,7,0,10.584
CA-2013-160815,9/6/2015,9/7/2015,First Class,TR-21325,Toby Ritter,Consumer,United States,Cedar Rapids,Iowa,52402,Central,TEC-PH-10003505,Technology,Phones,Geemarc AmpliPOWER60,278.4,3,0,80.736
CA-2013-140774,9/6/2015,9/11/2015,Standard Class,BE-11455,Brad Eason,Home Office,United States,Olathe,Kansas,66062,Central,OFF-AR-10004022,Office Supplies,Art,Panasonic KP-380BK Classic Electric Pencil Sharpener,107.94,3,0,26.985
US-2013-148110,9/6/2015,9/12/2015,Standard Class,AR-10825,Anthony Rawles,Corporate,United States,Austin,Texas,78745,Central,FUR-CH-10002647,Furniture,Chairs,"Situations Contoured Folding Chairs, 4/Set",347.802,7,0.3,-24.843
CA-2013-144540,9/6/2015,9/11/2015,Standard Class,GH-14410,Gary Hansen,Home Office,United States,Houston,Texas,77070,Central,OFF-AP-10002457,Office Supplies,Appliances,"Eureka The Boss Plus 12-Amp Hard Box Upright Vacuum, Red",62.79,3,0.8,-166.3935
CA-2013-144540,9/6/2015,9/11/2015,Standard Class,GH-14410,Gary Hansen,Home Office,United States,Houston,Texas,77070,Central,OFF-FA-10002763,Office Supplies,Fasteners,Advantus Map Pennant Flags and Round Head Tacks,28.44,9,0.2,4.266
CA-2013-149195,9/6/2015,9/8/2015,Second Class,DM-13525,Don Miller,Corporate,United States,Houston,Texas,77070,Central,OFF-PA-10001870,Office Supplies,Paper,Xerox 202,25.92,5,0.2,9.072
CA-2013-149195,9/6/2015,9/8/2015,Second Class,DM-13525,Don Miller,Corporate,United States,Houston,Texas,77070,Central,OFF-FA-10001843,Office Supplies,Fasteners,Staples,15.808,8,0.2,5.3352
CA-2013-149195,9/6/2015,9/8/2015,Second Class,DM-13525,Don Miller,Corporate,United States,Houston,Texas,77070,Central,OFF-PA-10002036,Office Supplies,Paper,Xerox 1930,10.368,2,0.2,3.7584
US-2013-152373,9/6/2015,9/12/2015,Standard Class,PT-19090,Pete Takahito,Consumer,United States,San Antonio,Texas,78207,Central,OFF-ST-10003479,Office Supplies,Storage,"Eldon Base for stackable storage shelf, platinum",93.456,3,0.2,-17.523
CA-2013-164490,9/6/2015,9/11/2015,Second Class,SU-20665,Stephanie Ulpright,Home Office,United States,Chicago,Illinois,60653,Central,OFF-PA-10004971,Office Supplies,Paper,Xerox 196,9.248,2,0.2,3.3524
CA-2013-136595,9/6/2015,9/8/2015,First Class,EM-13825,Elizabeth Moffitt,Corporate,United States,Houston,Texas,77036,Central,FUR-FU-10004671,Furniture,Furnishings,"Executive Impressions 12"" Wall Clock",21.204,3,0.6,-11.6622
CA-2013-149223,9/7/2015,9/12/2015,Standard Class,ER-13855,Elpida Rittenbach,Corporate,United States,Saint Paul,Minnesota,55106,Central,OFF-AP-10000358,Office Supplies,Appliances,Fellowes Basic Home/Office Series Surge Protectors,77.88,6,0,22.5852
CA-2013-145240,9/7/2015,9/9/2015,First Class,BG-11740,Bruce Geld,Consumer,United States,Houston,Texas,77070,Central,OFF-ST-10001590,Office Supplies,Storage,"Tenex Personal Project File with Scoop Front Design, Black",10.784,1,0.2,0.8088
CA-2013-123932,9/7/2015,9/13/2015,Standard Class,YC-21895,Yoseph Carroll,Corporate,United States,Dallas,Texas,75217,Central,OFF-PA-10004665,Office Supplies,Paper,Advantus Motivational Note Cards,41.92,4,0.2,15.196
CA-2013-123932,9/7/2015,9/13/2015,Standard Class,YC-21895,Yoseph Carroll,Corporate,United States,Dallas,Texas,75217,Central,TEC-PH-10002447,Technology,Phones,AT&T CL83451 4-Handset Telephone,329.584,2,0.2,37.0782
CA-2013-108987,9/9/2015,9/11/2015,Second Class,AG-10675,Anna Gayman,Consumer,United States,Houston,Texas,77036,Central,OFF-ST-10001580,Office Supplies,Storage,Super Decoflex Portable Personal File,35.952,3,0.2,3.5952
CA-2013-108987,9/9/2015,9/11/2015,Second Class,AG-10675,Anna Gayman,Consumer,United States,Houston,Texas,77036,Central,FUR-BO-10004834,Furniture,Bookcases,"Riverside Palais Royal Lawyers Bookcase, Royale Cherry Finish",2396.2656,4,0.32,-317.1528
CA-2013-108987,9/9/2015,9/11/2015,Second Class,AG-10675,Anna Gayman,Consumer,United States,Houston,Texas,77036,Central,OFF-ST-10000934,Office Supplies,Storage,"Contico 72""H Heavy-Duty Storage System",131.136,4,0.2,-32.784
CA-2013-108987,9/9/2015,9/11/2015,Second Class,AG-10675,Anna Gayman,Consumer,United States,Houston,Texas,77036,Central,TEC-AC-10000158,Technology,Accessories,Sony 64GB Class 10 Micro SDHC R40 Memory Card,57.584,2,0.2,0.7198
US-2013-115455,9/9/2015,9/15/2015,Standard Class,SE-20110,Sanjit Engle,Consumer,United States,Wheeling,Illinois,60090,Central,FUR-FU-10004671,Furniture,Furnishings,"Executive Impressions 12"" Wall Clock",14.136,2,0.6,-7.7748
US-2013-115455,9/9/2015,9/15/2015,Standard Class,SE-20110,Sanjit Engle,Consumer,United States,Wheeling,Illinois,60090,Central,FUR-TA-10003569,Furniture,Tables,Bretford CR8500 Series Meeting Room Furniture,601.47,3,0.5,-300.735
CA-2013-108868,9/9/2015,9/13/2015,Standard Class,KB-16585,Ken Black,Corporate,United States,Dallas,Texas,75081,Central,OFF-AR-10001953,Office Supplies,Art,Boston 1645 Deluxe Heavier-Duty Electric Pencil Sharpener,70.368,2,0.2,6.1572
CA-2013-108868,9/9/2015,9/13/2015,Standard Class,KB-16585,Ken Black,Corporate,United States,Dallas,Texas,75081,Central,TEC-PH-10000923,Technology,Phones,"Belkin SportFit Armband For iPhone 5s/5c, Fuchsia",59.96,5,0.2,21.7355
CA-2013-137176,9/10/2015,9/15/2015,Second Class,DB-12910,Daniel Byrd,Home Office,United States,Dallas,Texas,75220,Central,FUR-FU-10003832,Furniture,Furnishings,"Eldon Expressions Punched Metal & Wood Desk Accessories, Black & Cherry",15.008,4,0.6,-12.0064
CA-2013-146206,9/11/2015,9/15/2015,Second Class,KT-16480,Kean Thornton,Consumer,United States,Houston,Texas,77095,Central,FUR-TA-10004086,Furniture,Tables,KI Adjustable-Height Table,300.93,5,0.3,-34.392
CA-2013-146206,9/11/2015,9/15/2015,Second Class,KT-16480,Kean Thornton,Consumer,United States,Houston,Texas,77095,Central,TEC-PH-10000895,Technology,Phones,Polycom VVX 310 VoIP phone,719.96,5,0.2,53.997
CA-2013-153157,9/12/2015,9/15/2015,First Class,TB-21625,Trudy Brown,Consumer,United States,Wichita,Kansas,67212,Central,TEC-PH-10003171,Technology,Phones,Plantronics Encore H101 Dual Earpieces Headset,224.75,5,0,62.93
CA-2013-150007,9/12/2015,9/17/2015,Standard Class,AS-10090,Adam Shillingsburg,Consumer,United States,Chicago,Illinois,60653,Central,OFF-LA-10001982,Office Supplies,Labels,Smead Alpha-Z Color-Coded Name Labels First Letter Starter Set,6,2,0.2,2.1
CA-2013-150007,9/12/2015,9/17/2015,Standard Class,AS-10090,Adam Shillingsburg,Consumer,United States,Chicago,Illinois,60653,Central,OFF-BI-10004141,Office Supplies,Binders,Insertable Tab Indexes For Data Binders,1.908,3,0.8,-3.2436
CA-2013-130225,9/12/2015,9/18/2015,Standard Class,RC-19960,Ryan Crowe,Consumer,United States,Houston,Texas,77041,Central,OFF-EN-10000056,Office Supplies,Envelopes,Cameo Buff Policy Envelopes,99.568,2,0.2,33.6042
CA-2013-152457,9/13/2015,9/19/2015,Standard Class,SC-20695,Steve Chapman,Corporate,United States,Roseville,Michigan,48066,Central,OFF-PA-10003790,Office Supplies,Paper,Xerox 1991,68.52,3,0,31.5192
CA-2013-105732,9/14/2015,9/19/2015,Standard Class,AG-10270,Alejandro Grove,Consumer,United States,Omaha,Nebraska,68104,Central,OFF-ST-10000419,Office Supplies,Storage,"Rogers Jumbo File, Granite",40.74,3,0,0.4074
CA-2013-105732,9/14/2015,9/19/2015,Standard Class,AG-10270,Alejandro Grove,Consumer,United States,Omaha,Nebraska,68104,Central,OFF-LA-10004559,Office Supplies,Labels,Avery 49,14.4,5,0,7.056
CA-2013-105732,9/14/2015,9/19/2015,Standard Class,AG-10270,Alejandro Grove,Consumer,United States,Omaha,Nebraska,68104,Central,TEC-PH-10001644,Technology,Phones,"BlueLounge Milo Smartphone Stand, White/Metallic",149.95,5,0,41.986
CA-2013-105732,9/14/2015,9/19/2015,Standard Class,AG-10270,Alejandro Grove,Consumer,United States,Omaha,Nebraska,68104,Central,OFF-SU-10004782,Office Supplies,Supplies,"Elite 5"" Scissors",16.9,2,0,5.07
CA-2013-105732,9/14/2015,9/19/2015,Standard Class,AG-10270,Alejandro Grove,Consumer,United States,Omaha,Nebraska,68104,Central,OFF-PA-10002250,Office Supplies,Paper,Things To Do Today Pad,17.61,3,0,8.4528
CA-2013-105732,9/14/2015,9/19/2015,Standard Class,AG-10270,Alejandro Grove,Consumer,United States,Omaha,Nebraska,68104,Central,OFF-AP-10001394,Office Supplies,Appliances,Harmony Air Purifier,378,2,0,136.08
CA-2013-105732,9/14/2015,9/19/2015,Standard Class,AG-10270,Alejandro Grove,Consumer,United States,Omaha,Nebraska,68104,Central,OFF-PA-10001838,Office Supplies,Paper,"Adams Telephone Message Book W/Dividers/Space For Phone Numbers, 5 1/4""X8 1/2"", 300/Messages",17.64,3,0,8.6436
CA-2013-105732,9/14/2015,9/19/2015,Standard Class,AG-10270,Alejandro Grove,Consumer,United States,Omaha,Nebraska,68104,Central,OFF-ST-10004340,Office Supplies,Storage,"Fellowes Mobile File Cart, Black",373.08,6,0,100.7316
CA-2013-105732,9/14/2015,9/19/2015,Standard Class,AG-10270,Alejandro Grove,Consumer,United States,Omaha,Nebraska,68104,Central,FUR-FU-10003664,Furniture,Furnishings,"Electrix Architect's Clamp-On Swing Arm Lamp, Black",1336.44,14,0,387.5676
CA-2013-105732,9/14/2015,9/19/2015,Standard Class,AG-10270,Alejandro Grove,Consumer,United States,Omaha,Nebraska,68104,Central,TEC-PH-10004897,Technology,Phones,Mediabridge Sport Armband iPhone 5s,29.97,3,0,0.2997
CA-2013-105900,9/18/2015,9/24/2015,Standard Class,BS-11590,Brendan Sweed,Corporate,United States,Columbus,Indiana,47201,Central,OFF-AR-10002656,Office Supplies,Art,Sanford Liquid Accent Highlighters,33.4,5,0,12.358
US-2013-156097,9/20/2015,9/20/2015,Same Day,EH-14125,Eugene Hildebrand,Home Office,United States,Aurora,Illinois,60505,Central,FUR-CH-10001215,Furniture,Chairs,Global Troy Executive Leather Low-Back Tilter,701.372,2,0.3,-50.098
US-2013-156097,9/20/2015,9/20/2015,Same Day,EH-14125,Eugene Hildebrand,Home Office,United States,Aurora,Illinois,60505,Central,OFF-BI-10004654,Office Supplies,Binders,Avery Binding System Hidden Tab Executive Style Index Sets,2.308,2,0.8,-3.462
CA-2013-126284,9/21/2015,9/25/2015,Standard Class,EN-13780,Edward Nazzal,Consumer,United States,Grand Rapids,Michigan,49505,Central,OFF-BI-10004828,Office Supplies,Binders,GBC Poly Designer Binding Covers,83.7,5,0,41.013
CA-2013-158617,9/23/2015,9/29/2015,Standard Class,AC-10660,Anna Chung,Consumer,United States,Lawrence,Indiana,46226,Central,OFF-PA-10002245,Office Supplies,Paper,Xerox 1895,35.88,6,0,16.146
CA-2013-119641,9/23/2015,9/27/2015,Standard Class,CS-12250,Chris Selesnick,Corporate,United States,Green Bay,Wisconsin,54302,Central,FUR-FU-10002445,Furniture,Furnishings,"DAX Two-Tone Rosewood/Black Document Frame, Desktop, 5 x 7",18.96,2,0,7.584
US-2013-157728,9/23/2015,9/29/2015,Standard Class,RC-19960,Ryan Crowe,Consumer,United States,Grand Rapids,Michigan,49505,Central,OFF-PA-10002195,Office Supplies,Paper,"RSVP Cards & Envelopes, Blank White, 8-1/2"" X 11"", 24 Cards/25 Envelopes/Set",35.56,7,0,16.7132
US-2013-157728,9/23/2015,9/29/2015,Standard Class,RC-19960,Ryan Crowe,Consumer,United States,Grand Rapids,Michigan,49505,Central,TEC-PH-10001305,Technology,Phones,Panasonic KX TS208W Corded phone,97.98,2,0,27.4344
CA-2013-141551,9/25/2015,10/1/2015,Standard Class,BP-11230,Benjamin Patterson,Consumer,United States,Broken Arrow,Oklahoma,74012,Central,OFF-BI-10001249,Office Supplies,Binders,Avery Heavy-Duty EZD View Binder with Locking Rings,6.38,1,0,2.9348
CA-2013-141551,9/25/2015,10/1/2015,Standard Class,BP-11230,Benjamin Patterson,Consumer,United States,Broken Arrow,Oklahoma,74012,Central,OFF-PA-10001569,Office Supplies,Paper,Xerox 232,6.48,1,0,3.1104
CA-2013-154235,9/25/2015,9/29/2015,Standard Class,RD-19900,Ruben Dartt,Consumer,United States,Bloomington,Indiana,47401,Central,FUR-FU-10004006,Furniture,Furnishings,"Deflect-o DuraMat Lighweight, Studded, Beveled Mat for Low Pile Carpeting",127.95,3,0,21.7515
CA-2013-132479,9/25/2015,9/27/2015,First Class,MK-17905,Michael Kennedy,Corporate,United States,Rockford,Illinois,61107,Central,OFF-BI-10004584,Office Supplies,Binders,GBC ProClick 150 Presentation Binding System,442.372,7,0.8,-729.9138
CA-2013-123722,9/26/2015,10/2/2015,Standard Class,NH-18610,Nicole Hansen,Corporate,United States,Irving,Texas,75061,Central,OFF-LA-10001569,Office Supplies,Labels,Avery 499,15.936,4,0.2,5.1792
US-2013-124163,9/26/2015,10/1/2015,Standard Class,SC-20695,Steve Chapman,Corporate,United States,La Crosse,Wisconsin,54601,Central,TEC-AC-10001908,Technology,Accessories,Logitech Wireless Headset h800,499.95,5,0,174.9825
US-2013-124163,9/26/2015,10/1/2015,Standard Class,SC-20695,Steve Chapman,Corporate,United States,La Crosse,Wisconsin,54601,Central,OFF-AR-10000817,Office Supplies,Art,Manco Dry-Lighter Erasable Highlighter,3.04,1,0,1.0336
US-2013-124163,9/26/2015,10/1/2015,Standard Class,SC-20695,Steve Chapman,Corporate,United States,La Crosse,Wisconsin,54601,Central,FUR-CH-10004218,Furniture,Chairs,"Global Fabric Manager's Chair, Dark Gray",201.96,2,0,50.49
US-2013-124163,9/26/2015,10/1/2015,Standard Class,SC-20695,Steve Chapman,Corporate,United States,La Crosse,Wisconsin,54601,Central,FUR-FU-10000755,Furniture,Furnishings,Eldon Expressions Mahogany Wood Desk Collection,68.64,11,0,17.16
US-2013-157945,9/27/2015,10/2/2015,Standard Class,NF-18385,Natalie Fritzler,Consumer,United States,Decatur,Illinois,62521,Central,FUR-CH-10002331,Furniture,Chairs,Hon 4700 Series Mobuis Mid-Back Task Chairs with Adjustable Arms,747.558,3,0.3,-96.1146
US-2013-157945,9/27/2015,10/2/2015,Standard Class,NF-18385,Natalie Fritzler,Consumer,United States,Decatur,Illinois,62521,Central,OFF-EN-10001415,Office Supplies,Envelopes,Staple envelope,8.928,2,0.2,3.348
CA-2013-157714,9/27/2015,10/2/2015,Second Class,CS-12175,Charles Sheldon,Corporate,United States,Iowa City,Iowa,52240,Central,OFF-PA-10004022,Office Supplies,Paper,Hammermill Color Copier Paper (28Lb. and 96 Bright),9.99,1,0,4.4955
US-2013-149790,9/27/2015,10/2/2015,Standard Class,SC-20380,Shahid Collister,Consumer,United States,Houston,Texas,77095,Central,OFF-BI-10002026,Office Supplies,Binders,Ibico Recycled Linen-Style Covers,15.624,2,0.8,-24.9984
CA-2013-143406,9/27/2015,10/1/2015,Standard Class,LR-17035,Lisa Ryan,Corporate,United States,Houston,Texas,77041,Central,OFF-AP-10001564,Office Supplies,Appliances,Hoover Commercial Lightweight Upright Vacuum with E-Z Empty Dirt Cup,93.032,2,0.8,-251.1864
CA-2013-143406,9/27/2015,10/1/2015,Standard Class,LR-17035,Lisa Ryan,Corporate,United States,Houston,Texas,77041,Central,FUR-CH-10000513,Furniture,Chairs,High-Back Leather Manager's Chair,454.965,5,0.3,-136.4895
CA-2013-132017,9/27/2015,9/28/2015,First Class,MH-17620,Matt Hagelstein,Corporate,United States,Houston,Texas,77041,Central,OFF-BI-10004001,Office Supplies,Binders,GBC Recycled VeloBinder Covers,6.816,2,0.8,-11.5872
US-2013-110170,9/28/2015,10/4/2015,Standard Class,HM-14860,Harry Marie,Corporate,United States,Huntsville,Texas,77340,Central,FUR-BO-10000780,Furniture,Bookcases,O'Sullivan Plantations 2-Door Library in Landvery Oak,956.6648,7,0.32,-225.0976
US-2013-134656,9/29/2015,10/2/2015,First Class,MM-18280,Muhammed MacIntyre,Corporate,United States,Quincy,Illinois,62301,Central,OFF-PA-10003039,Office Supplies,Paper,Xerox 1960,99.136,4,0.2,30.98
CA-2013-161781,9/30/2015,10/1/2015,First Class,CC-12100,Chad Cunningham,Home Office,United States,Columbus,Indiana,47201,Central,OFF-AR-10000255,Office Supplies,Art,Newell 328,40.88,7,0,10.6288
CA-2013-108644,10/1/2015,10/4/2015,First Class,SJ-20215,Sarah Jordon,Consumer,United States,Quincy,Illinois,62301,Central,OFF-BI-10000343,Office Supplies,Binders,"Pressboard Covers with Storage Hooks, 9 1/2"" x 11"", Light Blue",1.964,2,0.8,-3.2406
CA-2013-155992,10/2/2015,10/3/2015,First Class,CC-12220,Chris Cortes,Consumer,United States,La Porte,Indiana,46350,Central,TEC-PH-10000215,Technology,Phones,Plantronics Cordless Phone Headset with In-line Volume - M214C,69.9,2,0,18.873
CA-2013-155992,10/2/2015,10/3/2015,First Class,CC-12220,Chris Cortes,Consumer,United States,La Porte,Indiana,46350,Central,FUR-FU-10003724,Furniture,Furnishings,Westinghouse Clip-On Gooseneck Lamps,41.85,5,0,10.881
CA-2013-111794,10/2/2015,10/2/2015,Same Day,HG-15025,Hunter Glantz,Consumer,United States,Amarillo,Texas,79109,Central,TEC-AC-10003832,Technology,Accessories,Imation 16GB Mini TravelDrive USB 2.0 Flash Drive,79.512,3,0.2,20.8719
CA-2013-111794,10/2/2015,10/2/2015,Same Day,HG-15025,Hunter Glantz,Consumer,United States,Amarillo,Texas,79109,Central,OFF-PA-10000474,Office Supplies,Paper,Easy-staple paper,28.352,1,0.2,9.5688
CA-2013-118689,10/3/2015,10/10/2015,Standard Class,TC-20980,Tamara Chand,Corporate,United States,Lafayette,Indiana,47905,Central,OFF-ST-10001558,Office Supplies,Storage,Acco Perma 4000 Stacking Storage Drawers,32.48,2,0,4.872
CA-2013-118689,10/3/2015,10/10/2015,Standard Class,TC-20980,Tamara Chand,Corporate,United States,Lafayette,Indiana,47905,Central,TEC-CO-10004722,Technology,Copiers,Canon imageCLASS 2200 Advanced Copier,17499.95,5,0,8399.976
CA-2013-118689,10/3/2015,10/10/2015,Standard Class,TC-20980,Tamara Chand,Corporate,United States,Lafayette,Indiana,47905,Central,OFF-BI-10004600,Office Supplies,Binders,Ibico Ibimaster 300 Manual Binding System,735.98,2,0,331.191
CA-2013-118689,10/3/2015,10/10/2015,Standard Class,TC-20980,Tamara Chand,Corporate,United States,Lafayette,Indiana,47905,Central,OFF-BI-10003712,Office Supplies,Binders,"Acco Pressboard Covers with Storage Hooks, 14 7/8"" x 11"", Light Blue",34.37,7,0,16.8413
CA-2013-118689,10/3/2015,10/10/2015,Standard Class,TC-20980,Tamara Chand,Corporate,United States,Lafayette,Indiana,47905,Central,OFF-AR-10001958,Office Supplies,Art,Stanley Bostitch Contemporary Electric Pencil Sharpeners,33.96,2,0,9.5088
CA-2013-140634,10/4/2015,10/7/2015,Second Class,HL-15040,Hunter Lopez,Consumer,United States,Houston,Texas,77095,Central,OFF-EN-10001099,Office Supplies,Envelopes,Staple envelope,15.648,2,0.2,5.0856
CA-2013-103919,10/4/2015,10/8/2015,Standard Class,TP-21565,Tracy Poddar,Corporate,United States,Grand Prairie,Texas,75051,Central,FUR-FU-10001756,Furniture,Furnishings,"Eldon Expressions Desk Accessory, Wood Photo Frame, Mahogany",38.08,5,0.6,-29.512
CA-2013-121601,10/5/2015,10/5/2015,Same Day,MO-17500,Mary O'Rourke,Consumer,United States,The Colony,Texas,75056,Central,OFF-EN-10003862,Office Supplies,Envelopes,Laser & Ink Jet Business Envelopes,59.752,7,0.2,19.4194
US-2013-115952,10/7/2015,10/7/2015,Same Day,JH-15910,Jonathan Howell,Consumer,United States,Tulsa,Oklahoma,74133,Central,OFF-BI-10004654,Office Supplies,Binders,Avery Binding System Hidden Tab Executive Style Index Sets,28.85,5,0,14.425
US-2013-126844,10/9/2015,10/15/2015,Standard Class,BW-11110,Bart Watters,Corporate,United States,Houston,Texas,77070,Central,FUR-FU-10004909,Furniture,Furnishings,Contemporary Wood/Metal Frame,51.712,8,0.6,-32.32
CA-2013-149685,10/9/2015,10/16/2015,Standard Class,PM-19135,Peter McVee,Home Office,United States,San Antonio,Texas,78207,Central,OFF-LA-10004545,Office Supplies,Labels,Avery 50,60.144,6,0.2,20.2986
CA-2013-126627,10/11/2015,10/13/2015,First Class,WB-21850,William Brown,Consumer,United States,La Porte,Texas,77571,Central,FUR-FU-10004963,Furniture,Furnishings,"Eldon 400 Class Desk Accessories, Black Carbon",14,4,0.6,-6.3
CA-2013-126627,10/11/2015,10/13/2015,First Class,WB-21850,William Brown,Consumer,United States,La Porte,Texas,77571,Central,OFF-BI-10001597,Office Supplies,Binders,"Wilson Jones Ledger-Size, Piano-Hinge Binder, 2"", Blue",16.392,2,0.8,-26.2272
CA-2013-113390,10/12/2015,10/16/2015,Standard Class,EP-13915,Emily Phan,Consumer,United States,Chicago,Illinois,60610,Central,OFF-AR-10003183,Office Supplies,Art,Avery Fluorescent Highlighter Four-Color Set,5.344,2,0.2,0.668
CA-2013-113390,10/12/2015,10/16/2015,Standard Class,EP-13915,Emily Phan,Consumer,United States,Chicago,Illinois,60610,Central,OFF-AR-10001446,Office Supplies,Art,Newell 309,27.72,3,0.2,3.465
CA-2013-154018,10/14/2015,10/20/2015,Standard Class,HA-14920,Helen Andreada,Consumer,United States,Laredo,Texas,78041,Central,TEC-AC-10002402,Technology,Accessories,Razer Kraken PRO Over Ear PC and Music Headset,191.976,3,0.2,23.997
CA-2013-154018,10/14/2015,10/20/2015,Standard Class,HA-14920,Helen Andreada,Consumer,United States,Laredo,Texas,78041,Central,OFF-PA-10000551,Office Supplies,Paper,Array Memo Cubes,8.288,2,0.2,3.0044
CA-2013-154018,10/14/2015,10/20/2015,Standard Class,HA-14920,Helen Andreada,Consumer,United States,Laredo,Texas,78041,Central,FUR-FU-10003394,Furniture,Furnishings,"Tenex ""The Solids"" Textured Chair Mats",139.92,5,0.6,-150.414
CA-2013-154018,10/14/2015,10/20/2015,Standard Class,HA-14920,Helen Andreada,Consumer,United States,Laredo,Texas,78041,Central,OFF-AR-10002067,Office Supplies,Art,Newell 334,15.872,1,0.2,1.1904
CA-2013-154018,10/14/2015,10/20/2015,Standard Class,HA-14920,Helen Andreada,Consumer,United States,Laredo,Texas,78041,Central,OFF-BI-10004140,Office Supplies,Binders,Avery Non-Stick Binders,6.286,7,0.8,-11.0005
CA-2013-125220,10/15/2015,10/20/2015,Standard Class,BE-11410,Bobby Elias,Consumer,United States,Appleton,Wisconsin,54915,Central,TEC-AC-10003033,Technology,Accessories,Plantronics CS510 - Over-the-Head monaural Wireless Headset System,1649.75,5,0,544.4175
CA-2013-124352,10/16/2015,10/22/2015,Standard Class,CD-12790,Cynthia Delaney,Home Office,United States,Oklahoma City,Oklahoma,73120,Central,OFF-LA-10004559,Office Supplies,Labels,Avery 49,20.16,7,0,9.8784
CA-2013-124352,10/16/2015,10/22/2015,Standard Class,CD-12790,Cynthia Delaney,Home Office,United States,Oklahoma City,Oklahoma,73120,Central,OFF-LA-10003223,Office Supplies,Labels,Avery 508,29.46,6,0,14.4354
CA-2013-124352,10/16/2015,10/22/2015,Standard Class,CD-12790,Cynthia Delaney,Home Office,United States,Oklahoma City,Oklahoma,73120,Central,OFF-AP-10002651,Office Supplies,Appliances,Hoover Upright Vacuum With Dirt Cup,868.59,3,0,251.8911
CA-2013-124352,10/16/2015,10/22/2015,Standard Class,CD-12790,Cynthia Delaney,Home Office,United States,Oklahoma City,Oklahoma,73120,Central,OFF-PA-10003177,Office Supplies,Paper,Xerox 1999,12.96,2,0,6.2208
CA-2013-124352,10/16/2015,10/22/2015,Standard Class,CD-12790,Cynthia Delaney,Home Office,United States,Oklahoma City,Oklahoma,73120,Central,TEC-PH-10003442,Technology,Phones,Samsung Replacement EH64AVFWE Premium Headset,5.5,1,0,1.375
CA-2013-124352,10/16/2015,10/22/2015,Standard Class,CD-12790,Cynthia Delaney,Home Office,United States,Oklahoma City,Oklahoma,73120,Central,OFF-BI-10000977,Office Supplies,Binders,Ibico Plastic Spiral Binding Combs,121.6,4,0,55.936
CA-2013-147256,10/18/2015,10/22/2015,Second Class,FC-14245,Frank Carlisle,Home Office,United States,Columbia,Missouri,65203,Central,TEC-PH-10003072,Technology,Phones,Panasonic KX-TG9541B DECT 6.0 Digital 2-Line Expandable Cordless Phone With Digital Answering System,449.97,3,0,220.4853
CA-2013-147256,10/18/2015,10/22/2015,Second Class,FC-14245,Frank Carlisle,Home Office,United States,Columbia,Missouri,65203,Central,OFF-AP-10003057,Office Supplies,Appliances,Honeywell Enviracaire Portable HEPA Air Cleaner for 16' x 20' Room,1927.59,7,0,751.7601
CA-2013-133697,10/21/2015,10/25/2015,Second Class,CM-12445,Chuck Magee,Consumer,United States,Houston,Texas,77095,Central,OFF-PA-10000726,Office Supplies,Paper,"Black Print Carbonless Snap-Off Rapid Letter, 8 1/2"" x 7""",51.016,7,0.2,15.9425
CA-2013-133697,10/21/2015,10/25/2015,Second Class,CM-12445,Chuck Magee,Consumer,United States,Houston,Texas,77095,Central,OFF-FA-10003112,Office Supplies,Fasteners,Staples,25.248,4,0.2,7.89
CA-2013-133697,10/21/2015,10/25/2015,Second Class,CM-12445,Chuck Magee,Consumer,United States,Houston,Texas,77095,Central,FUR-CH-10002372,Furniture,Chairs,Office Star - Ergonomically Designed Knee Chair,56.686,1,0.3,-14.5764
CA-2013-160220,10/21/2015,10/27/2015,Standard Class,JS-16030,Joy Smith,Consumer,United States,Trenton,Michigan,48183,Central,TEC-PH-10001300,Technology,Phones,"iKross Bluetooth Portable Keyboard + Cell Phone Stand Holder + Brush for Apple iPhone 5S 5C 5, 4S 4",125.7,6,0,35.196
CA-2013-160220,10/21/2015,10/27/2015,Standard Class,JS-16030,Joy Smith,Consumer,United States,Trenton,Michigan,48183,Central,TEC-PH-10001557,Technology,Phones,Pyle PMP37LED,191.98,2,0,51.8346
CA-2013-160220,10/21/2015,10/27/2015,Standard Class,JS-16030,Joy Smith,Consumer,United States,Trenton,Michigan,48183,Central,OFF-ST-10000617,Office Supplies,Storage,Woodgrain Magazine Files by Perma,20.86,7,0,1.4602
CA-2013-166373,10/22/2015,10/26/2015,Standard Class,JF-15565,Jill Fjeld,Consumer,United States,San Antonio,Texas,78207,Central,TEC-AC-10002323,Technology,Accessories,SanDisk Ultra 32 GB MicroSDHC Class 10 Memory Card,106.08,6,0.2,-9.282
CA-2013-165148,10/23/2015,10/25/2015,First Class,PM-19135,Peter McVee,Home Office,United States,Detroit,Michigan,48227,Central,FUR-FU-10000732,Furniture,Furnishings,Eldon 200 Class Desk Accessories,31.4,5,0,10.048
CA-2013-165484,10/24/2015,10/30/2015,Standard Class,HK-14890,Heather Kirkland,Corporate,United States,Chicago,Illinois,60610,Central,FUR-FU-10001196,Furniture,Furnishings,DAX Cubicle Frames - 8x10,16.156,7,0.6,-12.117
CA-2013-165484,10/24/2015,10/30/2015,Standard Class,HK-14890,Heather Kirkland,Corporate,United States,Chicago,Illinois,60610,Central,OFF-PA-10000595,Office Supplies,Paper,Xerox 1929,54.816,3,0.2,17.8152
CA-2013-158925,10/25/2015,10/29/2015,Standard Class,JP-15460,Jennifer Patt,Corporate,United States,Houston,Texas,77041,Central,OFF-PA-10003072,Office Supplies,Paper,"Eureka Recycled Copy Paper 8 1/2"" x 11"", Ream",15.552,3,0.2,5.4432
CA-2013-146682,10/30/2015,11/1/2015,First Class,KW-16435,Katrina Willman,Consumer,United States,Lansing,Michigan,48911,Central,FUR-FU-10002671,Furniture,Furnishings,Electrix 20W Halogen Replacement Bulb for Zoom-In Desk Lamp,67,5,0,32.16
CA-2013-167290,10/31/2015,11/5/2015,Standard Class,JF-15295,Jason Fortune-,Consumer,United States,Sterling Heights,Michigan,48310,Central,OFF-AR-10004078,Office Supplies,Art,Newell 312,11.68,2,0,3.504
CA-2013-140130,11/1/2015,11/6/2015,Standard Class,HW-14935,Helen Wasserman,Corporate,United States,Tulsa,Oklahoma,74133,Central,OFF-SU-10001218,Office Supplies,Supplies,Fiskars Softgrip Scissors,21.96,2,0,6.1488
CA-2013-140130,11/1/2015,11/6/2015,Standard Class,HW-14935,Helen Wasserman,Corporate,United States,Tulsa,Oklahoma,74133,Central,FUR-CH-10002084,Furniture,Chairs,Hon Mobius Operator's Chair,368.97,3,0,81.1734
CA-2013-140130,11/1/2015,11/6/2015,Standard Class,HW-14935,Helen Wasserman,Corporate,United States,Tulsa,Oklahoma,74133,Central,OFF-AR-10004269,Office Supplies,Art,Newell 31,12.39,3,0,3.4692
CA-2013-140130,11/1/2015,11/6/2015,Standard Class,HW-14935,Helen Wasserman,Corporate,United States,Tulsa,Oklahoma,74133,Central,OFF-ST-10001128,Office Supplies,Storage,"Carina Mini System Audio Rack, Model AR050B",332.94,3,0,9.9882
CA-2013-100671,11/2/2015,11/5/2015,First Class,CS-12490,Cindy Schnelling,Corporate,United States,Conroe,Texas,77301,Central,OFF-ST-10004950,Office Supplies,Storage,"Tenex Personal Filing Tote With Secure Closure Lid, Black/Frost",111.672,9,0.2,6.9795
CA-2013-129196,11/2/2015,11/8/2015,Standard Class,XP-21865,Xylona Preis,Consumer,United States,Chicago,Illinois,60610,Central,TEC-AC-10002473,Technology,Accessories,Maxell 4.7GB DVD-R,68.112,3,0.2,17.8794
CA-2013-128867,11/4/2015,11/11/2015,Standard Class,CL-12565,Clay Ludtke,Consumer,United States,Urbandale,Iowa,50322,Central,OFF-AR-10000380,Office Supplies,Art,"Hunt PowerHouse Electric Pencil Sharpener, Blue",75.96,2,0,22.788
CA-2013-128867,11/4/2015,11/11/2015,Standard Class,CL-12565,Clay Ludtke,Consumer,United States,Urbandale,Iowa,50322,Central,OFF-BI-10003981,Office Supplies,Binders,"Avery Durable Plastic 1"" Binders",27.24,6,0,13.3476
CA-2013-160136,11/4/2015,11/10/2015,Standard Class,PJ-18835,Patrick Jones,Corporate,United States,Dallas,Texas,75217,Central,OFF-PA-10002160,Office Supplies,Paper,Xerox 1978,9.248,2,0.2,3.3524
US-2013-111563,11/5/2015,11/9/2015,Standard Class,SM-20005,Sally Matthias,Consumer,United States,Houston,Texas,77041,Central,FUR-FU-10002445,Furniture,Furnishings,"DAX Two-Tone Rosewood/Black Document Frame, Desktop, 5 x 7",11.376,3,0.6,-5.688
US-2013-111563,11/5/2015,11/9/2015,Standard Class,SM-20005,Sally Matthias,Consumer,United States,Houston,Texas,77041,Central,FUR-FU-10000723,Furniture,Furnishings,"Deflect-o EconoMat Studded, No Bevel Mat for Low Pile Carpeting",66.112,4,0.6,-84.2928
US-2013-131611,11/6/2015,11/10/2015,Standard Class,EP-13915,Emily Phan,Consumer,United States,Houston,Texas,77036,Central,FUR-TA-10002774,Furniture,Tables,Laminate Occasional Tables,863.128,8,0.3,-160.2952
US-2013-131611,11/6/2015,11/10/2015,Standard Class,EP-13915,Emily Phan,Consumer,United States,Houston,Texas,77036,Central,OFF-BI-10004364,Office Supplies,Binders,Storex Dura Pro Binders,3.564,3,0.8,-6.237
US-2013-131611,11/6/2015,11/10/2015,Standard Class,EP-13915,Emily Phan,Consumer,United States,Houston,Texas,77036,Central,FUR-BO-10000780,Furniture,Bookcases,O'Sullivan Plantations 2-Door Library in Landvery Oak,956.6648,7,0.32,-225.0976
US-2013-131611,11/6/2015,11/10/2015,Standard Class,EP-13915,Emily Phan,Consumer,United States,Houston,Texas,77036,Central,OFF-BI-10001989,Office Supplies,Binders,Premium Transparent Presentation Covers by GBC,12.588,3,0.8,-20.1408
US-2013-131611,11/6/2015,11/10/2015,Standard Class,EP-13915,Emily Phan,Consumer,United States,Houston,Texas,77036,Central,TEC-AC-10004001,Technology,Accessories,Logitech Wireless Headset H600 Over-The-Head Design,171.96,5,0.2,45.1395
US-2013-165078,11/6/2015,11/11/2015,Standard Class,MA-17995,Michelle Arnett,Home Office,United States,Lawrence,Indiana,46226,Central,OFF-BI-10001989,Office Supplies,Binders,Premium Transparent Presentation Covers by GBC,104.9,5,0,50.352
US-2013-165078,11/6/2015,11/11/2015,Standard Class,MA-17995,Michelle Arnett,Home Office,United States,Lawrence,Indiana,46226,Central,OFF-AR-10002987,Office Supplies,Art,Prismacolor Color Pencil Set,39.68,2,0,16.2688
US-2013-165078,11/6/2015,11/11/2015,Standard Class,MA-17995,Michelle Arnett,Home Office,United States,Lawrence,Indiana,46226,Central,OFF-LA-10000414,Office Supplies,Labels,Avery 503,51.75,5,0,24.84
CA-2013-143441,11/6/2015,11/6/2015,Same Day,EB-14170,Evan Bailliet,Consumer,United States,Laredo,Texas,78041,Central,OFF-LA-10002312,Office Supplies,Labels,Avery 490,11.84,1,0.2,4.44
CA-2013-116337,11/8/2015,11/13/2015,Standard Class,MC-17845,Michael Chen,Consumer,United States,Dallas,Texas,75220,Central,FUR-FU-10002030,Furniture,Furnishings,"Executive Impressions 14"" Contract Wall Clock with Quartz Movement",44.46,5,0.6,-17.784
CA-2013-116337,11/8/2015,11/13/2015,Standard Class,MC-17845,Michael Chen,Consumer,United States,Dallas,Texas,75220,Central,OFF-ST-10001272,Office Supplies,Storage,"Mini 13-1/2 Capacity Data Binder Rack, Pearl",314.088,3,0.2,19.6305
US-2013-144547,11/11/2015,11/15/2015,Standard Class,MS-17770,Maxwell Schwartz,Consumer,United States,Houston,Texas,77036,Central,TEC-AC-10004901,Technology,Accessories,Kensington SlimBlade Notebook Wireless Mouse with Nano Receiver ,279.944,7,0.2,48.9902
CA-2013-119935,11/11/2015,11/15/2015,Standard Class,KM-16225,Kalyca Meade,Corporate,United States,Springfield,Missouri,65807,Central,FUR-FU-10001085,Furniture,Furnishings,3M Polarizing Light Filter Sleeves,37.3,2,0,17.158
CA-2013-119935,11/11/2015,11/15/2015,Standard Class,KM-16225,Kalyca Meade,Corporate,United States,Springfield,Missouri,65807,Central,OFF-BI-10001597,Office Supplies,Binders,"Wilson Jones Ledger-Size, Piano-Hinge Binder, 2"", Blue",81.96,2,0,39.3408
CA-2013-140935,11/11/2015,11/13/2015,First Class,AB-10015,Aaron Bergman,Consumer,United States,Oklahoma City,Oklahoma,73120,Central,TEC-PH-10000562,Technology,Phones,Samsung Convoy 3,221.98,2,0,62.1544
CA-2013-140935,11/11/2015,11/13/2015,First Class,AB-10015,Aaron Bergman,Consumer,United States,Oklahoma City,Oklahoma,73120,Central,FUR-BO-10003966,Furniture,Bookcases,"Sauder Facets Collection Library, Sky Alder Finish",341.96,2,0,54.7136
CA-2013-124506,11/12/2015,11/18/2015,Standard Class,BB-11545,Brenda Bowman,Corporate,United States,Chicago,Illinois,60623,Central,TEC-AC-10003280,Technology,Accessories,Belkin F8E887 USB Wired Ergonomic Keyboard,95.968,4,0.2,1.1996
CA-2013-124506,11/12/2015,11/18/2015,Standard Class,BB-11545,Brenda Bowman,Corporate,United States,Chicago,Illinois,60623,Central,FUR-CH-10004540,Furniture,Chairs,Global Chrome Stack Chair,47.992,2,0.3,-2.0568
CA-2013-139878,11/12/2015,11/17/2015,Standard Class,LD-17005,Lisa DeCherney,Consumer,United States,Detroit,Michigan,48234,Central,TEC-PH-10001336,Technology,Phones,Digium D40 VoIP phone,257.98,2,0,74.8142
US-2013-164196,11/12/2015,11/18/2015,Standard Class,AS-10285,Alejandro Savely,Corporate,United States,Noblesville,Indiana,46060,Central,FUR-TA-10001950,Furniture,Tables,Balt Solid Wood Round Tables,2678.94,6,0,241.1046
CA-2013-103128,11/12/2015,11/16/2015,Standard Class,SC-20845,Sung Chung,Consumer,United States,Arlington Heights,Illinois,60004,Central,OFF-AR-10003394,Office Supplies,Art,Newell 332,14.112,6,0.2,1.2348
CA-2013-152170,11/13/2015,11/16/2015,Second Class,FH-14275,Frank Hawley,Corporate,United States,La Porte,Indiana,46350,Central,OFF-EN-10002831,Office Supplies,Envelopes,"Tyvek  Top-Opening Peel & Seel  Envelopes, Gray",287.52,8,0,129.384
CA-2013-152170,11/13/2015,11/16/2015,Second Class,FH-14275,Frank Hawley,Corporate,United States,La Porte,Indiana,46350,Central,OFF-AP-10002350,Office Supplies,Appliances,Belkin F9H710-06 7 Outlet SurgeMaster Surge Protector,37.68,2,0,10.5504
CA-2013-152170,11/13/2015,11/16/2015,Second Class,FH-14275,Frank Hawley,Corporate,United States,La Porte,Indiana,46350,Central,OFF-PA-10001763,Office Supplies,Paper,Xerox 1896,19.98,2,0,8.991
CA-2013-152170,11/13/2015,11/16/2015,Second Class,FH-14275,Frank Hawley,Corporate,United States,La Porte,Indiana,46350,Central,OFF-AR-10003394,Office Supplies,Art,Newell 332,20.58,7,0,5.5566
CA-2013-152170,11/13/2015,11/16/2015,Second Class,FH-14275,Frank Hawley,Corporate,United States,La Porte,Indiana,46350,Central,OFF-BI-10002072,Office Supplies,Binders,Cardinal Slant-D Ring Binders,17.38,2,0,8.69
CA-2013-149349,11/13/2015,11/14/2015,First Class,SP-20650,Stephanie Phelps,Corporate,United States,Chicago,Illinois,60623,Central,FUR-FU-10001037,Furniture,Furnishings,"DAX Charcoal/Nickel-Tone Document Frame, 5 x 7",22.752,6,0.6,-8.532
US-2013-162103,11/14/2015,11/18/2015,Standard Class,LB-16795,Laurel Beltran,Home Office,United States,Highland Park,Illinois,60035,Central,OFF-BI-10000285,Office Supplies,Binders,XtraLife ClearVue Slant-D Ring Binders by Cardinal,3.136,2,0.8,-4.704
CA-2013-128972,11/14/2015,11/18/2015,Standard Class,TS-21430,Tom Stivers,Corporate,United States,Oklahoma City,Oklahoma,73120,Central,FUR-FU-10003096,Furniture,Furnishings,"Master Giant Foot Doorstop, Safety Yellow",30.36,4,0,13.0548
CA-2013-134691,11/15/2015,11/19/2015,Standard Class,KC-16540,Kelly Collister,Consumer,United States,Houston,Texas,77041,Central,OFF-BI-10002393,Office Supplies,Binders,Binder Posts,2.296,2,0.8,-3.9032
CA-2013-134110,11/18/2015,11/19/2015,First Class,BG-11035,Barry Gonzalez,Consumer,United States,The Colony,Texas,75056,Central,TEC-PH-10002350,Technology,Phones,Apple EarPods with Remote and Mic,67.176,3,0.2,6.7176
CA-2013-134110,11/18/2015,11/19/2015,First Class,BG-11035,Barry Gonzalez,Consumer,United States,The Colony,Texas,75056,Central,OFF-PA-10000697,Office Supplies,Paper,"TOPS Voice Message Log Book, Flash Format",15.232,4,0.2,5.5216
CA-2013-136812,11/19/2015,11/24/2015,Standard Class,AW-10930,Arthur Wiediger,Home Office,United States,Oklahoma City,Oklahoma,73120,Central,OFF-ST-10003470,Office Supplies,Storage,"Tennsco Snap-Together Open Shelving Units, Starter Sets and Add-On Units",1117.92,4,0,55.896
CA-2013-119963,11/19/2015,11/23/2015,Standard Class,SN-20710,Steve Nguyen,Home Office,United States,Pasadena,Texas,77506,Central,OFF-AR-10003514,Office Supplies,Art,4009 Highlighters by Sanford,6.368,2,0.2,1.0348
CA-2013-119963,11/19/2015,11/23/2015,Standard Class,SN-20710,Steve Nguyen,Home Office,United States,Pasadena,Texas,77506,Central,OFF-LA-10003510,Office Supplies,Labels,"Avery 4027 File Folder Labels for Dot Matrix Printers, 5000 Labels per Box, White",48.848,2,0.2,15.8756
CA-2013-119963,11/19/2015,11/23/2015,Standard Class,SN-20710,Steve Nguyen,Home Office,United States,Pasadena,Texas,77506,Central,OFF-PA-10001970,Office Supplies,Paper,Xerox 1881,19.648,2,0.2,6.6312
CA-2013-119963,11/19/2015,11/23/2015,Standard Class,SN-20710,Steve Nguyen,Home Office,United States,Pasadena,Texas,77506,Central,FUR-CH-10003817,Furniture,Chairs,"Global Value Steno Chair, Gray",255.108,6,0.3,-18.222
CA-2013-115378,11/19/2015,11/24/2015,Second Class,AJ-10945,Ashley Jarboe,Consumer,United States,Taylor,Michigan,48180,Central,FUR-CH-10000863,Furniture,Chairs,Novimex Swivel Fabric Task Chair,301.96,2,0,33.2156
US-2013-110156,11/20/2015,11/25/2015,Standard Class,EH-13945,Eric Hoffmann,Consumer,United States,Houston,Texas,77041,Central,OFF-ST-10000642,Office Supplies,Storage,"Tennsco Lockers, Gray",100.704,6,0.2,-16.3644
US-2013-110156,11/20/2015,11/25/2015,Standard Class,EH-13945,Eric Hoffmann,Consumer,United States,Houston,Texas,77041,Central,FUR-FU-10000206,Furniture,Furnishings,"GE General Purpose, Extra Long Life, Showcase & Floodlight Incandescent Bulbs",2.328,2,0.6,-0.7566
US-2013-110156,11/20/2015,11/25/2015,Standard Class,EH-13945,Eric Hoffmann,Consumer,United States,Houston,Texas,77041,Central,OFF-BI-10003676,Office Supplies,Binders,"GBC Standard Recycled Report Covers, Clear Plastic Sheets",10.78,5,0.8,-17.248
US-2013-110156,11/20/2015,11/25/2015,Standard Class,EH-13945,Eric Hoffmann,Consumer,United States,Houston,Texas,77041,Central,OFF-FA-10003495,Office Supplies,Fasteners,Staples,58.368,12,0.2,21.888
US-2013-110156,11/20/2015,11/25/2015,Standard Class,EH-13945,Eric Hoffmann,Consumer,United States,Houston,Texas,77041,Central,OFF-EN-10003798,Office Supplies,Envelopes,"Recycled Interoffice Envelopes with Re-Use-A-Seal Closure, 10 x 13",40.968,3,0.2,13.8267
US-2013-110156,11/20/2015,11/25/2015,Standard Class,EH-13945,Eric Hoffmann,Consumer,United States,Houston,Texas,77041,Central,TEC-PH-10003589,Technology,Phones,invisibleSHIELD by ZAGG Smudge-Free Screen Protector,71.96,5,0.2,25.186
US-2013-110156,11/20/2015,11/25/2015,Standard Class,EH-13945,Eric Hoffmann,Consumer,United States,Houston,Texas,77041,Central,OFF-PA-10004735,Office Supplies,Paper,Xerox 1905,10.368,2,0.2,3.6288
US-2013-110156,11/20/2015,11/25/2015,Standard Class,EH-13945,Eric Hoffmann,Consumer,United States,Houston,Texas,77041,Central,OFF-BI-10002609,Office Supplies,Binders,Avery Hidden Tab Dividers for Binding Systems,1.192,2,0.8,-2.0264
CA-2013-111143,11/20/2015,11/23/2015,First Class,TT-21265,Tim Taslimi,Corporate,United States,Indianapolis,Indiana,46203,Central,OFF-AP-10001947,Office Supplies,Appliances,Acco 6 Outlet Guardian Premium Plus Surge Suppressor,54.96,3,0,15.9384
CA-2013-114104,11/21/2015,11/25/2015,Standard Class,NP-18670,Nora Paige,Consumer,United States,Edmond,Oklahoma,73034,Central,OFF-LA-10002475,Office Supplies,Labels,Avery 519,14.62,2,0,6.8714
CA-2013-114104,11/21/2015,11/25/2015,Standard Class,NP-18670,Nora Paige,Consumer,United States,Edmond,Oklahoma,73034,Central,TEC-PH-10004536,Technology,Phones,Avaya 5420 Digital phone,944.93,7,0,236.2325
US-2013-127971,11/21/2015,11/28/2015,Standard Class,DW-13195,David Wiener,Corporate,United States,Houston,Texas,77095,Central,FUR-CH-10003774,Furniture,Chairs,"Global Wood Trimmed Manager's Task Chair, Khaki",318.43,5,0.3,-77.333
US-2013-127971,11/21/2015,11/28/2015,Standard Class,DW-13195,David Wiener,Corporate,United States,Houston,Texas,77095,Central,TEC-PH-10003095,Technology,Phones,Samsung HM1900 Bluetooth Headset,122.92,7,0.2,46.095
US-2013-127971,11/21/2015,11/28/2015,Standard Class,DW-13195,David Wiener,Corporate,United States,Houston,Texas,77095,Central,FUR-FU-10000023,Furniture,Furnishings,Eldon Wave Desk Accessories,7.068,3,0.6,-2.8272
CA-2013-100041,11/21/2015,11/26/2015,Standard Class,BF-10975,Barbara Fisher,Corporate,United States,Columbus,Indiana,47201,Central,OFF-PA-10001622,Office Supplies,Paper,"Ampad Poly Cover Wirebound Steno Book, 6"" x 9"" Assorted Colors, Gregg Ruled",9.08,2,0,4.086
CA-2013-100041,11/21/2015,11/26/2015,Standard Class,BF-10975,Barbara Fisher,Corporate,United States,Columbus,Indiana,47201,Central,OFF-PA-10000418,Office Supplies,Paper,Xerox 189,314.55,3,0,150.984
CA-2013-100041,11/21/2015,11/26/2015,Standard Class,BF-10975,Barbara Fisher,Corporate,United States,Columbus,Indiana,47201,Central,OFF-BI-10000343,Office Supplies,Binders,"Pressboard Covers with Storage Hooks, 9 1/2"" x 11"", Light Blue",4.91,1,0,2.3077
CA-2013-107790,11/21/2015,11/25/2015,Standard Class,EH-13990,Erica Hackney,Consumer,United States,Houston,Texas,77041,Central,TEC-PH-10004539,Technology,Phones,Wireless Extenders zBoost YX545 SOHO Signal Booster,151.192,1,0.2,13.2293
CA-2013-114482,11/22/2015,11/26/2015,Second Class,DM-13345,Denise Monton,Corporate,United States,Des Moines,Iowa,50315,Central,OFF-PA-10003845,Office Supplies,Paper,Xerox 1987,40.46,7,0,19.8254
CA-2013-114482,11/22/2015,11/26/2015,Second Class,DM-13345,Denise Monton,Corporate,United States,Des Moines,Iowa,50315,Central,TEC-PH-10001580,Technology,Phones,Logitech Mobile Speakerphone P710e - speaker phone,404.94,3,0,109.3338
CA-2013-146157,11/22/2015,11/27/2015,Standard Class,RD-19720,Roger Demir,Consumer,United States,Chicago,Illinois,60610,Central,OFF-PA-10001790,Office Supplies,Paper,Xerox 1910,38.432,1,0.2,13.4512
CA-2013-146157,11/22/2015,11/27/2015,Standard Class,RD-19720,Roger Demir,Consumer,United States,Chicago,Illinois,60610,Central,OFF-ST-10001590,Office Supplies,Storage,"Tenex Personal Project File with Scoop Front Design, Black",21.568,2,0.2,1.6176
CA-2013-146157,11/22/2015,11/27/2015,Standard Class,RD-19720,Roger Demir,Consumer,United States,Chicago,Illinois,60610,Central,TEC-AC-10003657,Technology,Accessories,Lenovo 17-Key USB Numeric Keypad,81.576,3,0.2,2.0394
CA-2013-131576,11/23/2015,11/27/2015,Standard Class,RD-19585,Rob Dowd,Consumer,United States,Detroit,Michigan,48205,Central,OFF-BI-10002852,Office Supplies,Binders,Ibico Standard Transparent Covers,49.44,3,0,24.2256
US-2013-132577,11/23/2015,11/28/2015,Standard Class,JE-15475,Jeremy Ellison,Consumer,United States,Houston,Texas,77095,Central,OFF-BI-10004040,Office Supplies,Binders,Wilson Jones Impact Binders,6.216,6,0.8,-9.6348
US-2013-132577,11/23/2015,11/28/2015,Standard Class,JE-15475,Jeremy Ellison,Consumer,United States,Houston,Texas,77095,Central,OFF-AR-10003481,Office Supplies,Art,Newell 348,23.616,9,0.2,2.6568
US-2013-132577,11/23/2015,11/28/2015,Standard Class,JE-15475,Jeremy Ellison,Consumer,United States,Houston,Texas,77095,Central,TEC-AC-10000387,Technology,Accessories,KeyTronic KT800P2 - Keyboard - Black,24.032,2,0.2,-0.6008
US-2013-132577,11/23/2015,11/28/2015,Standard Class,JE-15475,Jeremy Ellison,Consumer,United States,Houston,Texas,77095,Central,OFF-LA-10000262,Office Supplies,Labels,Avery 494,2.088,1,0.2,0.6786
US-2013-132577,11/23/2015,11/28/2015,Standard Class,JE-15475,Jeremy Ellison,Consumer,United States,Houston,Texas,77095,Central,OFF-BI-10003196,Office Supplies,Binders,Accohide Poly Flexible Ring Binders,4.488,6,0.8,-6.732
CA-2013-128531,11/25/2015,11/27/2015,Second Class,NS-18505,Neola Schneider,Consumer,United States,Dallas,Texas,75217,Central,OFF-ST-10001325,Office Supplies,Storage,Sterilite Officeware Hinged File Box,41.92,5,0.2,3.668
CA-2013-128531,11/25/2015,11/27/2015,Second Class,NS-18505,Neola Schneider,Consumer,United States,Dallas,Texas,75217,Central,TEC-AC-10002049,Technology,Accessories,Logitech G19 Programmable Gaming Keyboard,297.576,3,0.2,-7.4394
CA-2013-128531,11/25/2015,11/27/2015,Second Class,NS-18505,Neola Schneider,Consumer,United States,Dallas,Texas,75217,Central,OFF-FA-10002676,Office Supplies,Fasteners,Colored Push Pins,4.344,3,0.2,0.8688
CA-2013-128531,11/25/2015,11/27/2015,Second Class,NS-18505,Neola Schneider,Consumer,United States,Dallas,Texas,75217,Central,TEC-AC-10003023,Technology,Accessories,Logitech G105 Gaming Keyboard,94.992,2,0.2,-2.3748
CA-2013-128531,11/25/2015,11/27/2015,Second Class,NS-18505,Neola Schneider,Consumer,United States,Dallas,Texas,75217,Central,OFF-PA-10000167,Office Supplies,Paper,Xerox 1925,74.352,3,0.2,23.235
CA-2013-128531,11/25/2015,11/27/2015,Second Class,NS-18505,Neola Schneider,Consumer,United States,Dallas,Texas,75217,Central,OFF-AR-10003405,Office Supplies,Art,"Dixon My First Ticonderoga Pencil, #2",14.04,3,0.2,1.5795
CA-2013-132731,11/25/2015,11/29/2015,Standard Class,GA-14515,George Ashbrook,Consumer,United States,Dallas,Texas,75081,Central,TEC-PH-10004120,Technology,Phones,AT&T 1080 Phone,657.552,6,0.2,49.3164
CA-2013-169838,11/26/2015,11/30/2015,Standard Class,BB-11545,Brenda Bowman,Corporate,United States,Jackson,Michigan,49201,Central,FUR-TA-10001095,Furniture,Tables,Chromcraft Round Conference Tables,1568.61,9,0,329.4081
CA-2013-169838,11/26/2015,11/30/2015,Standard Class,BB-11545,Brenda Bowman,Corporate,United States,Jackson,Michigan,49201,Central,OFF-BI-10004002,Office Supplies,Binders,Wilson Jones International Size A4 Ring Binders,17.3,1,0,8.304
CA-2013-169838,11/26/2015,11/30/2015,Standard Class,BB-11545,Brenda Bowman,Corporate,United States,Jackson,Michigan,49201,Central,TEC-AC-10004518,Technology,Accessories,Memorex Mini Travel Drive 32 GB USB 2.0 Flash Drive,160,8,0,62.4
CA-2013-106915,11/27/2015,12/3/2015,Standard Class,GA-14515,George Ashbrook,Consumer,United States,El Paso,Texas,79907,Central,OFF-AR-10000716,Office Supplies,Art,DIXON Ticonderoga Erasable Checking Pencils,17.856,4,0.2,4.2408
CA-2013-129686,11/28/2015,11/30/2015,Second Class,GG-14650,Greg Guthrie,Corporate,United States,Chicago,Illinois,60623,Central,OFF-ST-10004337,Office Supplies,Storage,"SAFCO Commercial Wire Shelving, 72h",97.984,2,0.2,-24.496
CA-2013-129686,11/28/2015,11/30/2015,Second Class,GG-14650,Greg Guthrie,Corporate,United States,Chicago,Illinois,60623,Central,TEC-AC-10001266,Technology,Accessories,Memorex Micro Travel Drive 8 GB,62.4,6,0.2,19.5
CA-2013-162313,11/28/2015,12/1/2015,First Class,VB-21745,Victoria Brennan,Corporate,United States,Lincoln Park,Michigan,48146,Central,OFF-AP-10003842,Office Supplies,Appliances,Euro-Pro Shark Turbo Vacuum,167.292,6,0.1,29.7408
CA-2013-144911,11/28/2015,12/1/2015,First Class,RW-19630,Rob Williams,Corporate,United States,Overland Park,Kansas,66212,Central,TEC-AC-10004633,Technology,Accessories,"Verbatim 25 GB 6x Blu-ray Single Layer Recordable Disc, 3/Pack",34.95,5,0,15.378
CA-2013-144911,11/28/2015,12/1/2015,First Class,RW-19630,Rob Williams,Corporate,United States,Overland Park,Kansas,66212,Central,OFF-BI-10000977,Office Supplies,Binders,Ibico Plastic Spiral Binding Combs,152,5,0,69.92
US-2013-131674,11/30/2015,12/2/2015,Second Class,NC-18535,Nick Crebassa,Corporate,United States,Dallas,Texas,75217,Central,TEC-AC-10004864,Technology,Accessories,Memorex Micro Travel Drive 32 GB,58.416,2,0.2,16.7946
CA-2013-160241,11/30/2015,12/5/2015,Second Class,DR-12940,Daniel Raglin,Home Office,United States,Aurora,Illinois,60505,Central,FUR-FU-10003806,Furniture,Furnishings,"Tenex Chairmat w/ Average Lip, 45"" x 53""",242.176,4,0.6,-302.72
CA-2013-156748,12/1/2015,12/7/2015,Standard Class,BS-11755,Bruce Stewart,Consumer,United States,Detroit,Michigan,48227,Central,OFF-PA-10000380,Office Supplies,Paper,"REDIFORM Incoming/Outgoing Call Register, 11"" X 8 1/2"", 100 Messages",33.36,4,0,16.68
CA-2013-156748,12/1/2015,12/7/2015,Standard Class,BS-11755,Bruce Stewart,Consumer,United States,Detroit,Michigan,48227,Central,OFF-PA-10002713,Office Supplies,Paper,"Adams Phone Message Book, 200 Message Capacity, 8 1/16” x 11”",13.76,2,0,6.3296
CA-2013-156748,12/1/2015,12/7/2015,Standard Class,BS-11755,Bruce Stewart,Consumer,United States,Detroit,Michigan,48227,Central,OFF-ST-10001370,Office Supplies,Storage,Sensible Storage WireTech Storage Systems,496.86,7,0,24.843
CA-2013-156748,12/1/2015,12/7/2015,Standard Class,BS-11755,Bruce Stewart,Consumer,United States,Detroit,Michigan,48227,Central,FUR-CH-10000513,Furniture,Chairs,High-Back Leather Manager's Chair,389.97,3,0,35.0973
CA-2013-129903,12/2/2015,12/5/2015,Second Class,GZ-14470,Gary Zandusky,Consumer,United States,Rochester,Minnesota,55901,Central,OFF-PA-10004040,Office Supplies,Paper,Universal Premium White Copier/Laser Paper (20Lb. and 87 Bright),23.92,4,0,11.7208
CA-2013-136434,12/2/2015,12/8/2015,Standard Class,RD-19480,Rick Duston,Consumer,United States,Richmond,Indiana,47374,Central,FUR-FU-10001196,Furniture,Furnishings,DAX Cubicle Frames - 8x10,17.31,3,0,5.193
CA-2013-130393,12/2/2015,12/4/2015,Second Class,JM-15865,John Murray,Consumer,United States,San Angelo,Texas,76903,Central,FUR-CH-10002647,Furniture,Chairs,"Situations Contoured Folding Chairs, 4/Set",248.43,5,0.3,-17.745
CA-2013-130393,12/2/2015,12/4/2015,Second Class,JM-15865,John Murray,Consumer,United States,San Angelo,Texas,76903,Central,OFF-AP-10004859,Office Supplies,Appliances,Acco 6 Outlet Guardian Premium Surge Suppressor,11.648,4,0.8,-30.8672
CA-2013-130393,12/2/2015,12/4/2015,Second Class,JM-15865,John Murray,Consumer,United States,San Angelo,Texas,76903,Central,FUR-CH-10004477,Furniture,Chairs,"Global Push Button Manager's Chair, Indigo",85.246,2,0.3,-1.2178
CA-2013-105354,12/3/2015,12/7/2015,Standard Class,PW-19030,Pauline Webber,Corporate,United States,Marion,Iowa,52302,Central,OFF-BI-10001107,Office Supplies,Binders,"GBC White Gloss Covers, Plain Front",115.84,8,0,54.4448
CA-2013-164770,12/3/2015,12/5/2015,Second Class,MY-18295,Muhammed Yedwab,Corporate,United States,Houston,Texas,77036,Central,FUR-BO-10003893,Furniture,Bookcases,Sauder Camden County Collection Library,781.864,10,0.32,-137.976
CA-2013-164770,12/3/2015,12/5/2015,Second Class,MY-18295,Muhammed Yedwab,Corporate,United States,Houston,Texas,77036,Central,OFF-PA-10003893,Office Supplies,Paper,Xerox 1962,30.816,9,0.2,9.63
CA-2013-122063,12/4/2015,12/8/2015,Standard Class,MM-17920,Michael Moore,Consumer,United States,Richmond,Indiana,47374,Central,FUR-TA-10004575,Furniture,Tables,Hon 5100 Series Wood Tables,581.96,2,0,104.7528
CA-2013-122063,12/4/2015,12/8/2015,Standard Class,MM-17920,Michael Moore,Consumer,United States,Richmond,Indiana,47374,Central,FUR-CH-10004754,Furniture,Chairs,"Global Stack Chair with Arms, Black",29.98,1,0,8.0946
CA-2013-114489,12/6/2015,12/10/2015,Standard Class,JE-16165,Justin Ellison,Corporate,United States,Franklin,Wisconsin,53132,Central,TEC-PH-10000215,Technology,Phones,Plantronics Cordless Phone Headset with In-line Volume - M214C,384.45,11,0,103.8015
CA-2013-114489,12/6/2015,12/10/2015,Standard Class,JE-16165,Justin Ellison,Corporate,United States,Franklin,Wisconsin,53132,Central,TEC-PH-10001448,Technology,Phones,Anker Astro 15000mAh USB Portable Charger,149.97,3,0,5.9988
CA-2013-114489,12/6/2015,12/10/2015,Standard Class,JE-16165,Justin Ellison,Corporate,United States,Franklin,Wisconsin,53132,Central,FUR-CH-10000454,Furniture,Chairs,"Hon Deluxe Fabric Upholstered Stacking Chairs, Rounded Back",1951.84,8,0,585.552
CA-2013-114489,12/6/2015,12/10/2015,Standard Class,JE-16165,Justin Ellison,Corporate,United States,Franklin,Wisconsin,53132,Central,OFF-BI-10002735,Office Supplies,Binders,GBC Prestige Therm-A-Bind Covers,171.55,5,0,80.6285
CA-2013-145009,12/6/2015,12/9/2015,Second Class,RF-19345,Randy Ferguson,Corporate,United States,Chicago,Illinois,60610,Central,OFF-LA-10004853,Office Supplies,Labels,Avery 483,11.952,3,0.2,3.8844
CA-2013-163636,12/6/2015,12/10/2015,Second Class,MP-18175,Mike Pelletier,Home Office,United States,Chicago,Illinois,60623,Central,OFF-AR-10001547,Office Supplies,Art,Newell 311,3.536,2,0.2,0.3094
CA-2013-117590,12/9/2015,12/11/2015,First Class,GH-14485,Gene Hale,Corporate,United States,Richardson,Texas,75080,Central,TEC-PH-10004977,Technology,Phones,GE 30524EE4,1097.544,7,0.2,123.4737
CA-2013-117590,12/9/2015,12/11/2015,First Class,GH-14485,Gene Hale,Corporate,United States,Richardson,Texas,75080,Central,FUR-FU-10003664,Furniture,Furnishings,"Electrix Architect's Clamp-On Swing Arm Lamp, Black",190.92,5,0.6,-147.963
CA-2013-134425,12/9/2015,12/13/2015,Second Class,QJ-19255,Quincy Jones,Corporate,United States,Saint Paul,Minnesota,55106,Central,TEC-PH-10003555,Technology,Phones,Motorola HK250 Universal Bluetooth Headset,114.95,5,0,2.299
CA-2013-160108,12/9/2015,12/13/2015,Standard Class,AG-10900,Arthur Gainer,Consumer,United States,Eau Claire,Wisconsin,54703,Central,FUR-BO-10003450,Furniture,Bookcases,"Bush Westfield Collection Bookcases, Dark Cherry Finish",405.86,7,0,32.4688
CA-2013-160108,12/9/2015,12/13/2015,Standard Class,AG-10900,Arthur Gainer,Consumer,United States,Eau Claire,Wisconsin,54703,Central,FUR-CH-10002335,Furniture,Chairs,Hon GuestStacker Chair,680.01,3,0,176.8026
CA-2013-137330,12/10/2015,12/14/2015,Standard Class,KB-16585,Ken Black,Corporate,United States,Fremont,Nebraska,68025,Central,OFF-AR-10000246,Office Supplies,Art,Newell 318,19.46,7,0,5.0596
CA-2013-137330,12/10/2015,12/14/2015,Standard Class,KB-16585,Ken Black,Corporate,United States,Fremont,Nebraska,68025,Central,OFF-AP-10001492,Office Supplies,Appliances,"Acco Six-Outlet Power Strip, 4' Cord Length",60.34,7,0,15.6884
CA-2013-128923,12/10/2015,12/14/2015,Standard Class,GB-14530,George Bell,Corporate,United States,Fort Worth,Texas,76106,Central,OFF-PA-10002250,Office Supplies,Paper,Things To Do Today Pad,9.392,2,0.2,3.2872
CA-2013-128923,12/10/2015,12/14/2015,Standard Class,GB-14530,George Bell,Corporate,United States,Fort Worth,Texas,76106,Central,OFF-AR-10000475,Office Supplies,Art,"Hunt BOSTON Vista Battery-Operated Pencil Sharpener, Black",9.328,1,0.2,0.8162
CA-2013-133340,12/10/2015,12/14/2015,Standard Class,LH-17155,Logan Haushalter,Consumer,United States,Jackson,Michigan,49201,Central,TEC-PH-10003988,Technology,Phones,"LF Elite 3D Dazzle Designer Hard Case Cover, Lf Stylus Pen and Wiper For Apple Iphone 5c Mini Lite",10.9,1,0,3.052
CA-2013-133340,12/10/2015,12/14/2015,Standard Class,LH-17155,Logan Haushalter,Consumer,United States,Jackson,Michigan,49201,Central,TEC-AC-10001109,Technology,Accessories,Logitech Trackman Marble Mouse,59.98,2,0,25.1916
CA-2013-133340,12/10/2015,12/14/2015,Standard Class,LH-17155,Logan Haushalter,Consumer,United States,Jackson,Michigan,49201,Central,OFF-AP-10002311,Office Supplies,Appliances,"Holmes Replacement Filter for HEPA Air Cleaner, Very Large Room, HEPA Filter",61.929,1,0.1,23.3954
US-2013-131114,12/10/2015,12/14/2015,Second Class,RW-19630,Rob Williams,Corporate,United States,Chicago,Illinois,60610,Central,OFF-SU-10001664,Office Supplies,Supplies,Acme Office Executive Series Stainless Steel Trimmers,20.568,3,0.2,1.5426
US-2013-131114,12/10/2015,12/14/2015,Second Class,RW-19630,Rob Williams,Corporate,United States,Chicago,Illinois,60610,Central,OFF-AP-10003971,Office Supplies,Appliances,Belkin 6 Outlet Metallic Surge Strip,4.356,2,0.8,-11.7612
US-2013-131114,12/10/2015,12/14/2015,Second Class,RW-19630,Rob Williams,Corporate,United States,Chicago,Illinois,60610,Central,TEC-AC-10000199,Technology,Accessories,Kingston Digital DataTraveler 8GB USB 2.0,19.04,4,0.2,-1.428
US-2013-143448,12/11/2015,12/11/2015,Same Day,MH-17455,Mark Hamilton,Consumer,United States,Greenwood,Indiana,46142,Central,FUR-CH-10003379,Furniture,Chairs,Global Commerce Series High-Back Swivel/Tilt Chairs,1424.9,5,0,356.225
CA-2013-139395,12/13/2015,12/19/2015,Standard Class,MG-17650,Matthew Grinstein,Home Office,United States,Jackson,Michigan,49201,Central,TEC-PH-10002103,Technology,Phones,Jabra SPEAK 410,657.93,7,0,184.2204
CA-2013-139395,12/13/2015,12/19/2015,Standard Class,MG-17650,Matthew Grinstein,Home Office,United States,Jackson,Michigan,49201,Central,FUR-FU-10003724,Furniture,Furnishings,Westinghouse Clip-On Gooseneck Lamps,33.48,4,0,8.7048
CA-2013-139395,12/13/2015,12/19/2015,Standard Class,MG-17650,Matthew Grinstein,Home Office,United States,Jackson,Michigan,49201,Central,OFF-AR-10003732,Office Supplies,Art,Newell 333,13.9,5,0,3.614
CA-2013-139395,12/13/2015,12/19/2015,Standard Class,MG-17650,Matthew Grinstein,Home Office,United States,Jackson,Michigan,49201,Central,OFF-ST-10000885,Office Supplies,Storage,Fellowes Desktop Hanging File Manager,26.86,2,0,6.715
CA-2013-100153,12/14/2015,12/18/2015,Standard Class,KH-16630,Ken Heidel,Corporate,United States,Norman,Oklahoma,73071,Central,TEC-AC-10001772,Technology,Accessories,Memorex Mini Travel Drive 16 GB USB 2.0 Flash Drive,63.88,4,0,24.9132
CA-2013-142335,12/16/2015,12/20/2015,Standard Class,MP-17965,Michael Paige,Corporate,United States,Detroit,Michigan,48205,Central,FUR-TA-10000198,Furniture,Tables,Chromcraft Bull-Nose Wood Oval Conference Tables & Bases,1652.94,3,0,231.4116
CA-2013-142335,12/16/2015,12/20/2015,Standard Class,MP-17965,Michael Paige,Corporate,United States,Detroit,Michigan,48205,Central,OFF-ST-10000036,Office Supplies,Storage,"Recycled Data-Pak for Archival Bound Computer Printouts, 12-1/2 x 12-1/2 x 16",296.37,3,0,80.0199
US-2013-100419,12/17/2015,12/21/2015,Second Class,CC-12670,Craig Carreira,Consumer,United States,Chicago,Illinois,60610,Central,OFF-BI-10002194,Office Supplies,Binders,Cardinal Hold-It CD Pocket,4.788,3,0.8,-7.9002
CA-2013-147109,12/18/2015,12/22/2015,Standard Class,AH-10075,Adam Hart,Corporate,United States,Arlington,Texas,76017,Central,OFF-PA-10001972,Office Supplies,Paper,Xerox 214,51.84,10,0.2,18.144
CA-2013-147109,12/18/2015,12/22/2015,Standard Class,AH-10075,Adam Hart,Corporate,United States,Arlington,Texas,76017,Central,TEC-AC-10002942,Technology,Accessories,WD My Passport Ultra 1TB Portable External Hard Drive,165.6,3,0.2,-6.21
CA-2013-117121,12/18/2015,12/22/2015,Standard Class,AB-10105,Adrian Barton,Consumer,United States,Detroit,Michigan,48205,Central,OFF-BI-10000545,Office Supplies,Binders,GBC Ibimaster 500 Manual ProClick Binding System,9892.74,13,0,4946.37
CA-2013-147067,12/19/2015,12/23/2015,Standard Class,JD-16150,Justin Deggeller,Corporate,United States,Minneapolis,Minnesota,55407,Central,FUR-FU-10000732,Furniture,Furnishings,Eldon 200 Class Desk Accessories,18.84,3,0,6.0288
CA-2013-138597,12/19/2015,12/22/2015,First Class,PN-18775,Parhena Norris,Home Office,United States,Omaha,Nebraska,68104,Central,FUR-CH-10004997,Furniture,Chairs,Hon Every-Day Series Multi-Task Chairs,563.94,3,0,112.788
CA-2013-108364,12/20/2015,12/25/2015,Standard Class,BP-11050,Barry Pond,Corporate,United States,Chicago,Illinois,60623,Central,OFF-BI-10002012,Office Supplies,Binders,Wilson Jones Easy Flow II Sheet Lifters,1.8,5,0.8,-2.88
US-2013-157840,12/21/2015,12/24/2015,Second Class,MC-17575,Matt Collins,Consumer,United States,Fremont,Nebraska,68025,Central,OFF-PA-10003673,Office Supplies,Paper,Strathmore Photo Mount Cards,33.9,5,0,15.594
CA-2013-115574,12/24/2015,12/25/2015,First Class,BP-11185,Ben Peterman,Corporate,United States,Chicago,Illinois,60623,Central,FUR-BO-10003441,Furniture,Bookcases,"Bush Westfield Collection Bookcases, Fully Assembled",141.372,2,0.3,-14.1372
CA-2013-157868,12/24/2015,12/30/2015,Standard Class,MC-17590,Matt Collister,Corporate,United States,Grand Rapids,Michigan,49505,Central,OFF-FA-10000992,Office Supplies,Fasteners,"Acco Clips to Go Binder Clips, 24 Clips in Two Sizes",24.85,7,0,11.6795
CA-2013-132829,12/24/2015,12/27/2015,Second Class,LA-16780,Laura Armstrong,Corporate,United States,Houston,Texas,77041,Central,TEC-PH-10004539,Technology,Phones,Wireless Extenders zBoost YX545 SOHO Signal Booster,453.576,3,0.2,39.6879
CA-2013-132829,12/24/2015,12/27/2015,Second Class,LA-16780,Laura Armstrong,Corporate,United States,Houston,Texas,77041,Central,OFF-LA-10002945,Office Supplies,Labels,"Permanent Self-Adhesive File Folder Labels for Typewriters, 1 1/8 x 3 1/2, White",45.36,9,0.2,14.742
CA-2013-132829,12/24/2015,12/27/2015,Second Class,LA-16780,Laura Armstrong,Corporate,United States,Houston,Texas,77041,Central,TEC-PH-10004345,Technology,Phones,Cisco SPA 502G IP Phone,287.88,3,0.2,35.985
CA-2013-132829,12/24/2015,12/27/2015,Second Class,LA-16780,Laura Armstrong,Corporate,United States,Houston,Texas,77041,Central,TEC-PH-10004912,Technology,Phones,Cisco SPA112 2 Port Phone Adapter,131.88,3,0.2,14.8365
CA-2013-132829,12/24/2015,12/27/2015,Second Class,LA-16780,Laura Armstrong,Corporate,United States,Houston,Texas,77041,Central,FUR-FU-10000206,Furniture,Furnishings,"GE General Purpose, Extra Long Life, Showcase & Floodlight Incandescent Bulbs",2.328,2,0.6,-0.7566
US-2013-162852,12/28/2015,1/1/2016,Standard Class,BG-11695,Brooke Gillingham,Corporate,United States,Woodstock,Illinois,60098,Central,FUR-CH-10004853,Furniture,Chairs,"Global Manager's Adjustable Task Chair, Storm",845.488,8,0.3,-12.0784
CA-2013-162726,12/28/2015,1/3/2016,Standard Class,MT-17815,Meg Tillman,Consumer,United States,Port Arthur,Texas,77642,Central,OFF-PA-10001972,Office Supplies,Paper,Xerox 214,10.368,2,0.2,3.6288
CA-2013-162726,12/28/2015,1/3/2016,Standard Class,MT-17815,Meg Tillman,Consumer,United States,Port Arthur,Texas,77642,Central,OFF-PA-10004041,Office Supplies,Paper,"It's Hot Message Books with Stickers, 2 3/4"" x 5""",23.68,4,0.2,7.4
CA-2013-156300,12/30/2015,1/3/2016,Standard Class,TB-21595,Troy Blackwell,Consumer,United States,Milwaukee,Wisconsin,53209,Central,FUR-CH-10001714,Furniture,Chairs,"Global Leather & Oak Executive Chair, Burgundy",754.45,5,0,60.356
CA-2013-124051,12/30/2015,12/31/2015,First Class,KA-16525,Kelly Andreada,Consumer,United States,Aurora,Illinois,60505,Central,OFF-PA-10001289,Office Supplies,Paper,White Computer Printout Paper by Universal,186.048,6,0.2,67.4424
CA-2013-122014,12/30/2015,1/3/2016,Standard Class,CD-11920,Carlos Daly,Consumer,United States,Wichita,Kansas,67212,Central,FUR-FU-10000672,Furniture,Furnishings,"Executive Impressions 10"" Spectator Wall Clock",70.56,6,0,23.9904
CA-2013-122014,12/30/2015,1/3/2016,Standard Class,CD-11920,Carlos Daly,Consumer,United States,Wichita,Kansas,67212,Central,OFF-AP-10001293,Office Supplies,Appliances,Belkin 8 Outlet Surge Protector,81.96,2,0,22.9488
CA-2013-117226,12/31/2015,1/2/2016,First Class,KD-16495,Keith Dawkins,Corporate,United States,Deer Park,Texas,77536,Central,OFF-BI-10004654,Office Supplies,Binders,Avery Binding System Hidden Tab Executive Style Index Sets,6.924,6,0.8,-10.386
CA-2014-154466,1/2/2016,1/3/2016,First Class,DP-13390,Dennis Pardue,Home Office,United States,Franklin,Wisconsin,53132,Central,OFF-BI-10002012,Office Supplies,Binders,Wilson Jones Easy Flow II Sheet Lifters,3.6,2,0,1.728
CA-2014-151750,1/2/2016,1/6/2016,Standard Class,JM-15250,Janet Martin,Consumer,United States,Huntsville,Texas,77340,Central,OFF-ST-10002743,Office Supplies,Storage,SAFCO Boltless Steel Shelving,454.56,5,0.2,-107.958
CA-2014-151750,1/2/2016,1/6/2016,Standard Class,JM-15250,Janet Martin,Consumer,United States,Huntsville,Texas,77340,Central,FUR-FU-10002116,Furniture,Furnishings,"Tenex Carpeted, Granite-Look or Clear Contemporary Contour Shape Chair Mats",141.42,5,0.6,-187.3815
CA-2014-151750,1/2/2016,1/6/2016,Standard Class,JM-15250,Janet Martin,Consumer,United States,Huntsville,Texas,77340,Central,FUR-CH-10003199,Furniture,Chairs,Office Star - Contemporary Task Swivel Chair,310.744,4,0.3,-26.6352
CA-2014-151750,1/2/2016,1/6/2016,Standard Class,JM-15250,Janet Martin,Consumer,United States,Huntsville,Texas,77340,Central,OFF-AR-10003158,Office Supplies,Art,Fluorescent Highlighters by Dixon,12.736,4,0.2,2.2288
CA-2014-151750,1/2/2016,1/6/2016,Standard Class,JM-15250,Janet Martin,Consumer,United States,Huntsville,Texas,77340,Central,OFF-BI-10000301,Office Supplies,Binders,GBC Instant Report Kit,6.47,5,0.8,-9.705
CA-2014-151750,1/2/2016,1/6/2016,Standard Class,JM-15250,Janet Martin,Consumer,United States,Huntsville,Texas,77340,Central,OFF-BI-10000343,Office Supplies,Binders,"Pressboard Covers with Storage Hooks, 9 1/2"" x 11"", Light Blue",13.748,14,0.8,-22.6842
CA-2014-151750,1/2/2016,1/6/2016,Standard Class,JM-15250,Janet Martin,Consumer,United States,Huntsville,Texas,77340,Central,OFF-AP-10004708,Office Supplies,Appliances,Fellowes Superior 10 Outlet Split Surge Protector,15.224,2,0.8,-38.8212
CA-2014-147207,1/3/2016,1/5/2016,Second Class,TS-21655,Trudy Schmidt,Consumer,United States,El Paso,Texas,79907,Central,OFF-AR-10001955,Office Supplies,Art,Newell 319,31.744,2,0.2,3.968
CA-2014-147207,1/3/2016,1/5/2016,Second Class,TS-21655,Trudy Schmidt,Consumer,United States,El Paso,Texas,79907,Central,OFF-AP-10000027,Office Supplies,Appliances,Hoover Commercial SteamVac,5.432,2,0.8,-13.58
CA-2014-147207,1/3/2016,1/5/2016,Second Class,TS-21655,Trudy Schmidt,Consumer,United States,El Paso,Texas,79907,Central,FUR-TA-10002958,Furniture,Tables,"Bevis Oval Conference Table, Walnut",913.43,5,0.3,-169.637
CA-2014-147207,1/3/2016,1/5/2016,Second Class,TS-21655,Trudy Schmidt,Consumer,United States,El Paso,Texas,79907,Central,OFF-ST-10002615,Office Supplies,Storage,"Dual Level, Single-Width Filing Carts",372.144,3,0.2,27.9108
CA-2014-159366,1/8/2016,1/11/2016,First Class,BW-11110,Bart Watters,Corporate,United States,Detroit,Michigan,48205,Central,TEC-MA-10000822,Technology,Machines,Lexmark MX611dhe Monochrome Laser Printer,3059.982,2,0.1,679.996
US-2014-148551,1/13/2016,1/17/2016,Standard Class,DB-13120,David Bremer,Corporate,United States,Dallas,Texas,75217,Central,OFF-BI-10000545,Office Supplies,Binders,GBC Ibimaster 500 Manual ProClick Binding System,760.98,5,0.8,-1141.47
US-2014-167402,1/14/2016,1/19/2016,Second Class,CP-12085,Cathy Prescott,Corporate,United States,Springfield,Missouri,65807,Central,OFF-PA-10004983,Office Supplies,Paper,Xerox 23,32.4,5,0,15.552
US-2014-167402,1/14/2016,1/19/2016,Second Class,CP-12085,Cathy Prescott,Corporate,United States,Springfield,Missouri,65807,Central,OFF-AR-10004010,Office Supplies,Art,Hunt Boston Vacuum Mount KS Pencil Sharpener,209.94,6,0,54.5844
US-2014-167402,1/14/2016,1/19/2016,Second Class,CP-12085,Cathy Prescott,Corporate,United States,Springfield,Missouri,65807,Central,OFF-SU-10002881,Office Supplies,Supplies,Martin Yale Chadless Opener Electric Letter Opener,4164.05,5,0,83.281
US-2014-167402,1/14/2016,1/19/2016,Second Class,CP-12085,Cathy Prescott,Corporate,United States,Springfield,Missouri,65807,Central,FUR-BO-10001608,Furniture,Bookcases,"Hon Metal Bookcases, Black",212.94,3,0,53.235
CA-2014-113278,1/15/2016,1/21/2016,Standard Class,HR-14770,Hallie Redmond,Home Office,United States,Richmond,Indiana,47374,Central,OFF-ST-10001590,Office Supplies,Storage,"Tenex Personal Project File with Scoop Front Design, Black",67.4,5,0,17.524
CA-2014-113278,1/15/2016,1/21/2016,Standard Class,HR-14770,Hallie Redmond,Home Office,United States,Richmond,Indiana,47374,Central,OFF-FA-10003472,Office Supplies,Fasteners,Bagged Rubber Bands,2.52,2,0,0.1008
CA-2014-113278,1/15/2016,1/21/2016,Standard Class,HR-14770,Hallie Redmond,Home Office,United States,Richmond,Indiana,47374,Central,TEC-PH-10000169,Technology,Phones,ARKON Windshield Dashboard Air Vent Car Mount Holder,67.8,4,0,1.356
CA-2014-113278,1/15/2016,1/21/2016,Standard Class,HR-14770,Hallie Redmond,Home Office,United States,Richmond,Indiana,47374,Central,OFF-ST-10002562,Office Supplies,Storage,Staple magnet,18.76,2,0,5.2528
CA-2014-113278,1/15/2016,1/21/2016,Standard Class,HR-14770,Hallie Redmond,Home Office,United States,Richmond,Indiana,47374,Central,TEC-AC-10001445,Technology,Accessories,Imation USB 2.0 Swivel Flash Drive USB flash drive - 4 GB - Pink,12.12,4,0,2.5452
CA-2014-113278,1/15/2016,1/21/2016,Standard Class,HR-14770,Hallie Redmond,Home Office,United States,Richmond,Indiana,47374,Central,OFF-PA-10004156,Office Supplies,Paper,Xerox 188,11.34,1,0,5.5566
CA-2014-113278,1/15/2016,1/21/2016,Standard Class,HR-14770,Hallie Redmond,Home Office,United States,Richmond,Indiana,47374,Central,TEC-AC-10004469,Technology,Accessories,Microsoft Sculpt Comfort Mouse,159.8,4,0,70.312
CA-2014-113278,1/15/2016,1/21/2016,Standard Class,HR-14770,Hallie Redmond,Home Office,United States,Richmond,Indiana,47374,Central,FUR-FU-10001037,Furniture,Furnishings,"DAX Charcoal/Nickel-Tone Document Frame, 5 x 7",18.96,2,0,8.532
US-2014-104661,1/16/2016,1/19/2016,First Class,TB-21250,Tim Brockman,Consumer,United States,Austin,Texas,78745,Central,OFF-BI-10001597,Office Supplies,Binders,"Wilson Jones Ledger-Size, Piano-Hinge Binder, 2"", Blue",32.784,4,0.8,-52.4544
US-2014-104661,1/16/2016,1/19/2016,First Class,TB-21250,Tim Brockman,Consumer,United States,Austin,Texas,78745,Central,TEC-AC-10003628,Technology,Accessories,Logitech 910-002974 M325 Wireless Mouse for Web Scrolling,47.984,2,0.2,14.3952
US-2014-104661,1/16/2016,1/19/2016,First Class,TB-21250,Tim Brockman,Consumer,United States,Austin,Texas,78745,Central,TEC-AC-10002331,Technology,Accessories,"Maxell 74 Minute CDR, 10/Pack",62.592,8,0.2,13.3008
US-2014-104661,1/16/2016,1/19/2016,First Class,TB-21250,Tim Brockman,Consumer,United States,Austin,Texas,78745,Central,OFF-BI-10001098,Office Supplies,Binders,Acco D-Ring Binder w/DublLock,4.276,1,0.8,-6.6278
CA-2014-138289,1/17/2016,1/19/2016,Second Class,AR-10540,Andy Reiter,Consumer,United States,Jackson,Michigan,49201,Central,OFF-BI-10004995,Office Supplies,Binders,GBC DocuBind P400 Electric Binding System,5443.96,4,0,2504.2216
CA-2014-138289,1/17/2016,1/19/2016,Second Class,AR-10540,Andy Reiter,Consumer,United States,Jackson,Michigan,49201,Central,FUR-CH-10004626,Furniture,Chairs,Office Star Flex Back Scooter Chair with Aluminum Finish Frame,302.67,3,0,72.6408
CA-2014-138289,1/17/2016,1/19/2016,Second Class,AR-10540,Andy Reiter,Consumer,United States,Jackson,Michigan,49201,Central,OFF-PA-10001260,Office Supplies,Paper,"TOPS Money Receipt Book, Consecutively Numbered in Red,",56.07,7,0,25.2315
CA-2014-154718,1/20/2016,1/24/2016,Second Class,DL-12865,Dan Lawera,Consumer,United States,Keller,Texas,76248,Central,OFF-LA-10003714,Office Supplies,Labels,Avery 510,6,2,0.2,2.1
CA-2014-152079,1/21/2016,1/22/2016,First Class,ML-17410,Maris LaWare,Consumer,United States,Chicago,Illinois,60653,Central,OFF-LA-10001613,Office Supplies,Labels,Avery File Folder Labels,11.52,5,0.2,4.176
CA-2014-127026,1/22/2016,1/28/2016,Standard Class,MH-18115,Mick Hernandez,Home Office,United States,Jackson,Michigan,49201,Central,OFF-BI-10000546,Office Supplies,Binders,Avery Durable Binders,14.4,5,0,7.056
CA-2014-127026,1/22/2016,1/28/2016,Standard Class,MH-18115,Mick Hernandez,Home Office,United States,Jackson,Michigan,49201,Central,TEC-AC-10002049,Technology,Accessories,Logitech G19 Programmable Gaming Keyboard,619.95,5,0,111.591
CA-2014-127026,1/22/2016,1/28/2016,Standard Class,MH-18115,Mick Hernandez,Home Office,United States,Jackson,Michigan,49201,Central,OFF-BI-10001196,Office Supplies,Binders,"Avery Flip-Chart Easel Binder, Black",89.52,4,0,42.0744
CA-2014-127026,1/22/2016,1/28/2016,Standard Class,MH-18115,Mick Hernandez,Home Office,United States,Jackson,Michigan,49201,Central,TEC-MA-10002981,Technology,Machines,I.R.I.S IRISCard Anywhere 5 Card Scanner,350.973,3,0.1,152.0883
CA-2014-127026,1/22/2016,1/28/2016,Standard Class,MH-18115,Mick Hernandez,Home Office,United States,Jackson,Michigan,49201,Central,TEC-PH-10003601,Technology,Phones,"Ativa D5772 2-Line 5.8GHz Digital Expandable Corded/Cordless Phone System with Answering & Caller ID/Call Waiting, Black/Silver",164.99,1,0,49.497
CA-2014-141782,1/22/2016,1/26/2016,Standard Class,BE-11410,Bobby Elias,Consumer,United States,Aurora,Illinois,60505,Central,OFF-EN-10002230,Office Supplies,Envelopes,Airmail Envelopes,268.576,4,0.2,90.6444
CA-2014-152499,1/23/2016,1/26/2016,Second Class,EH-13765,Edward Hooks,Corporate,United States,Chicago,Illinois,60623,Central,OFF-FA-10002975,Office Supplies,Fasteners,Staples,15.12,5,0.2,4.914
CA-2014-152499,1/23/2016,1/26/2016,Second Class,EH-13765,Edward Hooks,Corporate,United States,Chicago,Illinois,60623,Central,OFF-AR-10003481,Office Supplies,Art,Newell 348,7.872,3,0.2,0.8856
CA-2014-145142,1/24/2016,1/26/2016,First Class,MC-17605,Matt Connell,Corporate,United States,Detroit,Michigan,48234,Central,FUR-TA-10001857,Furniture,Tables,Balt Solid Wood Rectangular Table,210.98,2,0,21.098
CA-2014-164098,1/27/2016,1/28/2016,First Class,CG-12520,Claire Gute,Consumer,United States,Houston,Texas,77070,Central,OFF-ST-10000615,Office Supplies,Storage,"SimpliFile Personal File, Black Granite, 15w x 6-15/16d x 11-1/4h",18.16,2,0.2,1.816
US-2014-147984,1/29/2016,2/2/2016,Standard Class,GB-14575,Giulietta Baptist,Consumer,United States,Wichita,Kansas,67212,Central,OFF-PA-10000806,Office Supplies,Paper,Xerox 1934,279.9,5,0,137.151
US-2014-127341,1/30/2016,2/3/2016,Standard Class,CK-12595,Clytie Kelty,Consumer,United States,Chicago,Illinois,60653,Central,OFF-BI-10001072,Office Supplies,Binders,"GBC Clear Cover, 8-1/2 x 11, unpunched, 25 covers per pack",12.128,4,0.8,-20.6176
CA-2014-160927,1/30/2016,2/1/2016,Second Class,TM-21010,Tamara Manning,Consumer,United States,Marion,Iowa,52302,Central,OFF-PA-10003848,Office Supplies,Paper,Xerox 1997,12.96,2,0,6.2208
CA-2014-160927,1/30/2016,2/1/2016,Second Class,TM-21010,Tamara Manning,Consumer,United States,Marion,Iowa,52302,Central,OFF-PA-10000176,Office Supplies,Paper,Xerox 1887,94.85,5,0,45.528
CA-2014-160927,1/30/2016,2/1/2016,Second Class,TM-21010,Tamara Manning,Consumer,United States,Marion,Iowa,52302,Central,OFF-ST-10001590,Office Supplies,Storage,"Tenex Personal Project File with Scoop Front Design, Black",13.48,1,0,3.5048
CA-2014-160927,1/30/2016,2/1/2016,Second Class,TM-21010,Tamara Manning,Consumer,United States,Marion,Iowa,52302,Central,FUR-FU-10000010,Furniture,Furnishings,"DAX Value U-Channel Document Frames, Easel Back",14.91,3,0,4.6221
CA-2014-104220,1/31/2016,2/6/2016,Standard Class,BV-11245,Benjamin Venier,Corporate,United States,Des Moines,Iowa,50315,Central,OFF-BI-10001036,Office Supplies,Binders,Cardinal EasyOpen D-Ring Binders,18.28,2,0,9.14
CA-2014-104220,1/31/2016,2/6/2016,Standard Class,BV-11245,Benjamin Venier,Corporate,United States,Des Moines,Iowa,50315,Central,TEC-PH-10004614,Technology,Phones,AT&T 841000 Phone,207,3,0,51.75
CA-2014-104220,1/31/2016,2/6/2016,Standard Class,BV-11245,Benjamin Venier,Corporate,United States,Des Moines,Iowa,50315,Central,OFF-BI-10000301,Office Supplies,Binders,GBC Instant Report Kit,32.35,5,0,16.175
CA-2014-104220,1/31/2016,2/6/2016,Standard Class,BV-11245,Benjamin Venier,Corporate,United States,Des Moines,Iowa,50315,Central,OFF-BI-10003910,Office Supplies,Binders,DXL Angle-View Binders with Locking Rings by Samsill,7.71,1,0,3.4695
CA-2014-104220,1/31/2016,2/6/2016,Standard Class,BV-11245,Benjamin Venier,Corporate,United States,Des Moines,Iowa,50315,Central,OFF-AR-10004648,Office Supplies,Art,Boston 19500 Mighty Mite Electric Pencil Sharpener,40.3,2,0,10.881
CA-2014-104220,1/31/2016,2/6/2016,Standard Class,BV-11245,Benjamin Venier,Corporate,United States,Des Moines,Iowa,50315,Central,FUR-FU-10002597,Furniture,Furnishings,"C-Line Magnetic Cubicle Keepers, Clear Polypropylene",34.58,7,0,14.5236
CA-2014-121790,1/31/2016,2/7/2016,Standard Class,LP-17095,Liz Preis,Consumer,United States,Aurora,Illinois,60505,Central,FUR-TA-10003469,Furniture,Tables,Balt Split Level Computer Training Table,69.375,1,0.5,-47.175
CA-2014-121790,1/31/2016,2/7/2016,Standard Class,LP-17095,Liz Preis,Consumer,United States,Aurora,Illinois,60505,Central,OFF-SU-10004231,Office Supplies,Supplies,Acme Tagit Stainless Steel Antibacterial Scissors,31.68,4,0.2,2.772
CA-2014-121790,1/31/2016,2/7/2016,Standard Class,LP-17095,Liz Preis,Consumer,United States,Aurora,Illinois,60505,Central,TEC-PH-10002584,Technology,Phones,Samsung Galaxy S4,2003.168,4,0.2,250.396
CA-2014-121790,1/31/2016,2/7/2016,Standard Class,LP-17095,Liz Preis,Consumer,United States,Aurora,Illinois,60505,Central,OFF-AR-10003602,Office Supplies,Art,"Quartet Omega Colored Chalk, 12/Pack",9.344,2,0.2,3.1536
CA-2014-127474,2/4/2016,2/8/2016,Second Class,RD-19810,Ross DeVincentis,Home Office,United States,Chicago,Illinois,60610,Central,OFF-PA-10001166,Office Supplies,Paper,Xerox 2,5.184,1,0.2,1.8144
CA-2014-127474,2/4/2016,2/8/2016,Second Class,RD-19810,Ross DeVincentis,Home Office,United States,Chicago,Illinois,60610,Central,OFF-PA-10001033,Office Supplies,Paper,Xerox 1893,65.584,2,0.2,23.7742
CA-2014-127474,2/4/2016,2/8/2016,Second Class,RD-19810,Ross DeVincentis,Home Office,United States,Chicago,Illinois,60610,Central,FUR-FU-10004597,Furniture,Furnishings,Eldon Cleatmat Chair Mats for Medium Pile Carpets,22.2,1,0.6,-26.085
CA-2014-127474,2/4/2016,2/8/2016,Second Class,RD-19810,Ross DeVincentis,Home Office,United States,Chicago,Illinois,60610,Central,OFF-PA-10000418,Office Supplies,Paper,Xerox 189,419.4,5,0.2,146.79
CA-2014-131282,2/6/2016,2/9/2016,Second Class,CB-12025,Cassandra Brandow,Consumer,United States,Waco,Texas,76706,Central,OFF-BI-10004632,Office Supplies,Binders,Ibico Hi-Tech Manual Binding System,243.992,4,0.8,-426.986
CA-2014-131282,2/6/2016,2/9/2016,Second Class,CB-12025,Cassandra Brandow,Consumer,United States,Waco,Texas,76706,Central,OFF-AR-10003087,Office Supplies,Art,Staples in misc. colors,7.12,5,0.2,0.712
CA-2014-118773,2/10/2016,2/15/2016,Standard Class,TP-21415,Tom Prescott,Consumer,United States,Houston,Texas,77070,Central,OFF-BI-10004584,Office Supplies,Binders,GBC ProClick 150 Presentation Binding System,252.784,4,0.8,-417.0936
CA-2014-118773,2/10/2016,2/15/2016,Standard Class,TP-21415,Tom Prescott,Consumer,United States,Houston,Texas,77070,Central,TEC-AC-10002402,Technology,Accessories,Razer Kraken PRO Over Ear PC and Music Headset,127.984,2,0.2,15.998
CA-2014-118773,2/10/2016,2/15/2016,Standard Class,TP-21415,Tom Prescott,Consumer,United States,Houston,Texas,77070,Central,FUR-FU-10000550,Furniture,Furnishings,Stacking Trays by OIC,3.984,2,0.6,-2.6892
CA-2014-118773,2/10/2016,2/15/2016,Standard Class,TP-21415,Tom Prescott,Consumer,United States,Houston,Texas,77070,Central,OFF-AP-10000055,Office Supplies,Appliances,Belkin F9S820V06 8 Outlet Surge,12.992,2,0.8,-32.48
CA-2014-154809,2/14/2016,2/18/2016,Standard Class,MH-17455,Mark Hamilton,Consumer,United States,Minneapolis,Minnesota,55407,Central,OFF-AP-10004785,Office Supplies,Appliances,"Holmes Replacement Filter for HEPA Air Cleaner, Medium Room",90.64,8,0,38.9752
CA-2014-163265,2/17/2016,2/22/2016,Standard Class,JS-16030,Joy Smith,Consumer,United States,Decatur,Illinois,62521,Central,OFF-FA-10004854,Office Supplies,Fasteners,"Vinyl Coated Wire Paper Clips in Organizer Box, 800/Box",18.368,2,0.2,6.1992
CA-2014-163265,2/17/2016,2/22/2016,Standard Class,JS-16030,Joy Smith,Consumer,United States,Decatur,Illinois,62521,Central,FUR-CH-10004063,Furniture,Chairs,Global Deluxe High-Back Manager's Chair,600.558,3,0.3,-8.5794
CA-2014-163265,2/17/2016,2/22/2016,Standard Class,JS-16030,Joy Smith,Consumer,United States,Decatur,Illinois,62521,Central,OFF-ST-10000642,Office Supplies,Storage,"Tennsco Lockers, Gray",50.352,3,0.2,-8.1822
CA-2014-163265,2/17/2016,2/22/2016,Standard Class,JS-16030,Joy Smith,Consumer,United States,Decatur,Illinois,62521,Central,OFF-AR-10004078,Office Supplies,Art,Newell 312,28.032,6,0.2,3.504
CA-2014-163265,2/17/2016,2/22/2016,Standard Class,JS-16030,Joy Smith,Consumer,United States,Decatur,Illinois,62521,Central,FUR-FU-10004270,Furniture,Furnishings,"Executive Impressions 13"" Clairmont Wall Clock",7.692,1,0.6,-3.6537
CA-2014-154039,2/18/2016,2/23/2016,Standard Class,JK-16120,Julie Kriz,Home Office,United States,Chicago,Illinois,60653,Central,FUR-TA-10001932,Furniture,Tables,"Chromcraft 48"" x 96"" Racetrack Double Pedestal Table",480.96,3,0.5,-269.3376
CA-2014-154039,2/18/2016,2/23/2016,Standard Class,JK-16120,Julie Kriz,Home Office,United States,Chicago,Illinois,60653,Central,TEC-PH-10002789,Technology,Phones,LG Exalt,124.792,1,0.2,10.9193
CA-2014-159149,2/18/2016,2/20/2016,First Class,CR-12820,Cyra Reiten,Home Office,United States,Houston,Texas,77041,Central,FUR-BO-10001601,Furniture,Bookcases,"Sauder Mission Library with Doors, Fruitwood Finish",89.0664,1,0.32,-17.0274
CA-2014-159149,2/18/2016,2/20/2016,First Class,CR-12820,Cyra Reiten,Home Office,United States,Houston,Texas,77041,Central,OFF-AR-10000937,Office Supplies,Art,"Dixon Ticonderoga Core-Lock Colored Pencils, 48-Color Set",175.44,6,0.2,52.632
CA-2014-159149,2/18/2016,2/20/2016,First Class,CR-12820,Cyra Reiten,Home Office,United States,Houston,Texas,77041,Central,TEC-PH-10000038,Technology,Phones,Jawbone MINI JAMBOX Wireless Bluetooth Speaker,438.336,4,0.2,-87.6672
CA-2014-150525,2/21/2016,2/26/2016,Standard Class,JP-16135,Julie Prescott,Home Office,United States,Muskogee,Oklahoma,74403,Central,OFF-AR-10002375,Office Supplies,Art,Newell 351,6.56,2,0,1.9024
CA-2014-150525,2/21/2016,2/26/2016,Standard Class,JP-16135,Julie Prescott,Home Office,United States,Muskogee,Oklahoma,74403,Central,OFF-AP-10000595,Office Supplies,Appliances,Disposable Triple-Filter Dust Bags,13.11,3,0,3.4086
CA-2014-124940,2/22/2016,2/27/2016,Standard Class,DK-13090,Dave Kipp,Consumer,United States,Carrollton,Texas,75007,Central,TEC-AC-10002076,Technology,Accessories,Microsoft Natural Keyboard Elite,47.904,1,0.2,-2.994
CA-2014-125878,2/26/2016,3/2/2016,Standard Class,MH-18025,Michelle Huthwaite,Consumer,United States,Chicago,Illinois,60623,Central,OFF-BI-10002609,Office Supplies,Binders,Avery Hidden Tab Dividers for Binding Systems,1.788,3,0.8,-3.0396
CA-2014-146024,3/2/2016,3/8/2016,Standard Class,SC-20770,Stewart Carmichael,Corporate,United States,Dallas,Texas,75081,Central,OFF-SU-10001935,Office Supplies,Supplies,Staple remover,6.976,4,0.2,-1.3952
CA-2014-146024,3/2/2016,3/8/2016,Standard Class,SC-20770,Stewart Carmichael,Corporate,United States,Dallas,Texas,75081,Central,OFF-BI-10003291,Office Supplies,Binders,Wilson Jones Leather-Like Binders with DublLock Round Rings,12.222,7,0.8,-20.1663
CA-2014-124114,3/2/2016,3/2/2016,Same Day,RS-19765,Roland Schwarz,Corporate,United States,Waco,Texas,76706,Central,OFF-BI-10004022,Office Supplies,Binders,Acco Suede Grain Vinyl Round Ring Binder,0.556,1,0.8,-0.9452
CA-2014-127621,3/3/2016,3/7/2016,Standard Class,RE-19450,Richard Eichhorn,Consumer,United States,Dallas,Texas,75081,Central,OFF-PA-10001307,Office Supplies,Paper,"Important Message Pads, 50 4-1/4 x 5-1/2 Forms per Pad",26.88,8,0.2,9.744
CA-2014-111815,3/3/2016,3/10/2016,Standard Class,EP-13915,Emily Phan,Consumer,United States,Dearborn Heights,Michigan,48127,Central,FUR-CH-10000785,Furniture,Chairs,Global Ergonomic Managers Chair,180.98,1,0,47.0548
CA-2014-111815,3/3/2016,3/10/2016,Standard Class,EP-13915,Emily Phan,Consumer,United States,Dearborn Heights,Michigan,48127,Central,TEC-AC-10002926,Technology,Accessories,Logitech Wireless Marathon Mouse M705,99.98,2,0,42.9914
CA-2014-142174,3/4/2016,3/9/2016,Standard Class,DP-13000,Darren Powers,Consumer,United States,Houston,Texas,77041,Central,OFF-PA-10000806,Office Supplies,Paper,Xerox 1934,89.568,2,0.2,32.4684
US-2014-119816,3/4/2016,3/6/2016,Second Class,TT-21460,Tonja Turnell,Home Office,United States,Houston,Texas,77095,Central,FUR-FU-10004848,Furniture,Furnishings,"Howard Miller 13-3/4"" Diameter Brushed Chrome Round Wall Clock",103.5,5,0.6,-77.625
US-2014-119816,3/4/2016,3/6/2016,Second Class,TT-21460,Tonja Turnell,Home Office,United States,Houston,Texas,77095,Central,OFF-LA-10002381,Office Supplies,Labels,Avery 497,2.464,1,0.2,0.8624
US-2014-119816,3/4/2016,3/6/2016,Second Class,TT-21460,Tonja Turnell,Home Office,United States,Houston,Texas,77095,Central,OFF-ST-10000918,Office Supplies,Storage,Crate-A-Files,8.72,1,0.2,0.654
CA-2014-147753,3/5/2016,3/5/2016,Same Day,PK-19075,Pete Kriz,Consumer,United States,Milwaukee,Wisconsin,53209,Central,OFF-LA-10003537,Office Supplies,Labels,Avery 515,25.06,2,0,11.7782
CA-2014-168123,3/5/2016,3/5/2016,Same Day,JD-16060,Julia Dunbar,Consumer,United States,Rochester,Minnesota,55901,Central,OFF-FA-10002763,Office Supplies,Fasteners,Advantus Map Pennant Flags and Round Head Tacks,7.9,2,0,2.528
CA-2014-168123,3/5/2016,3/5/2016,Same Day,JD-16060,Julia Dunbar,Consumer,United States,Rochester,Minnesota,55901,Central,OFF-ST-10000877,Office Supplies,Storage,Recycled Steel Personal File for Standard File Folders,221.16,4,0,57.5016
CA-2014-168123,3/5/2016,3/5/2016,Same Day,JD-16060,Julia Dunbar,Consumer,United States,Rochester,Minnesota,55901,Central,OFF-BI-10001071,Office Supplies,Binders,GBC ProClick Punch Binding System,127.96,2,0,62.7004
CA-2014-168123,3/5/2016,3/5/2016,Same Day,JD-16060,Julia Dunbar,Consumer,United States,Rochester,Minnesota,55901,Central,OFF-BI-10001097,Office Supplies,Binders,Avery Hole Reinforcements,18.69,3,0,9.1581
CA-2014-148642,3/6/2016,3/12/2016,Standard Class,DW-13540,Don Weiss,Consumer,United States,Dallas,Texas,75220,Central,OFF-LA-10000134,Office Supplies,Labels,Avery 511,4.928,2,0.2,1.7248
CA-2014-148642,3/6/2016,3/12/2016,Standard Class,DW-13540,Don Weiss,Consumer,United States,Dallas,Texas,75220,Central,OFF-AR-10000588,Office Supplies,Art,Newell 345,63.488,4,0.2,4.7616
CA-2014-132290,3/10/2016,3/14/2016,Standard Class,MD-17350,Maribeth Dona,Consumer,United States,Dallas,Texas,75217,Central,FUR-TA-10002228,Furniture,Tables,"Bevis Traditional Conference Table Top, Plinth Base",933.408,4,0.3,-173.3472
CA-2014-147291,3/11/2016,3/17/2016,Standard Class,MJ-17740,Max Jones,Consumer,United States,Detroit,Michigan,48227,Central,OFF-BI-10003091,Office Supplies,Binders,GBC DocuBind TL200 Manual Binding Machine,895.92,4,0,421.0824
CA-2014-157966,3/13/2016,3/13/2016,Same Day,SU-20665,Stephanie Ulpright,Home Office,United States,Chicago,Illinois,60610,Central,OFF-AR-10000799,Office Supplies,Art,Col-Erase Pencils with Erasers,19.456,4,0.2,2.1888
CA-2014-157966,3/13/2016,3/13/2016,Same Day,SU-20665,Stephanie Ulpright,Home Office,United States,Chicago,Illinois,60610,Central,TEC-MA-10002109,Technology,Machines,"HP Officejet Pro 8600 e-All-In-One Printer, Copier, Scanner, Fax",209.986,2,0.3,8.9994
CA-2014-157966,3/13/2016,3/13/2016,Same Day,SU-20665,Stephanie Ulpright,Home Office,United States,Chicago,Illinois,60610,Central,OFF-AR-10003338,Office Supplies,Art,"Eberhard Faber 3 1/2"" Golf Pencils",29.76,5,0.2,1.86
CA-2014-157966,3/13/2016,3/13/2016,Same Day,SU-20665,Stephanie Ulpright,Home Office,United States,Chicago,Illinois,60610,Central,FUR-CH-10003606,Furniture,Chairs,SAFCO Folding Chair Trolley,89.768,1,0.3,-2.5648
CA-2014-157966,3/13/2016,3/13/2016,Same Day,SU-20665,Stephanie Ulpright,Home Office,United States,Chicago,Illinois,60610,Central,TEC-CO-10001449,Technology,Copiers,Hewlett Packard LaserJet 3310 Copier,959.984,2,0.2,335.9944
CA-2014-157966,3/13/2016,3/13/2016,Same Day,SU-20665,Stephanie Ulpright,Home Office,United States,Chicago,Illinois,60610,Central,OFF-PA-10001934,Office Supplies,Paper,Xerox 1993,15.552,3,0.2,5.6376
CA-2014-157966,3/13/2016,3/13/2016,Same Day,SU-20665,Stephanie Ulpright,Home Office,United States,Chicago,Illinois,60610,Central,TEC-PH-10001527,Technology,Phones,Plantronics MX500i Earset,34.36,1,0.2,-7.3015
CA-2014-162474,3/13/2016,3/16/2016,First Class,FH-14275,Frank Hawley,Corporate,United States,Aurora,Illinois,60505,Central,TEC-PH-10004700,Technology,Phones,PowerGen Dual USB Car Charger,7.992,1,0.2,2.5974
CA-2014-114370,3/14/2016,3/17/2016,Second Class,BN-11470,Brad Norvell,Corporate,United States,Chicago,Illinois,60623,Central,TEC-PH-10000213,Technology,Phones,Seidio BD2-HK3IPH5-BK DILEX Case and Holster Combo for Apple iPhone 5/5s - Black,49.616,2,0.2,4.9616
CA-2014-142867,3/17/2016,3/21/2016,Standard Class,PO-19180,Philisse Overcash,Home Office,United States,Houston,Texas,77095,Central,OFF-BI-10003166,Office Supplies,Binders,GBC Plasticlear Binding Covers,13.776,6,0.8,-22.0416
CA-2014-142867,3/17/2016,3/21/2016,Standard Class,PO-19180,Philisse Overcash,Home Office,United States,Houston,Texas,77095,Central,OFF-PA-10004610,Office Supplies,Paper,Xerox 1900,10.272,3,0.2,3.21
US-2014-119438,3/18/2016,3/23/2016,Standard Class,CD-11980,Carol Darley,Consumer,United States,Tyler,Texas,75701,Central,OFF-AP-10000804,Office Supplies,Appliances,Hoover Portapower Portable Vacuum,2.688,3,0.8,-7.392
US-2014-119438,3/18/2016,3/23/2016,Standard Class,CD-11980,Carol Darley,Consumer,United States,Tyler,Texas,75701,Central,TEC-AC-10003614,Technology,Accessories,"Verbatim 25 GB 6x Blu-ray Single Layer Recordable Disc, 10/Pack",27.816,3,0.2,4.5201
US-2014-119438,3/18/2016,3/23/2016,Standard Class,CD-11980,Carol Darley,Consumer,United States,Tyler,Texas,75701,Central,FUR-FU-10003553,Furniture,Furnishings,"Howard Miller 13-1/2"" Diameter Rosebrook Wall Clock",82.524,3,0.6,-41.262
US-2014-119438,3/18/2016,3/23/2016,Standard Class,CD-11980,Carol Darley,Consumer,United States,Tyler,Texas,75701,Central,OFF-BI-10004632,Office Supplies,Binders,Ibico Hi-Tech Manual Binding System,182.994,3,0.8,-320.2395
CA-2014-160087,3/18/2016,3/22/2016,Standard Class,EN-13780,Edward Nazzal,Consumer,United States,Dallas,Texas,75220,Central,OFF-AR-10001915,Office Supplies,Art,Peel-Off China Markers,23.832,3,0.2,6.5538
CA-2014-162075,3/18/2016,3/24/2016,Standard Class,TT-21220,Thomas Thornton,Consumer,United States,Houston,Texas,77041,Central,TEC-PH-10001557,Technology,Phones,Pyle PMP37LED,537.544,7,0.2,47.0351
CA-2014-154214,3/20/2016,3/25/2016,Second Class,TB-21595,Troy Blackwell,Consumer,United States,Columbus,Indiana,47201,Central,FUR-FU-10000206,Furniture,Furnishings,"GE General Purpose, Extra Long Life, Showcase & Floodlight Incandescent Bulbs",2.91,1,0,1.3677
CA-2014-122763,3/20/2016,3/20/2016,Same Day,HG-14845,Harry Greene,Consumer,United States,Houston,Texas,77041,Central,OFF-PA-10000474,Office Supplies,Paper,Easy-staple paper,56.704,2,0.2,19.1376
CA-2014-122763,3/20/2016,3/20/2016,Same Day,HG-14845,Harry Greene,Consumer,United States,Houston,Texas,77041,Central,OFF-PA-10002377,Office Supplies,Paper,Xerox 1916,274.064,7,0.2,102.774
CA-2014-169285,3/21/2016,3/25/2016,Standard Class,RW-19690,Robert Waldorf,Consumer,United States,Lafayette,Indiana,47905,Central,OFF-PA-10004071,Office Supplies,Paper,"Eaton Premium Continuous-Feed Paper, 25% Cotton, Letter Size, White, 1000 Shts/Box",277.4,5,0,133.152
CA-2014-169285,3/21/2016,3/25/2016,Standard Class,RW-19690,Robert Waldorf,Consumer,United States,Lafayette,Indiana,47905,Central,OFF-PA-10004971,Office Supplies,Paper,Xerox 196,5.78,1,0,2.8322
CA-2014-119452,3/21/2016,3/27/2016,Standard Class,CL-12565,Clay Ludtke,Consumer,United States,Tulsa,Oklahoma,74133,Central,FUR-CH-10004495,Furniture,Chairs,"Global Leather and Oak Executive Chair, Black",1805.88,6,0,523.7052
CA-2014-135650,3/23/2016,3/27/2016,Standard Class,AC-10660,Anna Chung,Consumer,United States,Huntsville,Texas,77340,Central,OFF-ST-10001809,Office Supplies,Storage,Fellowes Officeware Wire Shelving,143.728,2,0.2,-32.3388
CA-2014-101637,3/24/2016,3/25/2016,Same Day,AC-10615,Ann Chong,Corporate,United States,Beaumont,Texas,77705,Central,OFF-ST-10002352,Office Supplies,Storage,Iris Project Case,12.768,2,0.2,0.9576
CA-2014-112039,3/25/2016,3/29/2016,Standard Class,JC-15775,John Castell,Consumer,United States,San Antonio,Texas,78207,Central,TEC-PH-10000984,Technology,Phones,Panasonic KX-TG9471B,470.376,3,0.2,47.0376
CA-2014-155880,3/25/2016,3/31/2016,Standard Class,JD-16150,Justin Deggeller,Corporate,United States,Milwaukee,Wisconsin,53209,Central,FUR-CH-10000422,Furniture,Chairs,Global Highback Leather Tilter in Burgundy,90.99,1,0,14.5584
CA-2014-155880,3/25/2016,3/31/2016,Standard Class,JD-16150,Justin Deggeller,Corporate,United States,Milwaukee,Wisconsin,53209,Central,FUR-CH-10004675,Furniture,Chairs,"Lifetime Advantage Folding Chairs, 4/Carton",1526.56,7,0,427.4368
CA-2014-155880,3/25/2016,3/31/2016,Standard Class,JD-16150,Justin Deggeller,Corporate,United States,Milwaukee,Wisconsin,53209,Central,FUR-CH-10002880,Furniture,Chairs,"Global High-Back Leather Tilter, Burgundy",368.97,3,0,40.5867
CA-2014-101077,3/25/2016,3/30/2016,Second Class,DB-13660,Duane Benoit,Consumer,United States,Dallas,Texas,75081,Central,OFF-PA-10004239,Office Supplies,Paper,Xerox 1953,6.848,2,0.2,2.14
CA-2014-113208,3/26/2016,4/2/2016,Standard Class,ML-18040,Michelle Lonsdale,Corporate,United States,Dearborn,Michigan,48126,Central,FUR-FU-10004245,Furniture,Furnishings,"Career Cubicle Clock, 8 1/4"", Black",60.84,3,0,23.1192
US-2014-141677,3/26/2016,3/30/2016,Standard Class,HK-14890,Heather Kirkland,Corporate,United States,Houston,Texas,77070,Central,TEC-AC-10000158,Technology,Accessories,Sony 64GB Class 10 Micro SDHC R40 Memory Card,143.96,5,0.2,1.7995
US-2014-141677,3/26/2016,3/30/2016,Standard Class,HK-14890,Heather Kirkland,Corporate,United States,Houston,Texas,77070,Central,TEC-CO-10002313,Technology,Copiers,Canon PC1080F Personal Copier,2399.96,5,0.2,569.9905
US-2014-141677,3/26/2016,3/30/2016,Standard Class,HK-14890,Heather Kirkland,Corporate,United States,Houston,Texas,77070,Central,OFF-PA-10002581,Office Supplies,Paper,Xerox 1951,74.352,3,0.2,23.235
US-2014-141677,3/26/2016,3/30/2016,Standard Class,HK-14890,Heather Kirkland,Corporate,United States,Houston,Texas,77070,Central,OFF-AP-10001205,Office Supplies,Appliances,Belkin 5 Outlet SurgeMaster Power Centers,87.168,8,0.8,-226.6368
US-2014-141677,3/26/2016,3/30/2016,Standard Class,HK-14890,Heather Kirkland,Corporate,United States,Houston,Texas,77070,Central,OFF-ST-10000344,Office Supplies,Storage,"Neat Ideas Personal Hanging Folder Files, Black",32.232,3,0.2,2.4174
CA-2014-144491,3/27/2016,4/1/2016,Standard Class,CJ-12010,Caroline Jumper,Consumer,United States,Houston,Texas,77070,Central,FUR-BO-10001811,Furniture,Bookcases,"Atlantic Metals Mobile 5-Shelf Bookcases, Custom Colors",1023.332,5,0.32,-30.098
CA-2014-144491,3/27/2016,4/1/2016,Standard Class,CJ-12010,Caroline Jumper,Consumer,United States,Houston,Texas,77070,Central,FUR-CH-10004063,Furniture,Chairs,Global Deluxe High-Back Manager's Chair,600.558,3,0.3,-8.5794
CA-2014-144491,3/27/2016,4/1/2016,Standard Class,CJ-12010,Caroline Jumper,Consumer,United States,Houston,Texas,77070,Central,TEC-AC-10004901,Technology,Accessories,Kensington SlimBlade Notebook Wireless Mouse with Nano Receiver ,39.992,1,0.2,6.9986
CA-2014-144491,3/27/2016,4/1/2016,Standard Class,CJ-12010,Caroline Jumper,Consumer,United States,Houston,Texas,77070,Central,FUR-CH-10001714,Furniture,Chairs,"Global Leather & Oak Executive Chair, Burgundy",211.246,2,0.3,-66.3916
CA-2014-126550,3/29/2016,4/2/2016,Second Class,RD-19720,Roger Demir,Consumer,United States,Lafayette,Indiana,47905,Central,OFF-ST-10001031,Office Supplies,Storage,Adjustable Personal File Tote,81.4,5,0,21.164
CA-2014-113474,3/30/2016,3/31/2016,First Class,TM-21490,Tony Molinari,Consumer,United States,Oklahoma City,Oklahoma,73120,Central,OFF-EN-10004206,Office Supplies,Envelopes,Multimedia Mailers,325.86,2,0,149.8956
CA-2014-154907,3/31/2016,4/4/2016,Standard Class,DS-13180,David Smith,Corporate,United States,Amarillo,Texas,79109,Central,FUR-BO-10002824,Furniture,Bookcases,Bush Mission Pointe Library,205.3328,2,0.32,-36.2352
CA-2014-114524,3/31/2016,4/5/2016,Second Class,EG-13900,Emily Grady,Consumer,United States,Chicago,Illinois,60623,Central,OFF-BI-10002799,Office Supplies,Binders,"SlimView Poly Binder, 3/8""",13.468,13,0.8,-22.8956
CA-2014-144680,3/31/2016,4/2/2016,First Class,SC-20260,Scott Cohen,Corporate,United States,Arlington,Texas,76017,Central,OFF-AP-10003040,Office Supplies,Appliances,Fellowes 8 Outlet Superior Workstation Surge Protector w/o Phone/Fax/Modem Protection,33.62,5,0.8,-90.774
CA-2014-145877,4/1/2016,4/4/2016,Second Class,AS-10090,Adam Shillingsburg,Consumer,United States,Springfield,Missouri,65807,Central,OFF-ST-10000649,Office Supplies,Storage,Hanging Personal Folder File,94.2,6,0,23.55
CA-2014-145877,4/1/2016,4/4/2016,Second Class,AS-10090,Adam Shillingsburg,Consumer,United States,Springfield,Missouri,65807,Central,OFF-EN-10001990,Office Supplies,Envelopes,Staple envelope,28.4,5,0,13.348
CA-2014-127264,4/3/2016,4/5/2016,First Class,SA-20830,Sue Ann Reed,Consumer,United States,Chicago,Illinois,60653,Central,OFF-AR-10003045,Office Supplies,Art,Prang Colored Pencils,7.056,3,0.2,2.205
CA-2014-157903,4/4/2016,4/8/2016,Standard Class,AM-10705,Anne McFarland,Consumer,United States,Des Plaines,Illinois,60016,Central,TEC-PH-10004345,Technology,Phones,Cisco SPA 502G IP Phone,383.84,4,0.2,47.98
CA-2014-107265,4/6/2016,4/12/2016,Standard Class,ML-17755,Max Ludwig,Home Office,United States,Marion,Iowa,52302,Central,OFF-PA-10000474,Office Supplies,Paper,Easy-staple paper,106.32,3,0,49.9704
US-2014-136721,4/8/2016,4/12/2016,Standard Class,NH-18610,Nicole Hansen,Corporate,United States,Oak Park,Michigan,48237,Central,FUR-FU-10004665,Furniture,Furnishings,"3M Polarizing Task Lamp with Clamp Arm, Light Gray",273.96,2,0,71.2296
US-2014-136721,4/8/2016,4/12/2016,Standard Class,NH-18610,Nicole Hansen,Corporate,United States,Oak Park,Michigan,48237,Central,FUR-FU-10004188,Furniture,Furnishings,Luxo Professional Combination Clamp-On Lamps,306.9,3,0,79.794
CA-2014-112900,4/9/2016,4/12/2016,Second Class,KL-16645,Ken Lonsdale,Consumer,United States,Detroit,Michigan,48205,Central,OFF-BI-10002867,Office Supplies,Binders,GBC Recycled Regency Composition Covers,478.24,8,0,219.9904
CA-2014-125115,4/10/2016,4/10/2016,Same Day,RD-19930,Russell D'Ascenzo,Consumer,United States,Austin,Texas,78745,Central,OFF-PA-10004101,Office Supplies,Paper,Xerox 1894,10.368,2,0.2,3.6288
CA-2014-125115,4/10/2016,4/10/2016,Same Day,RD-19930,Russell D'Ascenzo,Consumer,United States,Austin,Texas,78745,Central,TEC-AC-10001714,Technology,Accessories,Logitech MX Performance Wireless Mouse,95.736,3,0.2,20.3439
US-2014-143028,4/11/2016,4/18/2016,Standard Class,SC-20050,Sample Company A,Home Office,United States,Lubbock,Texas,79424,Central,OFF-BI-10004738,Office Supplies,Binders,Flexible Leather- Look Classic Collection Ring Binder,11.364,3,0.8,-17.046
CA-2014-159604,4/14/2016,4/15/2016,First Class,CL-12700,Craig Leslie,Home Office,United States,Springfield,Missouri,65807,Central,OFF-BI-10003460,Office Supplies,Binders,Acco 3-Hole Punch,8.76,2,0,4.2048
US-2014-141698,4/15/2016,4/21/2016,Standard Class,SD-20485,Shirley Daniels,Home Office,United States,Houston,Texas,77041,Central,OFF-PA-10001826,Office Supplies,Paper,Xerox 207,20.736,4,0.2,7.2576
CA-2014-109946,4/16/2016,4/21/2016,Standard Class,PL-18925,Paul Lucas,Home Office,United States,Chicago,Illinois,60610,Central,OFF-AR-10001419,Office Supplies,Art,Newell 325,16.52,5,0.2,2.065
US-2014-156356,4/16/2016,4/22/2016,Standard Class,ND-18370,Natalie DeCherney,Consumer,United States,Houston,Texas,77095,Central,OFF-BI-10000632,Office Supplies,Binders,Satellite Sectional Post Binders,26.046,3,0.8,-44.2782
US-2014-156356,4/16/2016,4/22/2016,Standard Class,ND-18370,Natalie DeCherney,Consumer,United States,Houston,Texas,77095,Central,OFF-BI-10001107,Office Supplies,Binders,"GBC White Gloss Covers, Plain Front",2.896,1,0.8,-4.7784
US-2014-156356,4/16/2016,4/22/2016,Standard Class,ND-18370,Natalie DeCherney,Consumer,United States,Houston,Texas,77095,Central,OFF-ST-10002301,Office Supplies,Storage,Tennsco Commercial Shelving,32.544,2,0.2,-7.7292
US-2014-129203,4/17/2016,4/22/2016,Standard Class,BM-11575,Brendan Murry,Corporate,United States,Chicago,Illinois,60653,Central,OFF-ST-10001418,Office Supplies,Storage,Carina Media Storage Towers in Natural & Black,195.136,4,0.2,-43.9056
CA-2014-166849,4/20/2016,4/26/2016,Standard Class,SJ-20125,Sanjit Jacobs,Home Office,United States,Chicago,Illinois,60610,Central,FUR-FU-10004597,Furniture,Furnishings,Eldon Cleatmat Chair Mats for Medium Pile Carpets,44.4,2,0.6,-52.17
CA-2014-100615,4/20/2016,4/24/2016,Standard Class,SJ-20215,Sarah Jordon,Consumer,United States,Chicago,Illinois,60653,Central,FUR-CH-10002602,Furniture,Chairs,DMI Arturo Collection Mission-style Design Wood Chair,317.058,3,0.3,-18.1176
CA-2014-100615,4/20/2016,4/24/2016,Standard Class,SJ-20215,Sarah Jordon,Consumer,United States,Chicago,Illinois,60653,Central,OFF-AR-10001683,Office Supplies,Art,Lumber Crayons,15.76,2,0.2,3.546
CA-2014-100615,4/20/2016,4/24/2016,Standard Class,SJ-20215,Sarah Jordon,Consumer,United States,Chicago,Illinois,60653,Central,FUR-FU-10002456,Furniture,Furnishings,"Master Caster Door Stop, Large Neon Orange",14.56,5,0.6,-6.188
CA-2014-119655,4/20/2016,4/24/2016,Standard Class,CV-12295,Christina VanderZanden,Consumer,United States,Detroit,Michigan,48234,Central,OFF-BI-10001989,Office Supplies,Binders,Premium Transparent Presentation Covers by GBC,146.86,7,0,70.4928
CA-2014-119655,4/20/2016,4/24/2016,Standard Class,CV-12295,Christina VanderZanden,Consumer,United States,Detroit,Michigan,48234,Central,OFF-BI-10001036,Office Supplies,Binders,Cardinal EasyOpen D-Ring Binders,36.56,4,0,18.28
US-2014-152366,4/21/2016,4/25/2016,Second Class,SJ-20500,Shirley Jackson,Consumer,United States,Houston,Texas,77036,Central,OFF-AP-10002684,Office Supplies,Appliances,"Acco 7-Outlet Masterpiece Power Center, Wihtout Fax/Phone Line Protection",97.264,4,0.8,-243.16
US-2014-145863,4/21/2016,4/27/2016,Standard Class,RP-19390,Resi Pölking,Consumer,United States,Houston,Texas,77041,Central,OFF-BI-10004140,Office Supplies,Binders,Avery Non-Stick Binders,2.694,3,0.8,-4.7145
US-2014-145863,4/21/2016,4/27/2016,Standard Class,RP-19390,Resi Pölking,Consumer,United States,Houston,Texas,77041,Central,OFF-BI-10002049,Office Supplies,Binders,UniKeep View Case Binders,2.934,3,0.8,-4.9878
CA-2014-140802,4/21/2016,4/23/2016,First Class,KN-16390,Katherine Nockton,Corporate,United States,Houston,Texas,77070,Central,TEC-AC-10001998,Technology,Accessories,Logitech LS21 Speaker System - PC Multimedia - 2.1-CH - Wired,47.976,3,0.2,8.3958
CA-2014-140802,4/21/2016,4/23/2016,First Class,KN-16390,Katherine Nockton,Corporate,United States,Houston,Texas,77070,Central,OFF-PA-10001534,Office Supplies,Paper,Xerox 230,20.736,4,0.2,7.2576
CA-2014-146360,4/23/2016,4/25/2016,Second Class,SC-20305,Sean Christensen,Consumer,United States,Lawrence,Indiana,46226,Central,TEC-AC-10003590,Technology,Accessories,"TRENDnet 56K USB 2.0 Phone, Internet and Fax Modem",155.34,6,0,55.9224
CA-2014-125269,4/24/2016,4/30/2016,Standard Class,AF-10870,Art Ferguson,Consumer,United States,Chicago,Illinois,60610,Central,OFF-BI-10001628,Office Supplies,Binders,"Acco Data Flex Cable Posts For Top & Bottom Load Binders, 6"" Capacity",10.43,5,0.8,-18.2525
CA-2014-125269,4/24/2016,4/30/2016,Standard Class,AF-10870,Art Ferguson,Consumer,United States,Chicago,Illinois,60610,Central,OFF-ST-10004123,Office Supplies,Storage,Safco Industrial Wire Shelving System,72.784,1,0.2,-18.196
CA-2014-160045,4/26/2016,4/27/2016,First Class,LB-16735,Larry Blacks,Consumer,United States,Fort Worth,Texas,76106,Central,FUR-FU-10000010,Furniture,Furnishings,"DAX Value U-Channel Document Frames, Easel Back",1.988,1,0.6,-1.4413
CA-2014-135692,4/27/2016,5/1/2016,Standard Class,CV-12805,Cynthia Voltz,Corporate,United States,Fort Worth,Texas,76106,Central,OFF-LA-10001158,Office Supplies,Labels,"Avery Address/Shipping Labels for Typewriters, 4"" x 2""",33.12,4,0.2,11.592
CA-2014-135692,4/27/2016,5/1/2016,Standard Class,CV-12805,Cynthia Voltz,Corporate,United States,Fort Worth,Texas,76106,Central,FUR-BO-10002268,Furniture,Bookcases,Sauder Barrister Bookcases,220.2656,4,0.32,-42.1096
US-2014-144582,4/30/2016,5/5/2016,Standard Class,TC-21475,Tony Chapman,Home Office,United States,Danville,Illinois,61832,Central,OFF-BI-10001575,Office Supplies,Binders,GBC Linen Binding Covers,43.372,7,0.8,-69.3952
CA-2014-140242,5/6/2016,5/11/2016,Standard Class,ML-17755,Max Ludwig,Home Office,United States,Chicago,Illinois,60623,Central,OFF-AR-10004752,Office Supplies,Art,Blackstonian Pencils,6.408,3,0.2,0.6408
CA-2014-140242,5/6/2016,5/11/2016,Standard Class,ML-17755,Max Ludwig,Home Office,United States,Chicago,Illinois,60623,Central,TEC-AC-10004659,Technology,Accessories,Imation Secure+ Hardware Encrypted USB 2.0 Flash Drive; 16GB,408.744,7,0.2,76.6395
US-2014-133200,5/6/2016,5/11/2016,Standard Class,DB-13555,Dorothy Badders,Corporate,United States,Fort Worth,Texas,76106,Central,OFF-BI-10002827,Office Supplies,Binders,Avery Durable Poly Binders,11.06,10,0.8,-18.802
US-2014-133200,5/6/2016,5/11/2016,Standard Class,DB-13555,Dorothy Badders,Corporate,United States,Fort Worth,Texas,76106,Central,FUR-BO-10001601,Furniture,Bookcases,"Sauder Mission Library with Doors, Fruitwood Finish",623.4648,7,0.32,-119.1918
US-2014-133200,5/6/2016,5/11/2016,Standard Class,DB-13555,Dorothy Badders,Corporate,United States,Fort Worth,Texas,76106,Central,OFF-ST-10001932,Office Supplies,Storage,Fellowes Staxonsteel Drawer Files,772.68,5,0.2,-57.951
US-2014-162124,5/6/2016,5/10/2016,Standard Class,JF-15490,Jeremy Farry,Consumer,United States,Chicago,Illinois,60653,Central,TEC-AC-10001990,Technology,Accessories,Kensington Orbit Wireless Mobile Trackball for PC and Mac,191.968,4,0.2,28.7952
CA-2014-141733,5/7/2016,5/11/2016,Standard Class,RW-19540,Rick Wilson,Corporate,United States,Detroit,Michigan,48234,Central,FUR-CH-10004086,Furniture,Chairs,Hon 4070 Series Pagoda Armless Upholstered Stacking Chairs,1458.65,5,0,423.0085
CA-2014-141733,5/7/2016,5/11/2016,Standard Class,RW-19540,Rick Wilson,Corporate,United States,Detroit,Michigan,48234,Central,FUR-CH-10002017,Furniture,Chairs,SAFCO Optional Arm Kit for Workspace Cribbage Stacking Chair,26.64,1,0,7.4592
CA-2014-141733,5/7/2016,5/11/2016,Standard Class,RW-19540,Rick Wilson,Corporate,United States,Detroit,Michigan,48234,Central,FUR-CH-10000595,Furniture,Chairs,Safco Contoured Stacking Chairs,476.8,2,0,119.2
CA-2014-141733,5/7/2016,5/11/2016,Standard Class,RW-19540,Rick Wilson,Corporate,United States,Detroit,Michigan,48234,Central,OFF-AP-10001563,Office Supplies,Appliances,Belkin Premiere Surge Master II 8-outlet surge protector,87.444,2,0.1,18.4604
CA-2014-107797,5/8/2016,5/11/2016,Second Class,EB-13705,Ed Braxton,Corporate,United States,Mansfield,Texas,76063,Central,OFF-PA-10003848,Office Supplies,Paper,Xerox 1997,41.472,8,0.2,14.5152
CA-2014-140298,5/11/2016,5/17/2016,Standard Class,JK-16120,Julie Kriz,Home Office,United States,Austin,Texas,78745,Central,OFF-AR-10003481,Office Supplies,Art,Newell 348,5.248,2,0.2,0.5904
CA-2014-140298,5/11/2016,5/17/2016,Standard Class,JK-16120,Julie Kriz,Home Office,United States,Austin,Texas,78745,Central,OFF-ST-10004180,Office Supplies,Storage,Safco Commercial Shelving,74.416,2,0.2,-14.8832
CA-2014-140298,5/11/2016,5/17/2016,Standard Class,JK-16120,Julie Kriz,Home Office,United States,Austin,Texas,78745,Central,OFF-PA-10003657,Office Supplies,Paper,Xerox 1927,6.848,2,0.2,2.14
CA-2014-140298,5/11/2016,5/17/2016,Standard Class,JK-16120,Julie Kriz,Home Office,United States,Austin,Texas,78745,Central,FUR-FU-10001967,Furniture,Furnishings,Telescoping Adjustable Floor Lamp,7.996,1,0.6,-6.9965
US-2014-158218,5/12/2016,5/15/2016,Second Class,AC-10420,Alyssa Crouse,Corporate,United States,Houston,Texas,77041,Central,OFF-ST-10000563,Office Supplies,Storage,Fellowes Bankers Box Stor/Drawer Steel Plus,127.92,5,0.2,-15.99
US-2014-158218,5/12/2016,5/15/2016,Second Class,AC-10420,Alyssa Crouse,Corporate,United States,Houston,Texas,77041,Central,OFF-BI-10002133,Office Supplies,Binders,"Wilson Jones Elliptical Ring 3 1/2"" Capacity Binders, 800 sheets",34.24,4,0.8,-53.072
CA-2014-149048,5/13/2016,5/17/2016,Standard Class,BM-11650,Brian Moss,Corporate,United States,Columbus,Indiana,47201,Central,OFF-EN-10003296,Office Supplies,Envelopes,Tyvek Side-Opening Peel & Seel Expanding Envelopes,180.96,2,0,81.432
CA-2014-149048,5/13/2016,5/17/2016,Standard Class,BM-11650,Brian Moss,Corporate,United States,Columbus,Indiana,47201,Central,OFF-BI-10004632,Office Supplies,Binders,Ibico Hi-Tech Manual Binding System,914.97,3,0,411.7365
CA-2014-149048,5/13/2016,5/17/2016,Standard Class,BM-11650,Brian Moss,Corporate,United States,Columbus,Indiana,47201,Central,TEC-PH-10002310,Technology,Phones,Plantronics Calisto P620-M USB Wireless Speakerphone System,587.97,3,0,158.7519
CA-2014-149048,5/13/2016,5/17/2016,Standard Class,BM-11650,Brian Moss,Corporate,United States,Columbus,Indiana,47201,Central,OFF-ST-10000078,Office Supplies,Storage,Tennsco 6- and 18-Compartment Lockers,530.34,2,0,95.4612
CA-2014-149048,5/13/2016,5/17/2016,Standard Class,BM-11650,Brian Moss,Corporate,United States,Columbus,Indiana,47201,Central,OFF-PA-10001752,Office Supplies,Paper,Hammermill CopyPlus Copy Paper (20Lb. and 84 Bright),14.94,3,0,7.3206
CA-2014-161774,5/14/2016,5/15/2016,First Class,GT-14710,Greg Tran,Consumer,United States,Houston,Texas,77041,Central,FUR-CH-10003981,Furniture,Chairs,Global Commerce Series Low-Back Swivel/Tilt Chairs,899.43,5,0.3,-12.849
CA-2014-161774,5/14/2016,5/15/2016,First Class,GT-14710,Greg Tran,Consumer,United States,Houston,Texas,77041,Central,OFF-AR-10001446,Office Supplies,Art,Newell 309,46.2,5,0.2,5.775
CA-2014-161774,5/14/2016,5/15/2016,First Class,GT-14710,Greg Tran,Consumer,United States,Houston,Texas,77041,Central,OFF-PA-10000300,Office Supplies,Paper,Xerox 1936,47.952,3,0.2,16.1838
CA-2014-161774,5/14/2016,5/15/2016,First Class,GT-14710,Greg Tran,Consumer,United States,Houston,Texas,77041,Central,TEC-PH-10004071,Technology,Phones,PayAnywhere Card Reader,7.992,1,0.2,0.6993
CA-2014-161774,5/14/2016,5/15/2016,First Class,GT-14710,Greg Tran,Consumer,United States,Houston,Texas,77041,Central,OFF-PA-10003134,Office Supplies,Paper,Xerox 1937,76.864,2,0.2,26.9024
US-2014-152569,5/15/2016,5/20/2016,Standard Class,JD-16015,Joy Daniels,Consumer,United States,Chicago,Illinois,60653,Central,OFF-PA-10001736,Office Supplies,Paper,Xerox 1880,56.704,2,0.2,19.1376
US-2014-152569,5/15/2016,5/20/2016,Standard Class,JD-16015,Joy Daniels,Consumer,United States,Chicago,Illinois,60653,Central,TEC-PH-10002185,Technology,Phones,QVS USB Car Charger 2-Port 2.1Amp for iPod/iPhone/iPad/iPad 2/iPad 3,11.12,2,0.2,3.475
CA-2014-112536,5/18/2016,5/23/2016,Standard Class,SG-20890,Susan Gilcrest,Corporate,United States,Mcallen,Texas,78501,Central,OFF-BI-10003712,Office Supplies,Binders,"Acco Pressboard Covers with Storage Hooks, 14 7/8"" x 11"", Light Blue",6.874,7,0.8,-10.6547
CA-2014-112536,5/18/2016,5/23/2016,Standard Class,SG-20890,Susan Gilcrest,Corporate,United States,Mcallen,Texas,78501,Central,OFF-BI-10002571,Office Supplies,Binders,"Avery Framed View Binder, EZD Ring (Locking), Navy, 1 1/2""",1.996,1,0.8,-3.2934
CA-2014-112536,5/18/2016,5/23/2016,Standard Class,SG-20890,Susan Gilcrest,Corporate,United States,Mcallen,Texas,78501,Central,OFF-ST-10004835,Office Supplies,Storage,Plastic Stacking Crates & Casters,8.928,2,0.2,0.6696
CA-2014-117401,5/18/2016,5/22/2016,Second Class,PP-18955,Paul Prost,Home Office,United States,Springfield,Missouri,65807,Central,OFF-AP-10000938,Office Supplies,Appliances,Avanti 1.7 Cu. Ft. Refrigerator,706.86,7,0,197.9208
CA-2014-117401,5/18/2016,5/22/2016,Second Class,PP-18955,Paul Prost,Home Office,United States,Springfield,Missouri,65807,Central,TEC-PH-10003555,Technology,Phones,Motorola HK250 Universal Bluetooth Headset,114.95,5,0,2.299
CA-2014-117401,5/18/2016,5/22/2016,Second Class,PP-18955,Paul Prost,Home Office,United States,Springfield,Missouri,65807,Central,OFF-BI-10001267,Office Supplies,Binders,"Universal Recycled Hanging Pressboard Report Binders, Letter Size",43.19,7,0,20.7312
CA-2014-155642,5/18/2016,5/22/2016,Standard Class,BM-11575,Brendan Murry,Corporate,United States,Chicago,Illinois,60653,Central,FUR-FU-10004973,Furniture,Furnishings,Flat Face Poster Frame,22.608,3,0.6,-10.1736
CA-2014-155642,5/18/2016,5/22/2016,Standard Class,BM-11575,Brendan Murry,Corporate,United States,Chicago,Illinois,60653,Central,FUR-FU-10001918,Furniture,Furnishings,C-Line Cubicle Keepers Polyproplyene Holder With Velcro Backings,1.892,1,0.6,-0.9933
US-2014-108700,5/19/2016,5/23/2016,Standard Class,PJ-18835,Patrick Jones,Corporate,United States,Rockford,Illinois,61107,Central,OFF-PA-10004733,Office Supplies,Paper,Things To Do Today Spiral Book,38.016,6,0.2,13.7808
CA-2014-122077,5/19/2016,5/25/2016,Standard Class,JF-15295,Jason Fortune-,Consumer,United States,Plano,Texas,75023,Central,TEC-PH-10003811,Technology,Phones,Jabra Supreme Plus Driver Edition Headset,95.992,1,0.2,9.5992
CA-2014-122077,5/19/2016,5/25/2016,Standard Class,JF-15295,Jason Fortune-,Consumer,United States,Plano,Texas,75023,Central,OFF-LA-10004178,Office Supplies,Labels,Avery 491,13.216,4,0.2,4.2952
CA-2014-111332,5/20/2016,5/22/2016,Second Class,NC-18340,Nat Carroll,Consumer,United States,Fargo,North Dakota,58103,Central,OFF-AR-10001953,Office Supplies,Art,Boston 1645 Deluxe Heavier-Duty Electric Pencil Sharpener,131.94,3,0,35.6238
CA-2014-111332,5/20/2016,5/22/2016,Second Class,NC-18340,Nat Carroll,Consumer,United States,Fargo,North Dakota,58103,Central,OFF-AR-10001374,Office Supplies,Art,"BIC Brite Liner Highlighters, Chisel Tip",25.92,4,0,8.2944
CA-2014-111332,5/20/2016,5/22/2016,Second Class,NC-18340,Nat Carroll,Consumer,United States,Fargo,North Dakota,58103,Central,OFF-ST-10003816,Office Supplies,Storage,Fellowes High-Stak Drawer Files,704.76,4,0,162.0948
CA-2014-111332,5/20/2016,5/22/2016,Second Class,NC-18340,Nat Carroll,Consumer,United States,Fargo,North Dakota,58103,Central,OFF-FA-10001843,Office Supplies,Fasteners,Staples,7.41,3,0,3.4827
CA-2014-111332,5/20/2016,5/22/2016,Second Class,NC-18340,Nat Carroll,Consumer,United States,Fargo,North Dakota,58103,Central,OFF-AR-10000657,Office Supplies,Art,"Binney & Smith inkTank Desk Highlighter, Chisel Tip, Yellow, 12/Box",21.5,10,0,7.095
CA-2014-149468,5/20/2016,5/20/2016,Same Day,AR-10405,Allen Rosenblatt,Corporate,United States,Trenton,Michigan,48183,Central,OFF-BI-10002225,Office Supplies,Binders,"Square Ring Data Binders, Rigid 75 Pt. Covers, 11"" x 14-7/8""",41.28,2,0,19.8144
US-2014-150595,5/22/2016,5/26/2016,Standard Class,LE-16810,Laurel Elliston,Consumer,United States,Chicago,Illinois,60653,Central,FUR-CH-10000513,Furniture,Chairs,High-Back Leather Manager's Chair,181.986,2,0.3,-54.5958
US-2014-150595,5/22/2016,5/26/2016,Standard Class,LE-16810,Laurel Elliston,Consumer,United States,Chicago,Illinois,60653,Central,OFF-BI-10003274,Office Supplies,Binders,"Avery Durable Slant Ring Binders, No Labels",1.592,2,0.8,-2.6268
US-2014-150595,5/22/2016,5/26/2016,Standard Class,LE-16810,Laurel Elliston,Consumer,United States,Chicago,Illinois,60653,Central,OFF-SU-10000381,Office Supplies,Supplies,Acme Forged Steel Scissors with Black Enamel Handles,22.344,3,0.2,2.5137
CA-2014-164042,5/23/2016,5/27/2016,Standard Class,KL-16645,Ken Lonsdale,Consumer,United States,Houston,Texas,77095,Central,OFF-FA-10000840,Office Supplies,Fasteners,OIC Thumb-Tacks,1.824,2,0.2,0.6156
CA-2014-164042,5/23/2016,5/27/2016,Standard Class,KL-16645,Ken Lonsdale,Consumer,United States,Houston,Texas,77095,Central,OFF-AP-10001947,Office Supplies,Appliances,Acco 6 Outlet Guardian Premium Plus Surge Suppressor,18.32,5,0.8,-46.716
CA-2014-164042,5/23/2016,5/27/2016,Standard Class,KL-16645,Ken Lonsdale,Consumer,United States,Houston,Texas,77095,Central,OFF-ST-10002301,Office Supplies,Storage,Tennsco Commercial Shelving,48.816,3,0.2,-11.5938
CA-2014-164042,5/23/2016,5/27/2016,Standard Class,KL-16645,Ken Lonsdale,Consumer,United States,Houston,Texas,77095,Central,OFF-BI-10001922,Office Supplies,Binders,Storex Dura Pro Binders,1.188,1,0.8,-1.9602
CA-2014-112473,5/25/2016,6/1/2016,Standard Class,JL-15505,Jeremy Lonsdale,Consumer,United States,Houston,Texas,77070,Central,OFF-ST-10002182,Office Supplies,Storage,"Iris 3-Drawer Stacking Bin, Black",50.136,3,0.2,-11.2806
CA-2014-136882,5/27/2016,6/3/2016,Standard Class,DN-13690,Duane Noonan,Consumer,United States,Tulsa,Oklahoma,74133,Central,FUR-FU-10003664,Furniture,Furnishings,"Electrix Architect's Clamp-On Swing Arm Lamp, Black",477.3,5,0,138.417
US-2014-112613,5/28/2016,6/1/2016,Standard Class,JH-15910,Jonathan Howell,Consumer,United States,Houston,Texas,77070,Central,TEC-PH-10001536,Technology,Phones,Spigen Samsung Galaxy S5 Case Wallet,54.368,4,0.2,4.0776
US-2014-118556,5/28/2016,6/2/2016,Second Class,TH-21235,Tiffany House,Corporate,United States,Chicago,Illinois,60653,Central,FUR-CH-10001146,Furniture,Chairs,"Global Task Chair, Black",106.869,3,0.3,-29.0073
US-2014-118556,5/28/2016,6/2/2016,Second Class,TH-21235,Tiffany House,Corporate,United States,Chicago,Illinois,60653,Central,OFF-BI-10004364,Office Supplies,Binders,Storex Dura Pro Binders,3.564,3,0.8,-6.237
CA-2014-104745,5/29/2016,6/4/2016,Standard Class,GT-14755,Guy Thornton,Consumer,United States,Harlingen,Texas,78550,Central,OFF-PA-10002036,Office Supplies,Paper,Xerox 1930,25.92,5,0.2,9.396
CA-2014-104745,5/29/2016,6/4/2016,Standard Class,GT-14755,Guy Thornton,Consumer,United States,Harlingen,Texas,78550,Central,OFF-ST-10002205,Office Supplies,Storage,File Shuttle I and Handi-File,53.424,3,0.2,4.6746
CA-2014-168739,5/29/2016,6/5/2016,Standard Class,HZ-14950,Henia Zydlo,Consumer,United States,Houston,Texas,77095,Central,FUR-FU-10003919,Furniture,Furnishings,Eldon Executive Woodline II Cherry Finish Desk Accessories,65.424,4,0.6,-52.3392
CA-2014-144568,5/29/2016,6/2/2016,Standard Class,JO-15550,Jesus Ocampo,Home Office,United States,Omaha,Nebraska,68104,Central,OFF-FA-10004395,Office Supplies,Fasteners,Plymouth Boxed Rubber Bands by Plymouth,23.55,5,0,1.1775
CA-2014-121580,5/29/2016,6/4/2016,Standard Class,ML-17410,Maris LaWare,Consumer,United States,Columbus,Indiana,47201,Central,OFF-BI-10000632,Office Supplies,Binders,Satellite Sectional Post Binders,43.41,1,0,19.9686
CA-2014-121580,5/29/2016,6/4/2016,Standard Class,ML-17410,Maris LaWare,Consumer,United States,Columbus,Indiana,47201,Central,FUR-FU-10003981,Furniture,Furnishings,Eldon Wave Desk Accessories,6.24,3,0,2.6208
CA-2014-121580,5/29/2016,6/4/2016,Standard Class,ML-17410,Maris LaWare,Consumer,United States,Columbus,Indiana,47201,Central,OFF-AP-10001564,Office Supplies,Appliances,Hoover Commercial Lightweight Upright Vacuum with E-Z Empty Dirt Cup,465.16,2,0,120.9416
CA-2014-121580,5/29/2016,6/4/2016,Standard Class,ML-17410,Maris LaWare,Consumer,United States,Columbus,Indiana,47201,Central,OFF-PA-10004082,Office Supplies,Paper,"Adams Telephone Message Book w/Frequently-Called Numbers Space, 400 Messages per Book",7.98,1,0,3.99
CA-2014-142461,5/30/2016,6/3/2016,Second Class,KT-16480,Kean Thornton,Consumer,United States,Dallas,Texas,75217,Central,FUR-BO-10001811,Furniture,Bookcases,"Atlantic Metals Mobile 5-Shelf Bookcases, Custom Colors",204.6664,1,0.32,-6.0196
CA-2014-146493,6/1/2016,6/5/2016,Standard Class,CV-12805,Cynthia Voltz,Corporate,United States,Fremont,Nebraska,68025,Central,OFF-BI-10003676,Office Supplies,Binders,"GBC Standard Recycled Report Covers, Clear Plastic Sheets",53.9,5,0,25.872
CA-2014-121559,6/1/2016,6/3/2016,Second Class,HW-14935,Helen Wasserman,Corporate,United States,Indianapolis,Indiana,46203,Central,FUR-CH-10003746,Furniture,Chairs,Hon 4070 Series Pagoda Round Back Stacking Chairs,1925.88,6,0,539.2464
CA-2014-121559,6/1/2016,6/3/2016,Second Class,HW-14935,Helen Wasserman,Corporate,United States,Indianapolis,Indiana,46203,Central,OFF-AP-10002945,Office Supplies,Appliances,Honeywell Enviracaire Portable HEPA Air Cleaner for 17' x 22' Room,2405.2,8,0,793.716
CA-2014-121559,6/1/2016,6/3/2016,Second Class,HW-14935,Helen Wasserman,Corporate,United States,Indianapolis,Indiana,46203,Central,TEC-AC-10004568,Technology,Accessories,Maxell LTO Ultrium - 800 GB,83.97,3,0,15.9543
CA-2014-121559,6/1/2016,6/3/2016,Second Class,HW-14935,Helen Wasserman,Corporate,United States,Indianapolis,Indiana,46203,Central,TEC-AC-10001714,Technology,Accessories,Logitech MX Performance Wireless Mouse,39.89,1,0,14.7593
CA-2014-121559,6/1/2016,6/3/2016,Second Class,HW-14935,Helen Wasserman,Corporate,United States,Indianapolis,Indiana,46203,Central,OFF-BI-10002072,Office Supplies,Binders,Cardinal Slant-D Ring Binders,17.38,2,0,8.69
CA-2014-143294,6/2/2016,6/8/2016,Standard Class,JD-15790,John Dryer,Consumer,United States,Houston,Texas,77070,Central,OFF-PA-10000743,Office Supplies,Paper,Xerox 1977,10.688,2,0.2,3.7408
CA-2014-158106,6/4/2016,6/10/2016,Standard Class,CT-11995,Carol Triggs,Consumer,United States,Apple Valley,Minnesota,55124,Central,OFF-AR-10002255,Office Supplies,Art,Newell 346,8.64,3,0,2.5056
CA-2014-158953,6/4/2016,6/8/2016,Standard Class,ML-18040,Michelle Lonsdale,Corporate,United States,Missouri City,Texas,77489,Central,OFF-BI-10002557,Office Supplies,Binders,Presstex Flexible Ring Binders,6.37,7,0.8,-9.555
CA-2014-149720,6/4/2016,6/7/2016,Second Class,EM-14065,Erin Mull,Consumer,United States,Frisco,Texas,75034,Central,FUR-FU-10002501,Furniture,Furnishings,Nu-Dell Executive Frame,30.336,6,0.6,-17.4432
CA-2014-126788,6/5/2016,6/6/2016,First Class,AB-10105,Adrian Barton,Consumer,United States,Pearland,Texas,77581,Central,TEC-PH-10001619,Technology,Phones,LG G3,470.376,3,0.2,52.9173
US-2014-155299,6/8/2016,6/12/2016,Standard Class,Dl-13600,Dorris liebe,Corporate,United States,Pasadena,Texas,77506,Central,OFF-AP-10002203,Office Supplies,Appliances,Eureka Disposable Bags for Sanitaire Vibra Groomer I Upright Vac,1.624,2,0.8,-4.466
CA-2014-132682,6/8/2016,6/10/2016,Second Class,TH-21235,Tiffany House,Corporate,United States,Dallas,Texas,75081,Central,OFF-SU-10004231,Office Supplies,Supplies,Acme Tagit Stainless Steel Antibacterial Scissors,23.76,3,0.2,2.079
CA-2014-132682,6/8/2016,6/10/2016,Second Class,TH-21235,Tiffany House,Corporate,United States,Dallas,Texas,75081,Central,OFF-PA-10000474,Office Supplies,Paper,Easy-staple paper,85.056,3,0.2,28.7064
CA-2014-132682,6/8/2016,6/10/2016,Second Class,TH-21235,Tiffany House,Corporate,United States,Dallas,Texas,75081,Central,TEC-PH-10004042,Technology,Phones,ClearOne Communications CHAT 70 OC Speaker Phone,381.576,3,0.2,28.6182
US-2014-106579,6/8/2016,6/13/2016,Standard Class,BW-11200,Ben Wallace,Consumer,United States,Skokie,Illinois,60076,Central,OFF-BI-10000309,Office Supplies,Binders,"GBC Twin Loop Wire Binding Elements, 9/16"" Spine, Black",12.176,4,0.8,-18.8728
US-2014-106663,6/9/2016,6/13/2016,Standard Class,MO-17800,Meg O'Connel,Home Office,United States,Chicago,Illinois,60653,Central,FUR-FU-10002759,Furniture,Furnishings,12-1/2 Diameter Round Wall Clock,23.976,3,0.6,-14.3856
US-2014-106663,6/9/2016,6/13/2016,Standard Class,MO-17800,Meg O'Connel,Home Office,United States,Chicago,Illinois,60653,Central,FUR-TA-10000688,Furniture,Tables,"Chromcraft Bull-Nose Wood Round Conference Table Top, Wood Base",108.925,1,0.5,-71.8905
US-2014-106663,6/9/2016,6/13/2016,Standard Class,MO-17800,Meg O'Connel,Home Office,United States,Chicago,Illinois,60653,Central,OFF-PA-10002377,Office Supplies,Paper,"Adams Telephone Message Book W/Dividers/Space For Phone Numbers, 5 1/4""X8 1/2"", 200/Messages",36.352,8,0.2,11.36
CA-2014-100951,6/9/2016,6/10/2016,First Class,NC-18625,Noah Childs,Corporate,United States,Dallas,Texas,75217,Central,OFF-ST-10001496,Office Supplies,Storage,Standard Rollaway File with Lock,720.76,5,0.2,54.057
CA-2014-106103,6/10/2016,6/15/2016,Standard Class,SC-20305,Sean Christensen,Consumer,United States,Rochester Hills,Michigan,48307,Central,TEC-AC-10003832,Technology,Accessories,Imation 16GB Mini TravelDrive USB 2.0 Flash Drive,132.52,4,0,54.3332
CA-2014-124191,6/12/2016,6/14/2016,Second Class,TS-21610,Troy Staebel,Consumer,United States,Chicago,Illinois,60610,Central,FUR-FU-10002364,Furniture,Furnishings,"Eldon Expressions Wood Desk Accessories, Oak",8.856,3,0.6,-6.8634
CA-2014-102337,6/13/2016,6/16/2016,First Class,SD-20485,Shirley Daniels,Home Office,United States,Chicago,Illinois,60653,Central,OFF-ST-10004804,Office Supplies,Storage,"Belkin 19"" Vented Equipment Shelf, Black",164.736,4,0.2,-39.1248
CA-2014-102337,6/13/2016,6/16/2016,First Class,SD-20485,Shirley Daniels,Home Office,United States,Chicago,Illinois,60653,Central,FUR-CH-10004289,Furniture,Chairs,Global Super Steno Chair,470.302,7,0.3,-87.3418
CA-2014-102337,6/13/2016,6/16/2016,First Class,SD-20485,Shirley Daniels,Home Office,United States,Chicago,Illinois,60653,Central,TEC-PH-10002564,Technology,Phones,OtterBox Defender Series Case - Samsung Galaxy S4,47.984,2,0.2,5.998
CA-2014-111178,6/15/2016,6/22/2016,Standard Class,TD-20995,Tamara Dahlen,Consumer,United States,Quincy,Illinois,62301,Central,OFF-AR-10001954,Office Supplies,Art,Newell 331,19.56,5,0.2,1.7115
CA-2014-169691,6/15/2016,6/18/2016,First Class,Dp-13240,Dean percer,Home Office,United States,Maple Grove,Minnesota,55369,Central,OFF-LA-10002312,Office Supplies,Labels,Avery 490,44.4,3,0,22.2
CA-2014-169691,6/15/2016,6/18/2016,First Class,Dp-13240,Dean percer,Home Office,United States,Maple Grove,Minnesota,55369,Central,OFF-ST-10001291,Office Supplies,Storage,"Tenex Personal Self-Stacking Standard File Box, Black/Gray",84.55,5,0,22.8285
CA-2014-169691,6/15/2016,6/18/2016,First Class,Dp-13240,Dean percer,Home Office,United States,Maple Grove,Minnesota,55369,Central,OFF-PA-10003022,Office Supplies,Paper,Xerox 1992,17.94,3,0,8.7906
US-2014-132206,6/16/2016,6/21/2016,Standard Class,MK-17905,Michael Kennedy,Corporate,United States,Chicago,Illinois,60653,Central,OFF-BI-10000756,Office Supplies,Binders,Storex DuraTech Recycled Plastic Frosted Binders,5.936,7,0.8,-8.904
CA-2014-131618,6/17/2016,6/20/2016,First Class,LS-17200,Luke Schmidt,Corporate,United States,Skokie,Illinois,60076,Central,OFF-PA-10001892,Office Supplies,Paper,"Rediform Wirebound ""Phone Memo"" Message Book, 11 x 5-3/4",12.224,2,0.2,4.4312
CA-2014-131618,6/17/2016,6/20/2016,First Class,LS-17200,Luke Schmidt,Corporate,United States,Skokie,Illinois,60076,Central,OFF-BI-10000546,Office Supplies,Binders,Avery Durable Binders,2.304,4,0.8,-3.5712
CA-2014-131618,6/17/2016,6/20/2016,First Class,LS-17200,Luke Schmidt,Corporate,United States,Skokie,Illinois,60076,Central,OFF-BI-10001294,Office Supplies,Binders,Fellowes Binding Cases,9.36,4,0.8,-16.38
CA-2014-162712,6/18/2016,6/20/2016,Second Class,NK-18490,Neil Knudson,Home Office,United States,Corpus Christi,Texas,78415,Central,OFF-PA-10000167,Office Supplies,Paper,Xerox 1925,74.352,3,0.2,23.235
CA-2014-141992,6/19/2016,6/25/2016,Standard Class,FO-14305,Frank Olsen,Consumer,United States,Dallas,Texas,75220,Central,OFF-SU-10002557,Office Supplies,Supplies,Fiskars Spring-Action Scissors,11.184,1,0.2,0.8388
CA-2014-141992,6/19/2016,6/25/2016,Standard Class,FO-14305,Frank Olsen,Consumer,United States,Dallas,Texas,75220,Central,OFF-ST-10003656,Office Supplies,Storage,Safco Industrial Wire Shelving,153.584,2,0.2,-32.6366
US-2014-102288,6/19/2016,6/23/2016,Standard Class,ZC-21910,Zuschuss Carroll,Consumer,United States,Houston,Texas,77095,Central,OFF-AP-10004655,Office Supplies,Appliances,"Holmes Visible Mist Ultrasonic Humidifier with 2.3-Gallon Output per Day, Replacement Filter",2.264,1,0.8,-5.2072
US-2014-102288,6/19/2016,6/23/2016,Standard Class,ZC-21910,Zuschuss Carroll,Consumer,United States,Houston,Texas,77095,Central,OFF-AP-10002906,Office Supplies,Appliances,Hoover Replacement Belt for Commercial Guardsman Heavy-Duty Upright Vacuum,0.444,1,0.8,-1.11
US-2014-102288,6/19/2016,6/23/2016,Standard Class,ZC-21910,Zuschuss Carroll,Consumer,United States,Houston,Texas,77095,Central,OFF-PA-10000740,Office Supplies,Paper,Xerox 1982,146.176,8,0.2,47.5072
CA-2014-154011,6/19/2016,6/26/2016,Standard Class,DB-13270,Deborah Brumfield,Home Office,United States,Dallas,Texas,75081,Central,OFF-BI-10003166,Office Supplies,Binders,GBC Plasticlear Binding Covers,6.888,3,0.8,-11.0208
CA-2014-154011,6/19/2016,6/26/2016,Standard Class,DB-13270,Deborah Brumfield,Home Office,United States,Dallas,Texas,75081,Central,FUR-TA-10000688,Furniture,Tables,"Chromcraft Bull-Nose Wood Round Conference Table Top, Wood Base",457.485,3,0.3,-84.9615
CA-2014-155936,6/22/2016,6/29/2016,Standard Class,JK-15730,Joe Kamberova,Consumer,United States,Chicago,Illinois,60653,Central,OFF-BI-10002432,Office Supplies,Binders,Wilson Jones Standard D-Ring Binders,3.036,3,0.8,-5.0094
CA-2014-105823,6/22/2016,6/26/2016,Standard Class,RB-19465,Rick Bensley,Home Office,United States,Detroit,Michigan,48227,Central,FUR-CH-10000454,Furniture,Chairs,"Hon Deluxe Fabric Upholstered Stacking Chairs, Rounded Back",487.96,2,0,146.388
US-2014-151316,6/24/2016,6/30/2016,Standard Class,MC-17635,Matthew Clasen,Corporate,United States,Decatur,Illinois,62521,Central,OFF-BI-10004632,Office Supplies,Binders,Ibico Hi-Tech Manual Binding System,182.994,3,0.8,-320.2395
US-2014-151316,6/24/2016,6/30/2016,Standard Class,MC-17635,Matthew Clasen,Corporate,United States,Decatur,Illinois,62521,Central,OFF-PA-10000327,Office Supplies,Paper,Xerox 1971,10.272,3,0.2,3.21
CA-2014-134796,6/25/2016,7/1/2016,Standard Class,FM-14380,Fred McMath,Consumer,United States,Bolingbrook,Illinois,60440,Central,TEC-PH-10003505,Technology,Phones,Geemarc AmpliPOWER60,148.48,2,0.2,16.704
CA-2014-133256,6/26/2016,6/27/2016,First Class,TH-21550,Tracy Hopkins,Home Office,United States,Detroit,Michigan,48227,Central,OFF-PA-10001622,Office Supplies,Paper,"Ampad Poly Cover Wirebound Steno Book, 6"" x 9"" Assorted Colors, Gregg Ruled",4.54,1,0,2.043
CA-2014-133256,6/26/2016,6/27/2016,First Class,TH-21550,Tracy Hopkins,Home Office,United States,Detroit,Michigan,48227,Central,OFF-AR-10003158,Office Supplies,Art,Fluorescent Highlighters by Dixon,15.92,4,0,5.4128
CA-2014-133256,6/26/2016,6/27/2016,First Class,TH-21550,Tracy Hopkins,Home Office,United States,Detroit,Michigan,48227,Central,TEC-PH-10002660,Technology,Phones,Nortel Networks T7316 E Nt8 B27,543.92,8,0,135.98
CA-2014-157091,6/26/2016,7/1/2016,Standard Class,DB-13405,Denny Blanton,Consumer,United States,La Porte,Indiana,46350,Central,FUR-FU-10000293,Furniture,Furnishings,Eldon Antistatic Chair Mats for Low to Medium Pile Carpets,526.45,5,0,31.587
CA-2014-151190,6/27/2016,7/1/2016,Standard Class,GT-14710,Greg Tran,Consumer,United States,Omaha,Nebraska,68104,Central,OFF-PA-10000575,Office Supplies,Paper,"Wirebound Message Books, Four 2 3/4 x 5 White Forms per Page",20.07,3,0,9.2322
CA-2014-147039,6/29/2016,7/4/2016,Standard Class,AA-10315,Alex Avila,Consumer,United States,Minneapolis,Minnesota,55407,Central,OFF-AP-10000576,Office Supplies,Appliances,"Belkin 325VA UPS Surge Protector, 6'",362.94,3,0,90.735
CA-2014-147039,6/29/2016,7/4/2016,Standard Class,AA-10315,Alex Avila,Consumer,United States,Minneapolis,Minnesota,55407,Central,OFF-BI-10004654,Office Supplies,Binders,Avery Binding System Hidden Tab Executive Style Index Sets,11.54,2,0,5.77
US-2014-126081,6/29/2016,7/4/2016,Standard Class,FC-14335,Fred Chung,Corporate,United States,Mesquite,Texas,75150,Central,OFF-PA-10003953,Office Supplies,Paper,Xerox 218,5.184,1,0.2,1.8144
CA-2014-137449,6/29/2016,6/30/2016,First Class,ME-17725,Max Engle,Consumer,United States,Dallas,Texas,75220,Central,OFF-AP-10000240,Office Supplies,Appliances,Belkin F9G930V10-GRY 9 Outlet Surge,21.392,2,0.8,-54.5496
CA-2014-137449,6/29/2016,6/30/2016,First Class,ME-17725,Max Engle,Consumer,United States,Dallas,Texas,75220,Central,FUR-TA-10002855,Furniture,Tables,Bevis Round Conference Table Top & Single Column Base,307.314,3,0.3,-39.5118
CA-2014-137449,6/29/2016,6/30/2016,First Class,ME-17725,Max Engle,Consumer,United States,Dallas,Texas,75220,Central,FUR-BO-10000780,Furniture,Bookcases,O'Sullivan Plantations 2-Door Library in Landvery Oak,409.9992,3,0.32,-96.4704
CA-2014-163006,6/30/2016,7/4/2016,Second Class,GH-14410,Gary Hansen,Home Office,United States,Chicago,Illinois,60653,Central,TEC-PH-10002584,Technology,Phones,Samsung Galaxy S4,1001.584,2,0.2,125.198
CA-2014-163006,6/30/2016,7/4/2016,Second Class,GH-14410,Gary Hansen,Home Office,United States,Chicago,Illinois,60653,Central,FUR-CH-10000229,Furniture,Chairs,Global Enterprise Series Seating High-Back Swivel/Tilt Chairs,569.058,3,0.3,-178.8468
CA-2014-163006,6/30/2016,7/4/2016,Second Class,GH-14410,Gary Hansen,Home Office,United States,Chicago,Illinois,60653,Central,FUR-FU-10003799,Furniture,Furnishings,"Seth Thomas 13 1/2"" Wall Clock",14.224,2,0.6,-10.3124
US-2014-148362,7/1/2016,7/8/2016,Standard Class,KF-16285,Karen Ferguson,Home Office,United States,Indianapolis,Indiana,46203,Central,OFF-ST-10001128,Office Supplies,Storage,"Carina Mini System Audio Rack, Model AR050B",443.92,4,0,13.3176
US-2014-148362,7/1/2016,7/8/2016,Standard Class,KF-16285,Karen Ferguson,Home Office,United States,Indianapolis,Indiana,46203,Central,OFF-BI-10003656,Office Supplies,Binders,Fellowes PB200 Plastic Comb Binding Machine,169.99,1,0,78.1954
US-2014-148362,7/1/2016,7/8/2016,Standard Class,KF-16285,Karen Ferguson,Home Office,United States,Indianapolis,Indiana,46203,Central,OFF-PA-10003441,Office Supplies,Paper,Xerox 226,25.92,4,0,12.4416
CA-2014-107958,7/2/2016,7/5/2016,First Class,AH-10120,Adrian Hane,Home Office,United States,Houston,Texas,77036,Central,OFF-PA-10000357,Office Supplies,Paper,"White Dual Perf Computer Printout Paper, 2700 Sheets, 1 Part, Heavyweight, 20 lbs., 14 7/8 x 11",163.96,5,0.2,59.4355
CA-2014-107958,7/2/2016,7/5/2016,First Class,AH-10120,Adrian Hane,Home Office,United States,Houston,Texas,77036,Central,OFF-BI-10001787,Office Supplies,Binders,Wilson Jones Four-Pocket Poly Binders,5.232,4,0.8,-8.1096
CA-2014-111647,7/3/2016,7/7/2016,Standard Class,RD-19585,Rob Dowd,Consumer,United States,Plano,Texas,75023,Central,TEC-PH-10002726,Technology,Phones,netTALK DUO VoIP Telephone Service,167.968,4,0.2,62.988
CA-2014-121503,7/3/2016,7/6/2016,Second Class,FH-14275,Frank Hawley,Corporate,United States,Houston,Texas,77041,Central,OFF-PA-10001878,Office Supplies,Paper,Xerox 1891,273.896,7,0.2,92.4399
CA-2014-121503,7/3/2016,7/6/2016,Second Class,FH-14275,Frank Hawley,Corporate,United States,Houston,Texas,77041,Central,TEC-MA-10003674,Technology,Machines,Hewlett-Packard Deskjet 5550 Printer,597.132,3,0.4,49.761
CA-2014-100223,7/5/2016,7/10/2016,Standard Class,LS-16945,Linda Southworth,Corporate,United States,Dallas,Texas,75220,Central,FUR-FU-10003601,Furniture,Furnishings,"Deflect-o RollaMat Studded, Beveled Mat for Medium Pile Carpeting",332.028,9,0.6,-348.6294
CA-2014-100223,7/5/2016,7/10/2016,Standard Class,LS-16945,Linda Southworth,Corporate,United States,Dallas,Texas,75220,Central,OFF-BI-10003429,Office Supplies,Binders,"Cardinal HOLDit! Binder Insert Strips,Extra Strips",11.394,9,0.8,-17.6607
CA-2014-100223,7/5/2016,7/10/2016,Standard Class,LS-16945,Linda Southworth,Corporate,United States,Dallas,Texas,75220,Central,OFF-PA-10000232,Office Supplies,Paper,Xerox 1975,15.552,3,0.2,5.6376
CA-2014-100223,7/5/2016,7/10/2016,Standard Class,LS-16945,Linda Southworth,Corporate,United States,Dallas,Texas,75220,Central,OFF-PA-10002195,Office Supplies,Paper,Xerox 1966,31.104,6,0.2,11.2752
CA-2014-100223,7/5/2016,7/10/2016,Standard Class,LS-16945,Linda Southworth,Corporate,United States,Dallas,Texas,75220,Central,OFF-BI-10004492,Office Supplies,Binders,Tuf-Vin Binders,6.316,1,0.8,-10.4214
CA-2014-104388,7/5/2016,7/7/2016,First Class,DK-12835,Damala Kotsonis,Corporate,United States,Fremont,Nebraska,68025,Central,TEC-PH-10002293,Technology,Phones,Anker 36W 4-Port USB Wall Charger Travel Power Adapter for iPhone 5s 5c 5,79.96,4,0,22.3888
CA-2014-115651,7/9/2016,7/12/2016,First Class,NS-18640,Noel Staavos,Corporate,United States,Chicago,Illinois,60610,Central,OFF-AR-10001130,Office Supplies,Art,"Quartet Alpha White Chalk, 12/Pack",8.84,5,0.2,2.9835
CA-2014-115651,7/9/2016,7/12/2016,First Class,NS-18640,Noel Staavos,Corporate,United States,Chicago,Illinois,60610,Central,OFF-AP-10000055,Office Supplies,Appliances,Belkin F9S820V06 8 Outlet Surge,58.464,9,0.8,-146.16
CA-2014-132122,7/9/2016,7/14/2016,Standard Class,JH-15820,John Huston,Consumer,United States,Chicago,Illinois,60610,Central,OFF-ST-10003692,Office Supplies,Storage,Recycled Steel Personal File for Hanging File Folders,228.92,5,0.2,14.3075
CA-2014-145128,7/9/2016,7/14/2016,Standard Class,SM-20320,Sean Miller,Home Office,United States,Lafayette,Indiana,47905,Central,FUR-FU-10000293,Furniture,Furnishings,Eldon Antistatic Chair Mats for Low to Medium Pile Carpets,526.45,5,0,31.587
CA-2014-127460,7/10/2016,7/14/2016,Standard Class,FG-14260,Frank Gastineau,Home Office,United States,Aurora,Illinois,60505,Central,OFF-ST-10004340,Office Supplies,Storage,"Fellowes Mobile File Cart, Black",298.464,6,0.2,26.1156
CA-2014-127656,7/11/2016,7/17/2016,Standard Class,NW-18400,Natalie Webber,Consumer,United States,Waterloo,Iowa,50701,Central,OFF-AR-10001166,Office Supplies,Art,Staples in misc. colors,30.32,4,0,11.8248
CA-2014-102155,7/13/2016,7/17/2016,Standard Class,RR-19525,Rick Reed,Corporate,United States,Overland Park,Kansas,66212,Central,OFF-ST-10001496,Office Supplies,Storage,Standard Rollaway File with Lock,360.38,2,0,93.6988
CA-2014-102155,7/13/2016,7/17/2016,Standard Class,RR-19525,Rick Reed,Corporate,United States,Overland Park,Kansas,66212,Central,OFF-PA-10003673,Office Supplies,Paper,Strathmore Photo Mount Cards,13.56,2,0,6.2376
CA-2014-109778,7/16/2016,7/21/2016,Standard Class,VM-21685,Valerie Mitchum,Home Office,United States,Woodstock,Illinois,60098,Central,OFF-AR-10003759,Office Supplies,Art,"Crayola Anti Dust Chalk, 12/Pack",2.912,2,0.2,0.91
CA-2014-118640,7/20/2016,7/26/2016,Standard Class,CS-11950,Carlos Soltero,Consumer,United States,Chicago,Illinois,60610,Central,OFF-ST-10002974,Office Supplies,Storage,"Trav-L-File Heavy-Duty Shuttle II, Black",69.712,2,0.2,8.714
CA-2014-118640,7/20/2016,7/26/2016,Standard Class,CS-11950,Carlos Soltero,Consumer,United States,Chicago,Illinois,60610,Central,FUR-FU-10001475,Furniture,Furnishings,"Contract Clock, 14"", Brown",8.792,1,0.6,-5.7148
CA-2014-122035,7/20/2016,7/25/2016,Standard Class,EM-13825,Elizabeth Moffitt,Corporate,United States,Sioux Falls,South Dakota,57103,Central,OFF-LA-10004093,Office Supplies,Labels,Avery 486,14.62,2,0,6.8714
CA-2014-122035,7/20/2016,7/25/2016,Standard Class,EM-13825,Elizabeth Moffitt,Corporate,United States,Sioux Falls,South Dakota,57103,Central,OFF-AP-10002118,Office Supplies,Appliances,"1.7 Cubic Foot Compact ""Cube"" Office Refrigerators",416.32,2,0,112.4064
CA-2014-122035,7/20/2016,7/25/2016,Standard Class,EM-13825,Elizabeth Moffitt,Corporate,United States,Sioux Falls,South Dakota,57103,Central,OFF-BI-10000404,Office Supplies,Binders,Avery Printable Repositionable Plastic Tabs,43,5,0,20.21
CA-2014-122035,7/20/2016,7/25/2016,Standard Class,EM-13825,Elizabeth Moffitt,Corporate,United States,Sioux Falls,South Dakota,57103,Central,FUR-CH-10003833,Furniture,Chairs,Novimex Fabric Task Chair,182.94,3,0,27.441
CA-2014-122035,7/20/2016,7/25/2016,Standard Class,EM-13825,Elizabeth Moffitt,Corporate,United States,Sioux Falls,South Dakota,57103,Central,OFF-BI-10002072,Office Supplies,Binders,Cardinal Slant-D Ring Binders,60.83,7,0,30.415
CA-2014-122035,7/20/2016,7/25/2016,Standard Class,EM-13825,Elizabeth Moffitt,Corporate,United States,Sioux Falls,South Dakota,57103,Central,TEC-AC-10003095,Technology,Accessories,Logitech G35 7.1-Channel Surround Sound Headset,389.97,3,0,132.5898
CA-2014-150497,7/20/2016,7/24/2016,Standard Class,SM-20950,Suzanne McNair,Corporate,United States,Maple Grove,Minnesota,55369,Central,OFF-BI-10004600,Office Supplies,Binders,Ibico Ibimaster 300 Manual Binding System,735.98,2,0,331.191
US-2014-123834,7/21/2016,7/25/2016,Standard Class,GM-14500,Gene McClure,Consumer,United States,Pharr,Texas,78577,Central,FUR-TA-10001676,Furniture,Tables,Hon 61000 Series Interactive Training Tables,124.404,4,0.3,-21.3264
CA-2014-103478,7/21/2016,7/24/2016,Second Class,KL-16555,Kelly Lampkin,Corporate,United States,Aurora,Illinois,60505,Central,OFF-BI-10001890,Office Supplies,Binders,Avery Poly Binder Pockets,2.864,4,0.8,-4.5824
CA-2014-103478,7/21/2016,7/24/2016,Second Class,KL-16555,Kelly Lampkin,Corporate,United States,Aurora,Illinois,60505,Central,OFF-BI-10004224,Office Supplies,Binders,Catalog Binders with Expanding Posts,94.192,7,0.8,-164.836
CA-2014-145093,7/21/2016,7/26/2016,Standard Class,PT-19090,Pete Takahito,Consumer,United States,Chicago,Illinois,60623,Central,OFF-BI-10001116,Office Supplies,Binders,"Wilson Jones 1"" Hanging DublLock Ring Binders",2.112,2,0.8,-3.3792
US-2014-106551,7/22/2016,7/27/2016,Standard Class,EB-13930,Eric Barreto,Consumer,United States,Chicago,Illinois,60653,Central,FUR-CH-10004997,Furniture,Chairs,Hon Every-Day Series Multi-Task Chairs,526.344,4,0.3,-75.192
US-2014-169320,7/23/2016,7/25/2016,Second Class,LH-16900,Lena Hernandez,Consumer,United States,Elkhart,Indiana,46514,Central,OFF-AR-10003602,Office Supplies,Art,"Quartet Omega Colored Chalk, 12/Pack",11.68,2,0,5.4896
US-2014-169320,7/23/2016,7/25/2016,Second Class,LH-16900,Lena Hernandez,Consumer,United States,Elkhart,Indiana,46514,Central,TEC-AC-10002550,Technology,Accessories,"Memorex 25GB 6X Branded Blu-Ray Recordable Disc, 30/Pack",159.75,5,0,11.1825
US-2014-101721,7/23/2016,7/27/2016,Standard Class,MY-17380,Maribeth Yedwab,Corporate,United States,Chicago,Illinois,60623,Central,OFF-PA-10003641,Office Supplies,Paper,Xerox 1909,63.312,3,0.2,20.5764
CA-2014-118346,7/23/2016,7/24/2016,First Class,PO-19180,Philisse Overcash,Home Office,United States,Kenosha,Wisconsin,53142,Central,TEC-AC-10000736,Technology,Accessories,Logitech G600 MMO Gaming Mouse,399.95,5,0,143.982
CA-2014-110940,7/23/2016,7/28/2016,Standard Class,AZ-10750,Annie Zypern,Consumer,United States,Wheeling,Illinois,60090,Central,OFF-AR-10000380,Office Supplies,Art,"Hunt PowerHouse Electric Pencil Sharpener, Blue",121.536,4,0.2,15.192
CA-2014-169810,7/25/2016,7/31/2016,Standard Class,RB-19360,Raymond Buch,Consumer,United States,Sioux Falls,South Dakota,57103,Central,OFF-LA-10003663,Office Supplies,Labels,Avery 498,20.23,7,0,9.5081
CA-2014-167549,7/25/2016,7/27/2016,First Class,EM-14200,Evan Minnotte,Home Office,United States,Dallas,Texas,75217,Central,FUR-TA-10004767,Furniture,Tables,Safco Drafting Table,298.116,6,0.3,-4.2588
CA-2014-130771,7/29/2016,8/3/2016,Standard Class,LA-16780,Laura Armstrong,Corporate,United States,Austin,Texas,78745,Central,OFF-FA-10003059,Office Supplies,Fasteners,Assorted Color Push Pins,2.896,2,0.2,0.4706
CA-2014-130771,7/29/2016,8/3/2016,Standard Class,LA-16780,Laura Armstrong,Corporate,United States,Austin,Texas,78745,Central,TEC-PH-10002496,Technology,Phones,Cisco SPA301,124.792,1,0.2,15.599
US-2014-130953,7/29/2016,8/3/2016,Standard Class,RF-19735,Roland Fjeld,Consumer,United States,Oklahoma City,Oklahoma,73120,Central,OFF-BI-10004828,Office Supplies,Binders,GBC Poly Designer Binding Covers,33.48,2,0,16.4052
US-2014-130953,7/29/2016,8/3/2016,Standard Class,RF-19735,Roland Fjeld,Consumer,United States,Oklahoma City,Oklahoma,73120,Central,TEC-PH-10003012,Technology,Phones,Nortel Meridian M3904 Professional Digital phone,461.97,3,0,133.9713
US-2014-130953,7/29/2016,8/3/2016,Standard Class,RF-19735,Roland Fjeld,Consumer,United States,Oklahoma City,Oklahoma,73120,Central,OFF-AP-10002311,Office Supplies,Appliances,"Holmes Replacement Filter for HEPA Air Cleaner, Very Large Room, HEPA Filter",137.62,2,0,60.5528
US-2014-130953,7/29/2016,8/3/2016,Standard Class,RF-19735,Roland Fjeld,Consumer,United States,Oklahoma City,Oklahoma,73120,Central,FUR-CH-10004626,Furniture,Chairs,Office Star Flex Back Scooter Chair with Aluminum Finish Frame,302.67,3,0,72.6408
CA-2014-115805,7/31/2016,7/31/2016,Same Day,KW-16435,Katrina Willman,Consumer,United States,Chicago,Illinois,60653,Central,TEC-PH-10003092,Technology,Phones,Motorola L804,36.792,1,0.2,4.1391
US-2014-165869,7/31/2016,8/5/2016,Standard Class,LS-17200,Luke Schmidt,Corporate,United States,Milwaukee,Wisconsin,53209,Central,OFF-BI-10003460,Office Supplies,Binders,Acco 3-Hole Punch,17.52,4,0,8.4096
US-2014-165869,7/31/2016,8/5/2016,Standard Class,LS-17200,Luke Schmidt,Corporate,United States,Milwaukee,Wisconsin,53209,Central,OFF-AP-10002472,Office Supplies,Appliances,3M Office Air Cleaner,155.88,6,0,54.558
CA-2014-135034,8/1/2016,8/3/2016,First Class,AT-10735,Annie Thurman,Consumer,United States,Chicago,Illinois,60653,Central,TEC-PH-10003931,Technology,Phones,JBL Micro Wireless Portable Bluetooth Speaker,95.984,2,0.2,5.999
CA-2014-162691,8/1/2016,8/7/2016,Standard Class,AS-10045,Aaron Smayling,Corporate,United States,Austin,Texas,78745,Central,TEC-MA-10000488,Technology,Machines,Bady BDG101FRU Card Printer,1439.982,3,0.4,-263.9967
CA-2014-162691,8/1/2016,8/7/2016,Standard Class,AS-10045,Aaron Smayling,Corporate,United States,Austin,Texas,78745,Central,OFF-PA-10003729,Office Supplies,Paper,Xerox 1998,36.288,7,0.2,12.7008
CA-2014-165386,8/3/2016,8/4/2016,First Class,CM-12190,Charlotte Melton,Consumer,United States,Chicago,Illinois,60623,Central,FUR-BO-10003034,Furniture,Bookcases,"O'Sullivan Elevations Bookcase, Cherry Finish",183.372,2,0.3,-36.6744
CA-2014-140781,8/3/2016,8/7/2016,Standard Class,AB-10105,Adrian Barton,Consumer,United States,Bloomington,Illinois,61701,Central,TEC-AC-10000682,Technology,Accessories,Kensington K72356US Mouse-in-a-Box USB Desktop Mouse,39.816,3,0.2,7.4655
CA-2014-146367,8/4/2016,8/8/2016,Standard Class,HM-14860,Harry Marie,Corporate,United States,Carrollton,Texas,75007,Central,OFF-BI-10002827,Office Supplies,Binders,Avery Durable Poly Binders,3.318,3,0.8,-5.6406
CA-2014-154676,8/5/2016,8/8/2016,First Class,NZ-18565,Nick Zandusky,Home Office,United States,Houston,Texas,77070,Central,OFF-ST-10001172,Office Supplies,Storage,"Tennsco Lockers, Sand",151.056,9,0.2,7.5528
CA-2014-128328,8/5/2016,8/9/2016,Standard Class,PO-18865,Patrick O'Donnell,Consumer,United States,Indianapolis,Indiana,46203,Central,OFF-BI-10001989,Office Supplies,Binders,Premium Transparent Presentation Covers by GBC,125.88,6,0,60.4224
CA-2014-128328,8/5/2016,8/9/2016,Standard Class,PO-18865,Patrick O'Donnell,Consumer,United States,Indianapolis,Indiana,46203,Central,TEC-AC-10001714,Technology,Accessories,Logitech MX Performance Wireless Mouse,79.78,2,0,29.5186
CA-2014-128328,8/5/2016,8/9/2016,Standard Class,PO-18865,Patrick O'Donnell,Consumer,United States,Indianapolis,Indiana,46203,Central,OFF-LA-10003498,Office Supplies,Labels,Avery 475,133.2,9,0,66.6
CA-2014-136609,8/6/2016,8/11/2016,Standard Class,TB-21355,Todd Boyes,Corporate,United States,Cedar Hill,Texas,75104,Central,OFF-PA-10004381,Office Supplies,Paper,14-7/8 x 11 Blue Bar Computer Printout Paper,115.296,3,0.2,40.3536
CA-2014-158344,8/7/2016,8/11/2016,Standard Class,CC-12475,Cindy Chapman,Consumer,United States,Moorhead,Minnesota,56560,Central,TEC-AC-10002006,Technology,Accessories,Memorex Micro Travel Drive 16 GB,63.96,4,0,19.8276
CA-2014-110821,8/7/2016,8/8/2016,First Class,CK-12205,Chloris Kastensmidt,Consumer,United States,Dallas,Texas,75081,Central,TEC-AC-10001552,Technology,Accessories,Logitech K350 2.4Ghz Wireless Keyboard,119.448,3,0.2,-13.4379
CA-2014-110821,8/7/2016,8/8/2016,First Class,CK-12205,Chloris Kastensmidt,Consumer,United States,Dallas,Texas,75081,Central,OFF-ST-10002790,Office Supplies,Storage,Safco Industrial Shelving,118.16,2,0.2,-25.109
CA-2014-143063,8/10/2016,8/15/2016,Standard Class,IL-15100,Ivan Liston,Consumer,United States,Columbus,Indiana,47201,Central,OFF-EN-10003134,Office Supplies,Envelopes,Staple envelope,70.08,6,0,35.04
CA-2014-143063,8/10/2016,8/15/2016,Standard Class,IL-15100,Ivan Liston,Consumer,United States,Columbus,Indiana,47201,Central,FUR-FU-10003708,Furniture,Furnishings,"Tenex Traditional Chairmats for Medium Pile Carpet, Standard Lip, 36"" x 48""",121.3,2,0,25.473
CA-2014-143063,8/10/2016,8/15/2016,Standard Class,IL-15100,Ivan Liston,Consumer,United States,Columbus,Indiana,47201,Central,TEC-PH-10003645,Technology,Phones,Aastra 57i VoIP phone,1454.49,9,0,378.1674
CA-2014-145443,8/10/2016,8/15/2016,Second Class,SC-20695,Steve Chapman,Corporate,United States,Richmond,Indiana,47374,Central,OFF-PA-10003302,Office Supplies,Paper,Xerox 1906,177.2,5,0,83.284
CA-2014-139311,8/11/2016,8/13/2016,First Class,SF-20965,Sylvia Foulston,Corporate,United States,Bedford,Texas,76021,Central,OFF-PA-10001776,Office Supplies,Paper,"Wirebound Message Books, Four 2 3/4"" x 5"" Forms per Page, 600 Sets per Book",29.664,4,0.2,10.0116
CA-2014-139311,8/11/2016,8/13/2016,First Class,SF-20965,Sylvia Foulston,Corporate,United States,Bedford,Texas,76021,Central,OFF-AR-10004582,Office Supplies,Art,BIC Brite Liner Grip Highlighters,9.184,7,0.2,2.87
CA-2014-139311,8/11/2016,8/13/2016,First Class,SF-20965,Sylvia Foulston,Corporate,United States,Bedford,Texas,76021,Central,TEC-PH-10001557,Technology,Phones,Pyle PMP37LED,153.584,2,0.2,13.4386
CA-2014-139311,8/11/2016,8/13/2016,First Class,SF-20965,Sylvia Foulston,Corporate,United States,Bedford,Texas,76021,Central,OFF-BI-10004209,Office Supplies,Binders,"Fellowes Twister Kit, Gray/Clear, 3/pkg",12.864,8,0.8,-22.512
CA-2014-144883,8/15/2016,8/19/2016,Standard Class,BO-11350,Bill Overfelt,Corporate,United States,Roseville,Minnesota,55113,Central,OFF-LA-10000305,Office Supplies,Labels,Avery 495,50.4,8,0,23.184
CA-2014-133102,8/17/2016,8/24/2016,Standard Class,ED-13885,Emily Ducich,Home Office,United States,Houston,Texas,77095,Central,OFF-SU-10000432,Office Supplies,Supplies,Acco Side-Punched Conventional Columnar Pads,5.552,2,0.2,-1.041
CA-2014-133102,8/17/2016,8/24/2016,Standard Class,ED-13885,Emily Ducich,Home Office,United States,Houston,Texas,77095,Central,OFF-AR-10003183,Office Supplies,Art,Avery Fluorescent Highlighter Four-Color Set,8.016,3,0.2,1.002
CA-2014-133102,8/17/2016,8/24/2016,Standard Class,ED-13885,Emily Ducich,Home Office,United States,Houston,Texas,77095,Central,FUR-CH-10002017,Furniture,Chairs,SAFCO Optional Arm Kit for Workspace Cribbage Stacking Chair,74.592,4,0.3,-2.1312
CA-2014-133102,8/17/2016,8/24/2016,Standard Class,ED-13885,Emily Ducich,Home Office,United States,Houston,Texas,77095,Central,FUR-FU-10003247,Furniture,Furnishings,36X48 HARDFLOOR CHAIRMAT,16.784,2,0.6,-22.2388
CA-2014-133102,8/17/2016,8/24/2016,Standard Class,ED-13885,Emily Ducich,Home Office,United States,Houston,Texas,77095,Central,OFF-AP-10001563,Office Supplies,Appliances,Belkin Premiere Surge Master II 8-outlet surge protector,38.864,4,0.8,-99.1032
CA-2014-112809,8/18/2016,8/22/2016,Standard Class,RA-19915,Russell Applegate,Consumer,United States,Dallas,Texas,75220,Central,OFF-ST-10002276,Office Supplies,Storage,Safco Steel Mobile File Cart,200.064,3,0.2,12.504
CA-2014-112809,8/18/2016,8/22/2016,Standard Class,RA-19915,Russell Applegate,Consumer,United States,Dallas,Texas,75220,Central,OFF-BI-10001098,Office Supplies,Binders,Acco D-Ring Binder w/DublLock,21.38,5,0.8,-33.139
CA-2014-112809,8/18/2016,8/22/2016,Standard Class,RA-19915,Russell Applegate,Consumer,United States,Dallas,Texas,75220,Central,OFF-BI-10001636,Office Supplies,Binders,Ibico Plastic and Wire Spiral Binding Combs,6.744,4,0.8,-11.4648
CA-2014-101728,8/19/2016,8/23/2016,Standard Class,SC-20575,Sonia Cooley,Consumer,United States,Chicago,Illinois,60653,Central,OFF-BI-10002393,Office Supplies,Binders,Binder Posts,2.296,2,0.8,-3.9032
CA-2014-126956,8/21/2016,8/28/2016,Standard Class,GT-14710,Greg Tran,Consumer,United States,Lakeville,Minnesota,55044,Central,OFF-FA-10002280,Office Supplies,Fasteners,Advantus Plastic Paper Clips,35,7,0,16.8
CA-2014-126956,8/21/2016,8/28/2016,Standard Class,GT-14710,Greg Tran,Consumer,United States,Lakeville,Minnesota,55044,Central,OFF-SU-10000381,Office Supplies,Supplies,Acme Forged Steel Scissors with Black Enamel Handles,37.24,4,0,10.7996
CA-2014-126956,8/21/2016,8/28/2016,Standard Class,GT-14710,Greg Tran,Consumer,United States,Lakeville,Minnesota,55044,Central,OFF-EN-10004459,Office Supplies,Envelopes,Security-Tint Envelopes,15.28,2,0,7.4872
CA-2014-157350,8/26/2016,9/1/2016,Standard Class,DP-13000,Darren Powers,Consumer,United States,Chicago,Illinois,60610,Central,FUR-FU-10000222,Furniture,Furnishings,"Seth Thomas 16"" Steel Case Clock",64.96,5,0.6,-43.848
CA-2014-132584,8/26/2016,8/27/2016,First Class,HJ-14875,Heather Jas,Home Office,United States,Detroit,Michigan,48234,Central,OFF-ST-10000344,Office Supplies,Storage,"Neat Ideas Personal Hanging Folder Files, Black",53.72,4,0,13.9672
CA-2014-155047,8/27/2016,8/30/2016,First Class,SE-20110,Sanjit Engle,Consumer,United States,Dallas,Texas,75220,Central,OFF-AR-10003338,Office Supplies,Art,"Eberhard Faber 3 1/2"" Golf Pencils",5.952,1,0.2,0.372
CA-2014-146920,8/28/2016,9/1/2016,Standard Class,SC-20305,Sean Christensen,Consumer,United States,Chicago,Illinois,60623,Central,OFF-PA-10002479,Office Supplies,Paper,Xerox 4200 Series MultiUse Premium Copy Paper (20Lb. and 84 Bright),25.344,6,0.2,7.92
CA-2014-146920,8/28/2016,9/1/2016,Standard Class,SC-20305,Sean Christensen,Consumer,United States,Chicago,Illinois,60623,Central,OFF-PA-10001461,Office Supplies,Paper,HP Office Paper (20Lb. and 87 Bright),26.72,5,0.2,9.352
US-2014-169502,8/28/2016,9/1/2016,Standard Class,MG-17650,Matthew Grinstein,Home Office,United States,Milwaukee,Wisconsin,53209,Central,OFF-SU-10004115,Office Supplies,Supplies,Acme Stainless Steel Office Snips,21.81,3,0,5.8887
US-2014-169502,8/28/2016,9/1/2016,Standard Class,MG-17650,Matthew Grinstein,Home Office,United States,Milwaukee,Wisconsin,53209,Central,OFF-AP-10001947,Office Supplies,Appliances,Acco 6 Outlet Guardian Premium Plus Surge Suppressor,91.6,5,0,26.564
CA-2014-144064,8/29/2016,9/1/2016,First Class,CP-12085,Cathy Prescott,Corporate,United States,Quincy,Illinois,62301,Central,OFF-LA-10004544,Office Supplies,Labels,Avery 505,47.36,4,0.2,17.76
CA-2014-144064,8/29/2016,9/1/2016,First Class,CP-12085,Cathy Prescott,Corporate,United States,Quincy,Illinois,62301,Central,OFF-ST-10004507,Office Supplies,Storage,Advantus Rolling Storage Box,27.44,2,0.2,2.401
CA-2014-144064,8/29/2016,9/1/2016,First Class,CP-12085,Cathy Prescott,Corporate,United States,Quincy,Illinois,62301,Central,OFF-BI-10002012,Office Supplies,Binders,Wilson Jones Easy Flow II Sheet Lifters,3.24,9,0.8,-5.184
CA-2014-133004,8/31/2016,9/5/2016,Standard Class,AJ-10945,Ashley Jarboe,Consumer,United States,Lawrence,Indiana,46226,Central,OFF-AP-10002439,Office Supplies,Appliances,Tripp Lite Isotel 8 Ultra 8 Outlet Metal Surge,638.73,9,0,166.0698
CA-2014-145653,9/1/2016,9/1/2016,Same Day,CA-12775,Cynthia Arntzen,Consumer,United States,Detroit,Michigan,48205,Central,FUR-CH-10004875,Furniture,Chairs,Harbour Creations 67200 Series Stacking Chairs,498.26,7,0,134.5302
CA-2014-137596,9/2/2016,9/7/2016,Standard Class,BE-11335,Bill Eplett,Home Office,United States,Jackson,Michigan,49201,Central,TEC-PH-10001494,Technology,Phones,Polycom CX600 IP Phone VoIP phone,1199.8,4,0,323.946
CA-2014-137596,9/2/2016,9/7/2016,Standard Class,BE-11335,Bill Eplett,Home Office,United States,Jackson,Michigan,49201,Central,TEC-AC-10004666,Technology,Accessories,Maxell iVDR EX 500GB Cartridge,1928.78,7,0,829.3754
CA-2014-137596,9/2/2016,9/7/2016,Standard Class,BE-11335,Bill Eplett,Home Office,United States,Jackson,Michigan,49201,Central,OFF-ST-10003816,Office Supplies,Storage,Fellowes High-Stak Drawer Files,352.38,2,0,81.0474
CA-2014-111220,9/2/2016,9/8/2016,Standard Class,JS-15595,Jill Stevenson,Corporate,United States,Chicago,Illinois,60653,Central,OFF-FA-10002280,Office Supplies,Fasteners,Advantus Plastic Paper Clips,16,4,0.2,5.6
CA-2014-111220,9/2/2016,9/8/2016,Standard Class,JS-15595,Jill Stevenson,Corporate,United States,Chicago,Illinois,60653,Central,OFF-AP-10003278,Office Supplies,Appliances,Belkin 7-Outlet SurgeMaster Home Series,5.588,2,0.8,-15.0876
CA-2014-111220,9/2/2016,9/8/2016,Standard Class,JS-15595,Jill Stevenson,Corporate,United States,Chicago,Illinois,60653,Central,OFF-ST-10003994,Office Supplies,Storage,"Belkin 19"" Center-Weighted Shelf, Gray",235.92,5,0.2,-44.235
CA-2014-113075,9/2/2016,9/6/2016,Standard Class,MC-18100,Mick Crebagga,Consumer,United States,Chicago,Illinois,60623,Central,TEC-AC-10003441,Technology,Accessories,Kingston Digital DataTraveler 32GB USB 2.0,40.68,3,0.2,-7.119
US-2014-122637,9/3/2016,9/8/2016,Second Class,EP-13915,Emily Phan,Consumer,United States,Chicago,Illinois,60653,Central,OFF-BI-10002429,Office Supplies,Binders,"Premier Elliptical Ring Binder, Black",42.616,7,0.8,-68.1856
CA-2014-161557,9/3/2016,9/8/2016,Standard Class,AG-10900,Arthur Gainer,Consumer,United States,Dallas,Texas,75217,Central,FUR-FU-10004622,Furniture,Furnishings,Eldon Advantage Foldable Chair Mats for Low Pile Carpets,108.4,5,0.6,-105.69
CA-2014-167626,9/3/2016,9/7/2016,Standard Class,MY-18295,Muhammed Yedwab,Corporate,United States,Chicago,Illinois,60623,Central,OFF-PA-10003424,Office Supplies,Paper,"""While you Were Out"" Message Book, One Form per Page",8.904,3,0.2,3.339
CA-2014-167626,9/3/2016,9/7/2016,Standard Class,MY-18295,Muhammed Yedwab,Corporate,United States,Chicago,Illinois,60623,Central,TEC-AC-10004353,Technology,Accessories,Hypercom P1300 Pinpad,100.8,2,0.2,21.42
CA-2014-152485,9/4/2016,9/8/2016,Standard Class,JD-15790,John Dryer,Consumer,United States,Coppell,Texas,75019,Central,OFF-AR-10003759,Office Supplies,Art,"Crayola Anti Dust Chalk, 12/Pack",10.192,7,0.2,3.185
CA-2014-152485,9/4/2016,9/8/2016,Standard Class,JD-15790,John Dryer,Consumer,United States,Coppell,Texas,75019,Central,OFF-ST-10004950,Office Supplies,Storage,Acco Perma 3000 Stacking Storage Drawers,16.784,1,0.2,-0.2098
CA-2014-152485,9/4/2016,9/8/2016,Standard Class,JD-15790,John Dryer,Consumer,United States,Coppell,Texas,75019,Central,OFF-AR-10001940,Office Supplies,Art,"Sanford Colorific Eraseable Coloring Pencils, 12 Count",13.12,5,0.2,3.772
CA-2014-140326,9/4/2016,9/6/2016,First Class,HW-14935,Helen Wasserman,Corporate,United States,Chicago,Illinois,60653,Central,FUR-BO-10000112,Furniture,Bookcases,"Bush Birmingham Collection Bookcase, Dark Cherry",825.174,9,0.3,-117.882
CA-2014-140326,9/4/2016,9/6/2016,First Class,HW-14935,Helen Wasserman,Corporate,United States,Chicago,Illinois,60653,Central,OFF-PA-10004041,Office Supplies,Paper,"It's Hot Message Books with Stickers, 2 3/4"" x 5""",17.76,3,0.2,5.55
CA-2014-140326,9/4/2016,9/6/2016,First Class,HW-14935,Helen Wasserman,Corporate,United States,Chicago,Illinois,60653,Central,OFF-AR-10001149,Office Supplies,Art,"Sanford Colorific Colored Pencils, 12/Box",6.912,3,0.2,0.864
CA-2014-100783,9/4/2016,9/8/2016,Second Class,JK-16120,Julie Kriz,Home Office,United States,Garland,Texas,75043,Central,OFF-AR-10000380,Office Supplies,Art,"Hunt PowerHouse Electric Pencil Sharpener, Blue",30.384,1,0.2,3.798
CA-2014-100335,9/7/2016,9/13/2016,Standard Class,NF-18595,Nicole Fjeld,Home Office,United States,Chicago,Illinois,60610,Central,OFF-PA-10001685,Office Supplies,Paper,Easy-staple paper,73.008,9,0.2,26.4654
CA-2014-103877,9/7/2016,9/14/2016,Standard Class,RD-19660,Robert Dilbeck,Home Office,United States,Independence,Missouri,64055,Central,OFF-BI-10003650,Office Supplies,Binders,GBC DocuBind 300 Electric Binding Machine,1577.94,3,0,757.4112
US-2014-104094,9/7/2016,9/11/2016,Standard Class,AG-10675,Anna Gayman,Consumer,United States,Milwaukee,Wisconsin,53209,Central,TEC-AC-10002134,Technology,Accessories,Rosewill 107 Normal Keys USB Wired Standard Keyboard,13.48,1,0,1.8872
CA-2014-128783,9/7/2016,9/7/2016,Same Day,TG-21640,Trudy Glocke,Consumer,United States,Saint Charles,Missouri,63301,Central,TEC-AC-10002473,Technology,Accessories,Maxell 4.7GB DVD-R,113.52,4,0,46.5432
CA-2014-128783,9/7/2016,9/7/2016,Same Day,TG-21640,Trudy Glocke,Consumer,United States,Saint Charles,Missouri,63301,Central,FUR-FU-10003623,Furniture,Furnishings,"DataProducts Ampli Magnifier Task Lamp, Black,",135.3,5,0,37.884
US-2014-124968,9/8/2016,9/13/2016,Second Class,MM-18055,Michelle Moray,Consumer,United States,Chicago,Illinois,60610,Central,FUR-TA-10004289,Furniture,Tables,BoxOffice By Design Rectangular and Half-Moon Meeting Room Tables,765.625,7,0.5,-566.5625
CA-2014-126396,9/8/2016,9/12/2016,Second Class,AR-10345,Alex Russell,Corporate,United States,Houston,Texas,77070,Central,TEC-AC-10003116,Technology,Accessories,Memorex Froggy Flash Drive 8 GB,85.2,6,0.2,20.235
US-2014-124779,9/8/2016,9/11/2016,First Class,BF-11020,Barry Französisch,Corporate,United States,Arlington,Texas,76017,Central,OFF-BI-10002429,Office Supplies,Binders,"Premier Elliptical Ring Binder, Black",42.616,7,0.8,-68.1856
US-2014-124779,9/8/2016,9/11/2016,First Class,BF-11020,Barry Französisch,Corporate,United States,Arlington,Texas,76017,Central,TEC-CO-10001943,Technology,Copiers,Canon PC-428 Personal Copier,319.984,2,0.2,107.9946
US-2014-124779,9/8/2016,9/11/2016,First Class,BF-11020,Barry Französisch,Corporate,United States,Arlington,Texas,76017,Central,OFF-FA-10004854,Office Supplies,Fasteners,"Vinyl Coated Wire Paper Clips in Organizer Box, 800/Box",45.92,5,0.2,15.498
US-2014-124779,9/8/2016,9/11/2016,First Class,BF-11020,Barry Französisch,Corporate,United States,Arlington,Texas,76017,Central,FUR-FU-10001095,Furniture,Furnishings,DAX Black Cherry Wood-Tone Poster Frame,21.184,2,0.6,-11.6512
US-2014-124779,9/8/2016,9/11/2016,First Class,BF-11020,Barry Französisch,Corporate,United States,Arlington,Texas,76017,Central,OFF-PA-10000061,Office Supplies,Paper,Xerox 205,20.736,4,0.2,7.2576
US-2014-124779,9/8/2016,9/11/2016,First Class,BF-11020,Barry Französisch,Corporate,United States,Arlington,Texas,76017,Central,FUR-CH-10003535,Furniture,Chairs,"Global Armless Task Chair, Royal Blue",213.43,5,0.3,-39.637
US-2014-159562,9/9/2016,9/15/2016,Standard Class,JB-16000,Joy Bell-,Consumer,United States,Roseville,Michigan,48066,Central,OFF-EN-10000461,Office Supplies,Envelopes,"#10- 4 1/8"" x 9 1/2"" Recycled Envelopes",17.48,2,0,8.2156
CA-2014-139444,9/9/2016,9/15/2016,Standard Class,GK-14620,Grace Kelly,Corporate,United States,Plano,Texas,75023,Central,OFF-LA-10000134,Office Supplies,Labels,Avery 511,9.856,4,0.2,3.4496
CA-2014-120999,9/10/2016,9/15/2016,Standard Class,LC-16930,Linda Cazamias,Corporate,United States,Naperville,Illinois,60540,Central,TEC-PH-10004093,Technology,Phones,Panasonic Kx-TS550,147.168,4,0.2,16.5564
CA-2014-110905,9/10/2016,9/15/2016,Second Class,RW-19690,Robert Waldorf,Consumer,United States,Springfield,Missouri,65807,Central,OFF-BI-10003669,Office Supplies,Binders,3M Organizer Strips,16.2,3,0,7.776
CA-2014-110905,9/10/2016,9/15/2016,Second Class,RW-19690,Robert Waldorf,Consumer,United States,Springfield,Missouri,65807,Central,OFF-AP-10004785,Office Supplies,Appliances,"Holmes Replacement Filter for HEPA Air Cleaner, Medium Room",33.99,3,0,14.6157
CA-2014-110905,9/10/2016,9/15/2016,Second Class,RW-19690,Robert Waldorf,Consumer,United States,Springfield,Missouri,65807,Central,TEC-AC-10003023,Technology,Accessories,Logitech G105 Gaming Keyboard,296.85,5,0,53.433
CA-2014-110905,9/10/2016,9/15/2016,Second Class,RW-19690,Robert Waldorf,Consumer,United States,Springfield,Missouri,65807,Central,TEC-AC-10002217,Technology,Accessories,Imation Clip USB flash drive - 8 GB,112.8,6,0,6.768
CA-2014-110905,9/10/2016,9/15/2016,Second Class,RW-19690,Robert Waldorf,Consumer,United States,Springfield,Missouri,65807,Central,OFF-BI-10002954,Office Supplies,Binders,Newell 3-Hole Punched Plastic Slotted Magazine Holders for Binders,13.71,3,0,6.5808
CA-2014-110905,9/10/2016,9/15/2016,Second Class,RW-19690,Robert Waldorf,Consumer,United States,Springfield,Missouri,65807,Central,OFF-PA-10002586,Office Supplies,Paper,Xerox 1970,24.9,5,0,11.703
CA-2014-110905,9/10/2016,9/15/2016,Second Class,RW-19690,Robert Waldorf,Consumer,United States,Springfield,Missouri,65807,Central,OFF-ST-10000025,Office Supplies,Storage,Fellowes Stor/Drawer Steel Plus Storage Drawers,286.29,3,0,17.1774
CA-2014-110905,9/10/2016,9/15/2016,Second Class,RW-19690,Robert Waldorf,Consumer,United States,Springfield,Missouri,65807,Central,OFF-AP-10003281,Office Supplies,Appliances,Acco 6 Outlet Guardian Standard Surge Suppressor,24.18,2,0,7.254
CA-2014-152093,9/10/2016,9/15/2016,Standard Class,SN-20560,Skye Norling,Home Office,United States,Chicago,Illinois,60653,Central,OFF-BI-10003527,Office Supplies,Binders,Fellowes PB500 Electric Punch Plastic Comb Binding Machine with Manual Bind,762.594,3,0.8,-1143.891
CA-2014-117044,9/11/2016,9/13/2016,Second Class,HA-14920,Helen Andreada,Consumer,United States,Chicago,Illinois,60623,Central,OFF-FA-10000936,Office Supplies,Fasteners,Acco Hot Clips Clips to Go,10.528,4,0.2,3.29
CA-2014-117044,9/11/2016,9/13/2016,Second Class,HA-14920,Helen Andreada,Consumer,United States,Chicago,Illinois,60623,Central,OFF-PA-10003657,Office Supplies,Paper,Xerox 1927,20.544,6,0.2,6.42
US-2014-160836,9/11/2016,9/16/2016,Standard Class,CC-12475,Cindy Chapman,Consumer,United States,Houston,Texas,77070,Central,OFF-PA-10004239,Office Supplies,Paper,Xerox 1953,10.272,3,0.2,3.21
US-2014-160836,9/11/2016,9/16/2016,Standard Class,CC-12475,Cindy Chapman,Consumer,United States,Houston,Texas,77070,Central,FUR-TA-10002855,Furniture,Tables,Bevis Round Conference Table Top & Single Column Base,512.19,5,0.3,-65.853
US-2014-160836,9/11/2016,9/16/2016,Standard Class,CC-12475,Cindy Chapman,Consumer,United States,Houston,Texas,77070,Central,OFF-AP-10001626,Office Supplies,Appliances,"Commercial WindTunnel Clean Air Upright Vacuum, Replacement Belts, Filtration Bags",1.556,2,0.8,-4.2012
CA-2014-114440,9/14/2016,9/17/2016,Second Class,TB-21520,Tracy Blumstein,Consumer,United States,Jackson,Michigan,49201,Central,OFF-PA-10004675,Office Supplies,Paper,"Telephone Message Books with Fax/Mobile Section, 5 1/2"" x 3 3/16""",19.05,3,0,8.763
CA-2014-130043,9/15/2016,9/19/2016,Standard Class,BB-11545,Brenda Bowman,Corporate,United States,Houston,Texas,77070,Central,OFF-PA-10002230,Office Supplies,Paper,Xerox 1897,31.872,8,0.2,11.5536
CA-2014-132353,9/15/2016,9/17/2016,First Class,DB-13060,Dave Brooks,Consumer,United States,Chicago,Illinois,60653,Central,TEC-PH-10004536,Technology,Phones,Avaya 5420 Digital phone,323.976,3,0.2,20.2485
CA-2014-146185,9/15/2016,9/19/2016,Standard Class,CC-12145,Charles Crestani,Consumer,United States,Houston,Texas,77095,Central,OFF-AR-10002987,Office Supplies,Art,Prismacolor Color Pencil Set,31.744,2,0.2,8.3328
CA-2014-144113,9/16/2016,9/20/2016,Standard Class,JF-15355,Jay Fein,Consumer,United States,Austin,Texas,78745,Central,OFF-EN-10001141,Office Supplies,Envelopes,"Manila Recycled Extra-Heavyweight Clasp Envelopes, 6"" x 9""",17.568,2,0.2,6.3684
CA-2014-144113,9/16/2016,9/20/2016,Standard Class,JF-15355,Jay Fein,Consumer,United States,Austin,Texas,78745,Central,TEC-PH-10002170,Technology,Phones,ClearSounds CSC500 Amplified Spirit Phone Corded phone,55.992,1,0.2,5.5992
CA-2014-105669,9/17/2016,9/22/2016,Second Class,SJ-20125,Sanjit Jacobs,Home Office,United States,Houston,Texas,77036,Central,OFF-AR-10000390,Office Supplies,Art,Newell Chalk Holder,9.912,3,0.2,3.2214
CA-2014-105669,9/17/2016,9/22/2016,Second Class,SJ-20125,Sanjit Jacobs,Home Office,United States,Houston,Texas,77036,Central,FUR-CH-10003774,Furniture,Chairs,"Global Wood Trimmed Manager's Task Chair, Khaki",318.43,5,0.3,-77.333
CA-2014-105669,9/17/2016,9/22/2016,Second Class,SJ-20125,Sanjit Jacobs,Home Office,United States,Houston,Texas,77036,Central,OFF-BI-10002412,Office Supplies,Binders,Wilson Jones “Snap” Scratch Pad Binder Tool for Ring Binders,5.8,5,0.8,-10.15
CA-2014-105669,9/17/2016,9/22/2016,Second Class,SJ-20125,Sanjit Jacobs,Home Office,United States,Houston,Texas,77036,Central,TEC-PH-10002415,Technology,Phones,Polycom VoiceStation 500 Conference phone,1415.76,6,0.2,88.485
CA-2014-133333,9/18/2016,9/22/2016,Standard Class,BF-11020,Barry Französisch,Corporate,United States,Green Bay,Wisconsin,54302,Central,OFF-PA-10002377,Office Supplies,Paper,"Adams Telephone Message Book W/Dividers/Space For Phone Numbers, 5 1/4""X8 1/2"", 200/Messages",22.72,4,0,10.224
CA-2014-131016,9/18/2016,9/20/2016,First Class,DC-12850,Dan Campbell,Consumer,United States,Arlington,Texas,76017,Central,OFF-AR-10000122,Office Supplies,Art,Newell 314,8.928,2,0.2,0.558
CA-2014-131016,9/18/2016,9/20/2016,First Class,DC-12850,Dan Campbell,Consumer,United States,Arlington,Texas,76017,Central,OFF-ST-10000352,Office Supplies,Storage,Acco Perma 2700 Stacking Storage Drawers,47.584,2,0.2,-2.974
CA-2014-134439,9/18/2016,9/23/2016,Second Class,TM-21010,Tamara Manning,Consumer,United States,Grand Island,Nebraska,68801,Central,OFF-PA-10004082,Office Supplies,Paper,"Adams Telephone Message Book w/Frequently-Called Numbers Space, 400 Messages per Book",15.96,2,0,7.98
CA-2014-140508,9/18/2016,9/21/2016,First Class,PA-19060,Pete Armstrong,Home Office,United States,Dallas,Texas,75220,Central,OFF-EN-10000927,Office Supplies,Envelopes,Jet-Pak Recycled Peel 'N' Seal Padded Mailers,114.848,4,0.2,35.89
CA-2014-151428,9/21/2016,9/26/2016,Standard Class,RH-19495,Rick Hansen,Consumer,United States,Rochester,Minnesota,55901,Central,OFF-BI-10000546,Office Supplies,Binders,Avery Durable Binders,20.16,7,0,9.8784
CA-2014-166317,9/22/2016,9/26/2016,Standard Class,JE-15610,Jim Epp,Corporate,United States,Milwaukee,Wisconsin,53209,Central,OFF-PA-10004475,Office Supplies,Paper,Xerox 1940,219.84,4,0,107.7216
CA-2014-166317,9/22/2016,9/26/2016,Standard Class,JE-15610,Jim Epp,Corporate,United States,Milwaukee,Wisconsin,53209,Central,TEC-AC-10004510,Technology,Accessories,Logitech Desktop MK120 Mouse and keyboard Combo,98.16,6,0,9.816
CA-2014-166317,9/22/2016,9/26/2016,Standard Class,JE-15610,Jim Epp,Corporate,United States,Milwaukee,Wisconsin,53209,Central,OFF-BI-10002976,Office Supplies,Binders,ACCOHIDE Binder by Acco,33.04,8,0,15.5288
CA-2014-166317,9/22/2016,9/26/2016,Standard Class,JE-15610,Jim Epp,Corporate,United States,Milwaukee,Wisconsin,53209,Central,TEC-PH-10001615,Technology,Phones,AT&T CL82213,86.97,3,0,25.2213
CA-2014-167381,9/22/2016,9/24/2016,Second Class,EH-14005,Erica Hernandez,Home Office,United States,Lansing,Michigan,48911,Central,FUR-BO-10001972,Furniture,Bookcases,O'Sullivan 4-Shelf Bookcase in Odessa Pine,241.96,2,0,41.1332
CA-2014-167381,9/22/2016,9/24/2016,Second Class,EH-14005,Erica Hernandez,Home Office,United States,Lansing,Michigan,48911,Central,OFF-LA-10000134,Office Supplies,Labels,Avery 511,27.72,9,0,13.3056
US-2014-108245,9/22/2016,9/27/2016,Standard Class,SH-19975,Sally Hughsby,Corporate,United States,Pearland,Texas,77581,Central,OFF-EN-10001415,Office Supplies,Envelopes,Staple envelope,13.392,3,0.2,5.022
US-2014-108245,9/22/2016,9/27/2016,Standard Class,SH-19975,Sally Hughsby,Corporate,United States,Pearland,Texas,77581,Central,OFF-BI-10000773,Office Supplies,Binders,Insertable Tab Post Binder Dividers,11.228,7,0.8,-18.5262
CA-2014-117485,9/23/2016,9/29/2016,Standard Class,BD-11320,Bill Donatelli,Consumer,United States,Tulsa,Oklahoma,74133,Central,TEC-AC-10004659,Technology,Accessories,Imation Secure+ Hardware Encrypted USB 2.0 Flash Drive; 16GB,291.96,4,0,102.186
US-2014-125647,9/23/2016,9/28/2016,Standard Class,LC-16870,Lena Cacioppo,Consumer,United States,Chicago,Illinois,60653,Central,OFF-AP-10000390,Office Supplies,Appliances,Euro Pro Shark Stick Mini Vacuum,73.176,6,0.8,-197.5752
US-2014-125647,9/23/2016,9/28/2016,Standard Class,LC-16870,Lena Cacioppo,Consumer,United States,Chicago,Illinois,60653,Central,OFF-PA-10004888,Office Supplies,Paper,Xerox 217,20.736,4,0.2,7.2576
US-2014-125647,9/23/2016,9/28/2016,Standard Class,LC-16870,Lena Cacioppo,Consumer,United States,Chicago,Illinois,60653,Central,TEC-PH-10004188,Technology,Phones,OtterBox Commuter Series Case - Samsung Galaxy S4,39.984,2,0.2,-8.9964
CA-2014-103520,9/23/2016,9/25/2016,First Class,MH-17785,Maya Herman,Corporate,United States,Lubbock,Texas,79424,Central,OFF-PA-10001846,Office Supplies,Paper,Xerox 1899,9.248,2,0.2,3.3524
CA-2014-142034,9/24/2016,9/28/2016,Standard Class,KB-16240,Karen Bern,Corporate,United States,Saint Cloud,Minnesota,56301,Central,TEC-AC-10002305,Technology,Accessories,KeyTronic E03601U1 - Keyboard - Beige,72,4,0,12.96
CA-2014-142034,9/24/2016,9/28/2016,Standard Class,KB-16240,Karen Bern,Corporate,United States,Saint Cloud,Minnesota,56301,Central,TEC-AC-10000990,Technology,Accessories,Imation Bio 2GB USB Flash Drive Imation Corp,655.9,5,0,275.478
CA-2014-142034,9/24/2016,9/28/2016,Standard Class,KB-16240,Karen Bern,Corporate,United States,Saint Cloud,Minnesota,56301,Central,FUR-CH-10000665,Furniture,Chairs,"Global Airflow Leather Mesh Back Chair, Black",603.92,4,0,181.176
CA-2014-148411,9/24/2016,9/26/2016,First Class,RO-19780,Rose O'Brian,Consumer,United States,Chicago,Illinois,60623,Central,FUR-CH-10003973,Furniture,Chairs,GuestStacker Chair with Chrome Finish Legs,520.464,2,0.3,-14.8704
CA-2014-148411,9/24/2016,9/26/2016,First Class,RO-19780,Rose O'Brian,Consumer,United States,Chicago,Illinois,60623,Central,OFF-PA-10002109,Office Supplies,Paper,Wirebound Voice Message Log Book,11.424,3,0.2,3.7128
CA-2014-162481,9/25/2016,9/29/2016,Standard Class,CT-11995,Carol Triggs,Consumer,United States,Rochester,Minnesota,55901,Central,OFF-BI-10002976,Office Supplies,Binders,ACCOHIDE Binder by Acco,8.26,2,0,3.8822
CA-2014-162481,9/25/2016,9/29/2016,Standard Class,CT-11995,Carol Triggs,Consumer,United States,Rochester,Minnesota,55901,Central,FUR-CH-10003061,Furniture,Chairs,"Global Leather Task Chair, Black",269.97,3,0,51.2943
US-2014-139955,9/28/2016,9/30/2016,Second Class,CM-12160,Charles McCrossin,Consumer,United States,Brownsville,Texas,78521,Central,OFF-SU-10001935,Office Supplies,Supplies,Staple remover,1.744,1,0.2,-0.3488
CA-2014-100314,9/29/2016,10/5/2016,Standard Class,AS-10630,Ann Steele,Home Office,United States,Pasadena,Texas,77506,Central,OFF-LA-10001569,Office Supplies,Labels,Avery 499,7.968,2,0.2,2.5896
CA-2014-100314,9/29/2016,10/5/2016,Standard Class,AS-10630,Ann Steele,Home Office,United States,Pasadena,Texas,77506,Central,OFF-EN-10000461,Office Supplies,Envelopes,"#10- 4 1/8"" x 9 1/2"" Recycled Envelopes",27.968,4,0.2,9.4392
CA-2014-100314,9/29/2016,10/5/2016,Standard Class,AS-10630,Ann Steele,Home Office,United States,Pasadena,Texas,77506,Central,TEC-MA-10003066,Technology,Machines,Wasp CCD Handheld Bar Code Reader,336.51,3,0.4,44.868
US-2014-130603,9/30/2016,10/6/2016,Standard Class,SC-20050,Sample Company A,Home Office,United States,Arlington,Texas,76017,Central,OFF-BI-10000301,Office Supplies,Binders,GBC Instant Report Kit,11.646,9,0.8,-17.469
CA-2014-152275,10/1/2016,10/8/2016,Standard Class,KH-16630,Ken Heidel,Corporate,United States,San Antonio,Texas,78207,Central,OFF-AR-10000369,Office Supplies,Art,Design Ebony Sketching Pencil,6.672,6,0.2,0.5004
CA-2014-117807,10/1/2016,10/7/2016,Standard Class,DK-13090,Dave Kipp,Consumer,United States,Fremont,Nebraska,68025,Central,OFF-PA-10000994,Office Supplies,Paper,Xerox 1915,104.85,1,0,50.328
CA-2014-126074,10/2/2016,10/6/2016,Standard Class,RF-19735,Roland Fjeld,Consumer,United States,Trenton,Michigan,48183,Central,OFF-BI-10003638,Office Supplies,Binders,GBC Durable Plastic Covers,58.05,3,0,26.703
CA-2014-126074,10/2/2016,10/6/2016,Standard Class,RF-19735,Roland Fjeld,Consumer,United States,Trenton,Michigan,48183,Central,FUR-FU-10003577,Furniture,Furnishings,Nu-Dell Leatherette Frames,157.74,11,0,56.7864
CA-2014-126074,10/2/2016,10/6/2016,Standard Class,RF-19735,Roland Fjeld,Consumer,United States,Trenton,Michigan,48183,Central,OFF-AR-10003478,Office Supplies,Art,"Avery Hi-Liter EverBold Pen Style Fluorescent Highlighters, 4/Pack",56.98,7,0,22.792
CA-2014-126074,10/2/2016,10/6/2016,Standard Class,RF-19735,Roland Fjeld,Consumer,United States,Trenton,Michigan,48183,Central,OFF-BI-10000546,Office Supplies,Binders,Avery Durable Binders,2.88,1,0,1.4112
CA-2014-152926,10/2/2016,10/4/2016,Second Class,SC-20695,Steve Chapman,Corporate,United States,Houston,Texas,77041,Central,OFF-AP-10004708,Office Supplies,Appliances,Fellowes Superior 10 Outlet Split Surge Protector,15.224,2,0.8,-38.8212
CA-2014-152926,10/2/2016,10/4/2016,Second Class,SC-20695,Steve Chapman,Corporate,United States,Houston,Texas,77041,Central,OFF-AP-10001947,Office Supplies,Appliances,Acco 6 Outlet Guardian Premium Plus Surge Suppressor,21.984,6,0.8,-56.0592
CA-2014-141789,10/3/2016,10/6/2016,First Class,AC-10450,Amy Cox,Consumer,United States,Minneapolis,Minnesota,55407,Central,OFF-BI-10001359,Office Supplies,Binders,GBC DocuBind TL300 Electric Binding System,1793.98,2,0,843.1706
CA-2014-144820,10/3/2016,10/7/2016,Second Class,LW-16825,Laurel Workman,Corporate,United States,Pasadena,Texas,77506,Central,OFF-AR-10004817,Office Supplies,Art,Colorific Watercolor Pencils,20.64,5,0.2,2.322
CA-2014-146269,10/6/2016,10/6/2016,Same Day,MH-17455,Mark Hamilton,Consumer,United States,Chicago,Illinois,60623,Central,OFF-ST-10003208,Office Supplies,Storage,Adjustable Depth Letter/Legal Cart,290.336,2,0.2,32.6628
CA-2014-146269,10/6/2016,10/6/2016,Same Day,MH-17455,Mark Hamilton,Consumer,United States,Chicago,Illinois,60623,Central,OFF-AR-10004790,Office Supplies,Art,Staples in misc. colors,19.152,2,0.2,1.197
CA-2014-128426,10/7/2016,10/11/2016,Standard Class,JK-15730,Joe Kamberova,Consumer,United States,Houston,Texas,77036,Central,OFF-BI-10000756,Office Supplies,Binders,Storex DuraTech Recycled Plastic Frosted Binders,4.24,5,0.8,-6.36
CA-2014-152709,10/7/2016,10/12/2016,Standard Class,DB-13210,Dean Braden,Consumer,United States,Detroit,Michigan,48234,Central,OFF-ST-10001837,Office Supplies,Storage,"SAFCO Mobile Desk Side File, Wire Frame",85.52,2,0,22.2352
US-2014-117247,10/9/2016,10/14/2016,Standard Class,CK-12760,Cyma Kinney,Corporate,United States,Aurora,Illinois,60505,Central,FUR-TA-10002958,Furniture,Tables,"Bevis Oval Conference Table, Walnut",652.45,5,0.5,-430.617
US-2014-117247,10/9/2016,10/14/2016,Standard Class,CK-12760,Cyma Kinney,Corporate,United States,Aurora,Illinois,60505,Central,FUR-TA-10001676,Furniture,Tables,Hon 61000 Series Interactive Training Tables,66.645,3,0.5,-42.6528
CA-2014-163125,10/9/2016,10/11/2016,Second Class,MB-17305,Maria Bertelson,Consumer,United States,League City,Texas,77573,Central,OFF-AR-10004344,Office Supplies,Art,Bulldog Vacuum Base Pencil Sharpener,67.144,7,0.2,5.8751
CA-2014-163125,10/9/2016,10/11/2016,Second Class,MB-17305,Maria Bertelson,Consumer,United States,League City,Texas,77573,Central,FUR-CH-10001802,Furniture,Chairs,Hon Every-Day Chair Series Swivel Task Chairs,254.058,3,0.3,-32.6646
CA-2014-111717,10/10/2016,10/16/2016,Standard Class,SW-20245,Scot Wooten,Consumer,United States,Aurora,Illinois,60505,Central,FUR-CH-10001545,Furniture,Chairs,Hon Comfortask Task/Swivel Chairs,239.358,3,0.3,-47.8716
CA-2014-152702,10/12/2016,10/16/2016,Standard Class,SN-20710,Steve Nguyen,Home Office,United States,Rockford,Illinois,61107,Central,FUR-CH-10002304,Furniture,Chairs,"Global Stack Chair without Arms, Black",254.604,14,0.3,-18.186
CA-2014-169362,10/12/2016,10/15/2016,First Class,SP-20860,Sung Pak,Corporate,United States,Dallas,Texas,75217,Central,TEC-AC-10001383,Technology,Accessories,Logitech Wireless Touch Keyboard K400,39.984,2,0.2,-1.4994
CA-2014-152933,10/12/2016,10/16/2016,Standard Class,MG-17650,Matthew Grinstein,Home Office,United States,Dallas,Texas,75081,Central,TEC-PH-10002085,Technology,Phones,Clarity 53712,369.544,7,0.2,27.7158
CA-2014-152933,10/12/2016,10/16/2016,Standard Class,MG-17650,Matthew Grinstein,Home Office,United States,Dallas,Texas,75081,Central,OFF-PA-10001934,Office Supplies,Paper,Xerox 1993,10.368,2,0.2,3.7584
CA-2014-152933,10/12/2016,10/16/2016,Standard Class,MG-17650,Matthew Grinstein,Home Office,United States,Dallas,Texas,75081,Central,TEC-AC-10003033,Technology,Accessories,Plantronics CS510 - Over-the-Head monaural Wireless Headset System,791.88,3,0.2,128.6805
CA-2014-163160,10/13/2016,10/16/2016,First Class,TS-21610,Troy Staebel,Consumer,United States,Freeport,Illinois,61032,Central,OFF-PA-10003127,Office Supplies,Paper,Easy-staple paper,63.312,3,0.2,20.5764
CA-2014-163160,10/13/2016,10/16/2016,First Class,TS-21610,Troy Staebel,Consumer,United States,Freeport,Illinois,61032,Central,OFF-BI-10000778,Office Supplies,Binders,GBC VeloBinder Electric Binding Machine,96.784,4,0.8,-145.176
CA-2014-163160,10/13/2016,10/16/2016,First Class,TS-21610,Troy Staebel,Consumer,United States,Freeport,Illinois,61032,Central,FUR-FU-10001424,Furniture,Furnishings,Dax Clear Box Frame,10.476,3,0.6,-6.8094
CA-2014-126123,10/14/2016,10/18/2016,Standard Class,AG-10765,Anthony Garverick,Home Office,United States,Chicago,Illinois,60623,Central,OFF-BI-10000309,Office Supplies,Binders,"GBC Twin Loop Wire Binding Elements, 9/16"" Spine, Black",27.396,9,0.8,-42.4638
CA-2014-126123,10/14/2016,10/18/2016,Standard Class,AG-10765,Anthony Garverick,Home Office,United States,Chicago,Illinois,60623,Central,OFF-BI-10004224,Office Supplies,Binders,Catalog Binders with Expanding Posts,13.456,1,0.8,-23.548
CA-2014-107727,10/19/2016,10/23/2016,Second Class,MA-17560,Matt Abelman,Home Office,United States,Houston,Texas,77095,Central,OFF-PA-10000249,Office Supplies,Paper,Easy-staple paper,29.472,3,0.2,9.9468
CA-2014-159457,10/19/2016,10/26/2016,Standard Class,RD-19480,Rick Duston,Consumer,United States,Houston,Texas,77095,Central,TEC-PH-10002185,Technology,Phones,QVS USB Car Charger 2-Port 2.1Amp for iPod/iPhone/iPad/iPad 2/iPad 3,16.68,3,0.2,5.2125
CA-2014-117653,10/19/2016,10/23/2016,Standard Class,MO-17500,Mary O'Rourke,Consumer,United States,Chicago,Illinois,60623,Central,FUR-TA-10003008,Furniture,Tables,"Lesro Round Back Collection Coffee Table, End Table",91.275,1,0.5,-67.5435
CA-2014-106432,10/19/2016,10/24/2016,Standard Class,CA-12265,Christina Anderson,Consumer,United States,Waco,Texas,76706,Central,OFF-BI-10002799,Office Supplies,Binders,"SlimView Poly Binder, 3/8""",2.072,2,0.8,-3.5224
CA-2014-106432,10/19/2016,10/24/2016,Standard Class,CA-12265,Christina Anderson,Consumer,United States,Waco,Texas,76706,Central,FUR-BO-10004360,Furniture,Bookcases,Rush Hierlooms Collection Rich Wood Bookcases,328.3992,3,0.32,-91.7586
CA-2014-145884,10/21/2016,10/21/2016,Same Day,SL-20155,Sara Luxemburg,Home Office,United States,Muskogee,Oklahoma,74403,Central,TEC-PH-10000895,Technology,Phones,Polycom VVX 310 VoIP phone,1439.92,8,0,374.3792
CA-2014-145884,10/21/2016,10/21/2016,Same Day,SL-20155,Sara Luxemburg,Home Office,United States,Muskogee,Oklahoma,74403,Central,FUR-TA-10002356,Furniture,Tables,Bevis Boat-Shaped Conference Table,262.11,1,0,62.9064
CA-2014-154410,10/21/2016,10/24/2016,First Class,MD-17860,Michael Dominguez,Corporate,United States,Indianapolis,Indiana,46203,Central,OFF-ST-10002743,Office Supplies,Storage,SAFCO Boltless Steel Shelving,909.12,8,0,9.0912
CA-2014-100356,10/21/2016,10/25/2016,Standard Class,SP-20920,Susan Pistek,Consumer,United States,Chicago,Illinois,60653,Central,OFF-AP-10002191,Office Supplies,Appliances,Belkin 8 Outlet SurgeMaster II Gold Surge Protector,23.992,2,0.8,-62.3792
CA-2014-142125,10/21/2016,10/27/2016,Standard Class,JB-15400,Jennifer Braxton,Corporate,United States,Milwaukee,Wisconsin,53209,Central,OFF-BI-10000301,Office Supplies,Binders,GBC Instant Report Kit,38.82,6,0,19.41
CA-2014-142125,10/21/2016,10/27/2016,Standard Class,JB-15400,Jennifer Braxton,Corporate,United States,Milwaukee,Wisconsin,53209,Central,OFF-BI-10003460,Office Supplies,Binders,Acco 3-Hole Punch,21.9,5,0,10.512
CA-2014-130211,10/22/2016,10/22/2016,Same Day,BD-11620,Brian DeCherney,Consumer,United States,Lawton,Oklahoma,73505,Central,OFF-ST-10000129,Office Supplies,Storage,Fellowes Recycled Storage Drawers,333.09,3,0,23.3163
CA-2014-130211,10/22/2016,10/22/2016,Same Day,BD-11620,Brian DeCherney,Consumer,United States,Lawton,Oklahoma,73505,Central,FUR-TA-10003748,Furniture,Tables,Bevis 36 x 72 Conference Tables,248.98,2,0,54.7756
US-2014-111920,10/22/2016,10/26/2016,Standard Class,PS-18970,Paul Stevenson,Home Office,United States,Tulsa,Oklahoma,74133,Central,OFF-AR-10003179,Office Supplies,Art,Dixon Ticonderoga Core-Lock Colored Pencils,36.44,4,0,12.0252
US-2014-105389,10/23/2016,10/28/2016,Second Class,DM-13015,Darrin Martin,Consumer,United States,San Antonio,Texas,78207,Central,OFF-BI-10004364,Office Supplies,Binders,Storex Dura Pro Binders,3.564,3,0.8,-6.237
US-2014-105389,10/23/2016,10/28/2016,Second Class,DM-13015,Darrin Martin,Consumer,United States,San Antonio,Texas,78207,Central,TEC-PH-10002824,Technology,Phones,Jabra SPEAK 410 Multidevice Speakerphone,823.96,5,0.2,51.4975
US-2014-105389,10/23/2016,10/28/2016,Second Class,DM-13015,Darrin Martin,Consumer,United States,San Antonio,Texas,78207,Central,OFF-AR-10000634,Office Supplies,Art,Newell 320,10.272,3,0.2,0.8988
CA-2014-106068,10/23/2016,10/28/2016,Standard Class,RB-19330,Randy Bradley,Consumer,United States,Austin,Texas,78745,Central,OFF-BI-10000962,Office Supplies,Binders,"Acco Flexible ACCOHIDE Square Ring Data Binder, Dark Blue, 11 1/2"" X 14"" 7/8""",9.762,3,0.8,-15.1311
CA-2014-106068,10/23/2016,10/28/2016,Standard Class,RB-19330,Randy Bradley,Consumer,United States,Austin,Texas,78745,Central,OFF-ST-10004507,Office Supplies,Storage,Advantus Rolling Storage Box,13.72,1,0.2,1.2005
CA-2014-106068,10/23/2016,10/28/2016,Standard Class,RB-19330,Randy Bradley,Consumer,United States,Austin,Texas,78745,Central,TEC-AC-10002942,Technology,Accessories,WD My Passport Ultra 1TB Portable External Hard Drive,55.2,1,0.2,-2.07
CA-2014-106068,10/23/2016,10/28/2016,Standard Class,RB-19330,Randy Bradley,Consumer,United States,Austin,Texas,78745,Central,OFF-ST-10002344,Office Supplies,Storage,"Carina 42""Hx23 3/4""W Media Storage Unit",259.136,4,0.2,-58.3056
CA-2014-141705,10/24/2016,10/26/2016,First Class,PO-18850,Patrick O'Brill,Consumer,United States,Mansfield,Texas,76063,Central,FUR-TA-10004607,Furniture,Tables,Hon 2111 Invitation Series Straight Table,517.405,5,0.3,-81.3065
CA-2014-155558,10/26/2016,11/2/2016,Standard Class,PG-18895,Paul Gonzalez,Consumer,United States,Rochester,Minnesota,55901,Central,TEC-AC-10001998,Technology,Accessories,Logitech LS21 Speaker System - PC Multimedia - 2.1-CH - Wired,19.99,1,0,6.7966
CA-2014-155558,10/26/2016,11/2/2016,Standard Class,PG-18895,Paul Gonzalez,Consumer,United States,Rochester,Minnesota,55901,Central,OFF-LA-10000134,Office Supplies,Labels,Avery 511,6.16,2,0,2.9568
CA-2014-102729,10/26/2016,10/31/2016,Standard Class,BF-11215,Benjamin Farhat,Home Office,United States,Dallas,Texas,75217,Central,OFF-ST-10000464,Office Supplies,Storage,"Multi-Use Personal File Cart and Caster Set, Three Stacking Bins",55.616,2,0.2,5.5616
CA-2014-110373,10/27/2016,10/30/2016,Second Class,MA-17560,Matt Abelman,Home Office,United States,Chicago,Illinois,60610,Central,OFF-AR-10003045,Office Supplies,Art,Prang Colored Pencils,7.056,3,0.2,2.205
CA-2014-110373,10/27/2016,10/30/2016,Second Class,MA-17560,Matt Abelman,Home Office,United States,Chicago,Illinois,60610,Central,TEC-PH-10001536,Technology,Phones,Spigen Samsung Galaxy S5 Case Wallet,27.184,2,0.2,2.0388
CA-2014-127922,10/27/2016,11/3/2016,Standard Class,SH-19975,Sally Hughsby,Corporate,United States,Dallas,Texas,75081,Central,OFF-EN-10003068,Office Supplies,Envelopes,#6 3/4 Gummed Flap White Envelopes,15.84,2,0.2,5.544
CA-2014-127922,10/27/2016,11/3/2016,Standard Class,SH-19975,Sally Hughsby,Corporate,United States,Dallas,Texas,75081,Central,OFF-PA-10001204,Office Supplies,Paper,Xerox 1972,8.448,2,0.2,2.64
CA-2014-111262,10/28/2016,11/1/2016,Second Class,KH-16510,Keith Herrera,Consumer,United States,Houston,Texas,77095,Central,TEC-AC-10002167,Technology,Accessories,Imation 8gb Micro Traveldrive Usb 2.0 Flash Drive,24,2,0.2,-2.7
CA-2014-111262,10/28/2016,11/1/2016,Second Class,KH-16510,Keith Herrera,Consumer,United States,Houston,Texas,77095,Central,OFF-PA-10001937,Office Supplies,Paper,Xerox 21,15.552,3,0.2,5.4432
CA-2014-111262,10/28/2016,11/1/2016,Second Class,KH-16510,Keith Herrera,Consumer,United States,Houston,Texas,77095,Central,TEC-AC-10004510,Technology,Accessories,Logitech Desktop MK120 Mouse and keyboard Combo,26.176,2,0.2,-3.272
CA-2014-152583,10/30/2016,10/30/2016,Same Day,RA-19945,Ryan Akin,Consumer,United States,Dallas,Texas,75217,Central,FUR-FU-10003849,Furniture,Furnishings,"DAX Metal Frame, Desktop, Stepped-Edge",16.192,2,0.6,-8.5008
CA-2014-152583,10/30/2016,10/30/2016,Same Day,RA-19945,Ryan Akin,Consumer,United States,Dallas,Texas,75217,Central,FUR-TA-10002041,Furniture,Tables,"Bevis Round Conference Table Top, X-Base",251.006,2,0.3,-68.1302
CA-2014-152583,10/30/2016,10/30/2016,Same Day,RA-19945,Ryan Akin,Consumer,United States,Dallas,Texas,75217,Central,OFF-ST-10002214,Office Supplies,Storage,X-Rack File for Hanging Folders,54.192,6,0.2,4.0644
CA-2014-131632,10/31/2016,11/4/2016,Standard Class,AH-10120,Adrian Hane,Home Office,United States,Dallas,Texas,75217,Central,OFF-AR-10003651,Office Supplies,Art,Newell 350,5.248,2,0.2,0.5904
CA-2014-117114,10/31/2016,11/5/2016,Standard Class,CY-12745,Craig Yedwab,Corporate,United States,Chicago,Illinois,60610,Central,TEC-PH-10004042,Technology,Phones,ClearOne Communications CHAT 70 OC Speaker Phone,508.768,4,0.2,38.1576
CA-2014-117114,10/31/2016,11/5/2016,Standard Class,CY-12745,Craig Yedwab,Corporate,United States,Chicago,Illinois,60610,Central,OFF-EN-10001137,Office Supplies,Envelopes,"#10 Gummed Flap White Envelopes, 100/Box",9.912,3,0.2,3.2214
CA-2014-116358,11/2/2016,11/6/2016,Standard Class,KM-16225,Kalyca Meade,Corporate,United States,Overland Park,Kansas,66212,Central,OFF-FA-10003495,Office Supplies,Fasteners,Staples,18.24,3,0,9.12
CA-2014-116358,11/2/2016,11/6/2016,Standard Class,KM-16225,Kalyca Meade,Corporate,United States,Overland Park,Kansas,66212,Central,OFF-AR-10004685,Office Supplies,Art,"Binney & Smith Crayola Metallic Colored Pencils, 8-Color Set",27.78,6,0,9.1674
US-2014-145597,11/2/2016,11/5/2016,First Class,GG-14650,Greg Guthrie,Corporate,United States,Bloomington,Illinois,61701,Central,OFF-AR-10001958,Office Supplies,Art,Stanley Bostitch Contemporary Electric Pencil Sharpeners,54.336,4,0.2,5.4336
CA-2014-167227,11/2/2016,11/5/2016,First Class,NP-18670,Nora Paige,Consumer,United States,Saint Louis,Missouri,63116,Central,OFF-AP-10001962,Office Supplies,Appliances,Black & Decker Filter for Double Action Dustbuster Cordless Vac BLDV7210,83.9,10,0,20.975
CA-2014-167227,11/2/2016,11/5/2016,First Class,NP-18670,Nora Paige,Consumer,United States,Saint Louis,Missouri,63116,Central,OFF-PA-10001838,Office Supplies,Paper,"Adams Telephone Message Book W/Dividers/Space For Phone Numbers, 5 1/4""X8 1/2"", 300/Messages",11.76,2,0,5.7624
CA-2014-121615,11/3/2016,11/9/2016,Standard Class,DL-12925,Daniel Lacy,Consumer,United States,Eagan,Minnesota,55122,Central,OFF-PA-10000327,Office Supplies,Paper,Xerox 1971,8.56,2,0,3.852
CA-2014-121615,11/3/2016,11/9/2016,Standard Class,DL-12925,Daniel Lacy,Consumer,United States,Eagan,Minnesota,55122,Central,OFF-ST-10001325,Office Supplies,Storage,Sterilite Officeware Hinged File Box,52.4,5,0,14.148
CA-2014-121615,11/3/2016,11/9/2016,Standard Class,DL-12925,Daniel Lacy,Consumer,United States,Eagan,Minnesota,55122,Central,OFF-LA-10001771,Office Supplies,Labels,Avery 513,14.94,3,0,6.8724
CA-2014-105144,11/4/2016,11/11/2016,Standard Class,SZ-20035,Sam Zeldin,Home Office,United States,Grand Prairie,Texas,75051,Central,OFF-LA-10003923,Office Supplies,Labels,Alphabetical Labels for Top Tab Filing,23.68,2,0.2,8.88
CA-2014-121160,11/4/2016,11/4/2016,Same Day,FM-14290,Frank Merwin,Home Office,United States,Bryan,Texas,77803,Central,OFF-BI-10001308,Office Supplies,Binders,GBC Standard Plastic Binding Systems' Combs,7.536,6,0.8,-13.188
CA-2014-121160,11/4/2016,11/4/2016,Same Day,FM-14290,Frank Merwin,Home Office,United States,Bryan,Texas,77803,Central,OFF-BI-10003094,Office Supplies,Binders,Self-Adhesive Ring Binder Labels,1.408,2,0.8,-2.3232
CA-2014-121160,11/4/2016,11/4/2016,Same Day,FM-14290,Frank Merwin,Home Office,United States,Bryan,Texas,77803,Central,OFF-BI-10004040,Office Supplies,Binders,Wilson Jones Impact Binders,4.144,4,0.8,-6.4232
CA-2014-121160,11/4/2016,11/4/2016,Same Day,FM-14290,Frank Merwin,Home Office,United States,Bryan,Texas,77803,Central,OFF-ST-10002485,Office Supplies,Storage,Rogers Deluxe File Chest,52.752,3,0.2,-12.5286
CA-2014-154732,11/5/2016,11/7/2016,First Class,AH-10195,Alan Haines,Corporate,United States,Chicago,Illinois,60623,Central,OFF-BI-10000474,Office Supplies,Binders,Avery Recycled Flexi-View Covers for Binding Systems,16.03,5,0.8,-25.648
CA-2014-114258,11/5/2016,11/10/2016,Second Class,EM-13825,Elizabeth Moffitt,Corporate,United States,Dallas,Texas,75081,Central,TEC-PH-10003012,Technology,Phones,Nortel Meridian M3904 Professional Digital phone,492.768,4,0.2,55.4364
CA-2014-118213,11/5/2016,11/7/2016,First Class,AB-10060,Adam Bellavance,Home Office,United States,Greenwood,Indiana,46142,Central,OFF-PA-10002615,Office Supplies,Paper,"Ampad Gold Fibre Wirebound Steno Books, 6"" x 9"", Gregg Ruled",4.41,1,0,2.0286
CA-2014-118213,11/5/2016,11/7/2016,First Class,AB-10060,Adam Bellavance,Home Office,United States,Greenwood,Indiana,46142,Central,OFF-PA-10000565,Office Supplies,Paper,Easy-staple paper,167.94,3,0,82.2906
CA-2014-118213,11/5/2016,11/7/2016,First Class,AB-10060,Adam Bellavance,Home Office,United States,Greenwood,Indiana,46142,Central,OFF-PA-10003673,Office Supplies,Paper,Strathmore Photo Mount Cards,67.8,10,0,31.188
CA-2014-125290,11/6/2016,11/10/2016,Second Class,CC-12430,Chuck Clark,Home Office,United States,Minneapolis,Minnesota,55407,Central,OFF-AR-10001216,Office Supplies,Art,Newell 339,13.9,5,0,3.614
CA-2014-125290,11/6/2016,11/10/2016,Second Class,CC-12430,Chuck Clark,Home Office,United States,Minneapolis,Minnesota,55407,Central,OFF-PA-10003127,Office Supplies,Paper,Easy-staple paper,26.38,1,0,12.1348
US-2014-119319,11/6/2016,11/9/2016,Second Class,LC-17050,Liz Carlisle,Consumer,United States,Dallas,Texas,75217,Central,FUR-FU-10003878,Furniture,Furnishings,"Linden 10"" Round Wall Clock, Black",30.56,5,0.6,-19.864
CA-2014-106691,11/6/2016,11/12/2016,Standard Class,CC-12370,Christopher Conant,Consumer,United States,Houston,Texas,77070,Central,OFF-BI-10000145,Office Supplies,Binders,Zipper Ring Binder Pockets,1.248,2,0.8,-1.9344
CA-2014-150504,11/6/2016,11/12/2016,Standard Class,HG-14845,Harry Greene,Consumer,United States,Dallas,Texas,75220,Central,OFF-ST-10000615,Office Supplies,Storage,"SimpliFile Personal File, Black Granite, 15w x 6-15/16d x 11-1/4h",18.16,2,0.2,1.816
CA-2014-163188,11/7/2016,11/7/2016,Same Day,EC-14050,Erin Creighton,Consumer,United States,Oklahoma City,Oklahoma,73120,Central,OFF-BI-10000756,Office Supplies,Binders,Storex DuraTech Recycled Plastic Frosted Binders,38.16,9,0,19.08
CA-2014-161739,11/10/2016,11/15/2016,Second Class,EB-13750,Edward Becker,Corporate,United States,Round Rock,Texas,78664,Central,FUR-FU-10001468,Furniture,Furnishings,Tenex Antistatic Computer Chair Mats,341.96,5,0.6,-427.45
CA-2014-150959,11/11/2016,11/13/2016,First Class,TD-20995,Tamara Dahlen,Consumer,United States,Garland,Texas,75043,Central,OFF-LA-10001045,Office Supplies,Labels,Permanent Self-Adhesive File Folder Labels for Typewriters by Universal,10.44,5,0.2,3.393
CA-2014-150959,11/11/2016,11/13/2016,First Class,TD-20995,Tamara Dahlen,Consumer,United States,Garland,Texas,75043,Central,OFF-BI-10001510,Office Supplies,Binders,Deluxe Heavy-Duty Vinyl Round Ring Binder,18.336,4,0.8,-32.088
CA-2014-157483,11/11/2016,11/18/2016,Standard Class,EP-13915,Emily Phan,Consumer,United States,Detroit,Michigan,48227,Central,OFF-AR-10004260,Office Supplies,Art,Boston 1799 Powerhouse Electric Pencil Sharpener,181.86,7,0,50.9208
CA-2014-120327,11/11/2016,11/16/2016,Standard Class,WB-21850,William Brown,Consumer,United States,Urbandale,Iowa,50322,Central,OFF-FA-10004854,Office Supplies,Fasteners,"Vinyl Coated Wire Paper Clips in Organizer Box, 800/Box",45.92,4,0,21.5824
CA-2014-143217,11/11/2016,11/17/2016,Standard Class,CG-12040,Catherine Glotzbach,Home Office,United States,Milwaukee,Wisconsin,53209,Central,OFF-BI-10002949,Office Supplies,Binders,Prestige Round Ring Binders,18.24,3,0,8.5728
US-2014-116491,11/11/2016,11/13/2016,First Class,PG-18820,Patrick Gardner,Consumer,United States,Dallas,Texas,75081,Central,TEC-PH-10004531,Technology,Phones,OtterBox Commuter Series Case - iPhone 5 & 5s,35.184,2,0.2,12.3144
CA-2014-167976,11/11/2016,11/14/2016,Second Class,JL-15505,Jeremy Lonsdale,Consumer,United States,Aberdeen,South Dakota,57401,Central,OFF-SU-10004661,Office Supplies,Supplies,Acme Titanium Bonded Scissors,25.5,3,0,6.63
CA-2014-130386,11/12/2016,11/18/2016,Standard Class,NG-18430,Nathan Gelder,Consumer,United States,Austin,Texas,78745,Central,OFF-PA-10002749,Office Supplies,Paper,"Wirebound Message Books, 5-1/2 x 4 Forms, 2 or 4 Forms per Page",16.056,3,0.2,5.8203
CA-2014-130386,11/12/2016,11/18/2016,Standard Class,NG-18430,Nathan Gelder,Consumer,United States,Austin,Texas,78745,Central,OFF-PA-10003823,Office Supplies,Paper,Xerox 197,223.056,9,0.2,69.705
CA-2014-130386,11/12/2016,11/18/2016,Standard Class,NG-18430,Nathan Gelder,Consumer,United States,Austin,Texas,78745,Central,OFF-ST-10003716,Office Supplies,Storage,Tennsco Double-Tier Lockers,540.048,3,0.2,-47.2542
CA-2014-164168,11/12/2016,11/18/2016,Standard Class,LS-16975,Lindsay Shagiari,Home Office,United States,Dallas,Texas,75081,Central,OFF-BI-10000666,Office Supplies,Binders,Surelock Post Binders,30.56,5,0.8,-45.84
CA-2014-164168,11/12/2016,11/18/2016,Standard Class,LS-16975,Lindsay Shagiari,Home Office,United States,Dallas,Texas,75081,Central,OFF-ST-10002583,Office Supplies,Storage,Fellowes Neat Ideas Storage Cubes,77.952,3,0.2,-15.5904
CA-2014-164168,11/12/2016,11/18/2016,Standard Class,LS-16975,Lindsay Shagiari,Home Office,United States,Dallas,Texas,75081,Central,TEC-PH-10004908,Technology,Phones,Panasonic KX TS3282W Corded phone,67.992,1,0.2,8.499
CA-2014-164168,11/12/2016,11/18/2016,Standard Class,LS-16975,Lindsay Shagiari,Home Office,United States,Dallas,Texas,75081,Central,OFF-EN-10001219,Office Supplies,Envelopes,"#10- 4 1/8"" x 9 1/2"" Security-Tint Envelopes",12.224,2,0.2,4.4312
CA-2014-164168,11/12/2016,11/18/2016,Standard Class,LS-16975,Lindsay Shagiari,Home Office,United States,Dallas,Texas,75081,Central,TEC-AC-10004568,Technology,Accessories,Maxell LTO Ultrium - 800 GB,44.784,2,0.2,-0.5598
CA-2014-164168,11/12/2016,11/18/2016,Standard Class,LS-16975,Lindsay Shagiari,Home Office,United States,Dallas,Texas,75081,Central,FUR-FU-10001756,Furniture,Furnishings,"Eldon Expressions Desk Accessory, Wood Photo Frame, Mahogany",22.848,3,0.6,-17.7072
US-2014-119662,11/13/2016,11/16/2016,First Class,CS-12400,Christopher Schild,Home Office,United States,Chicago,Illinois,60623,Central,OFF-ST-10003656,Office Supplies,Storage,Safco Industrial Wire Shelving,230.376,3,0.2,-48.9549
US-2014-124926,11/13/2016,11/18/2016,Second Class,ME-17320,Maria Etezadi,Home Office,United States,Houston,Texas,77095,Central,OFF-AP-10004868,Office Supplies,Appliances,Hoover Commercial Soft Guard Upright Vacuum And Disposable Filtration Bags,9.324,6,0.8,-24.7086
CA-2014-113873,11/13/2016,11/19/2016,Standard Class,KE-16420,Katrina Edelman,Corporate,United States,Dallas,Texas,75220,Central,OFF-ST-10000943,Office Supplies,Storage,Eldon ProFile File 'N Store Portable File Tub Letter/Legal Size Black,61.792,4,0.2,6.1792
CA-2014-113873,11/13/2016,11/19/2016,Standard Class,KE-16420,Katrina Edelman,Corporate,United States,Dallas,Texas,75220,Central,FUR-BO-10003441,Furniture,Bookcases,"Bush Westfield Collection Bookcases, Fully Assembled",205.9992,3,0.32,-27.2646
US-2014-136679,11/14/2016,11/18/2016,Standard Class,XP-21865,Xylona Preis,Consumer,United States,Pasadena,Texas,77506,Central,TEC-AC-10004855,Technology,Accessories,V7 USB Numeric Keypad,167.952,6,0.2,-27.2922
US-2014-136679,11/14/2016,11/18/2016,Standard Class,XP-21865,Xylona Preis,Consumer,United States,Pasadena,Texas,77506,Central,OFF-AR-10003582,Office Supplies,Art,"Boston Electric Pencil Sharpener, Model 1818, Charcoal Black",45.04,2,0.2,4.504
CA-2014-142489,11/14/2016,11/16/2016,Second Class,TC-21295,Toby Carlisle,Consumer,United States,Houston,Texas,77095,Central,OFF-BI-10003684,Office Supplies,Binders,Wilson Jones Legal Size Ring Binders,21.99,5,0.8,-32.985
US-2014-118157,11/14/2016,11/17/2016,First Class,AW-10930,Arthur Wiediger,Home Office,United States,Minneapolis,Minnesota,55407,Central,OFF-EN-10004459,Office Supplies,Envelopes,Security-Tint Envelopes,15.28,2,0,7.4872
CA-2014-124674,11/17/2016,11/23/2016,Standard Class,JB-16000,Joy Bell-,Consumer,United States,Brownsville,Texas,78521,Central,FUR-BO-10002202,Furniture,Bookcases,"Atlantic Metals Mobile 2-Shelf Bookcases, Custom Colors",327.7328,2,0.32,-14.4588
CA-2014-141719,11/17/2016,11/21/2016,Second Class,EG-13900,Emily Grady,Consumer,United States,Naperville,Illinois,60540,Central,TEC-AC-10003610,Technology,Accessories,Logitech Illuminated - Keyboard,239.96,5,0.2,83.986
CA-2014-143434,11/18/2016,11/24/2016,Standard Class,ME-17320,Maria Etezadi,Home Office,United States,Saginaw,Michigan,48601,Central,FUR-FU-10002597,Furniture,Furnishings,"C-Line Magnetic Cubicle Keepers, Clear Polypropylene",19.76,4,0,8.2992
CA-2014-160122,11/18/2016,11/23/2016,Standard Class,RD-19930,Russell D'Ascenzo,Consumer,United States,Chicago,Illinois,60623,Central,OFF-EN-10002592,Office Supplies,Envelopes,"Peel & Seel Recycled Catalog Envelopes, Brown",55.584,6,0.2,20.844
CA-2014-160122,11/18/2016,11/23/2016,Standard Class,RD-19930,Russell D'Ascenzo,Consumer,United States,Chicago,Illinois,60623,Central,FUR-CH-10000422,Furniture,Chairs,Global Highback Leather Tilter in Burgundy,127.386,2,0.3,-25.4772
CA-2014-107825,11/18/2016,11/18/2016,Same Day,NB-18655,Nona Balk,Corporate,United States,Milwaukee,Wisconsin,53209,Central,OFF-ST-10001321,Office Supplies,Storage,"Decoflex Hanging Personal Folder File, Blue",92.52,6,0,24.9804
CA-2014-107825,11/18/2016,11/18/2016,Same Day,NB-18655,Nona Balk,Corporate,United States,Milwaukee,Wisconsin,53209,Central,OFF-ST-10000777,Office Supplies,Storage,"Companion Letter/Legal File, Black",37.76,1,0,10.5728
CA-2014-107825,11/18/2016,11/18/2016,Same Day,NB-18655,Nona Balk,Corporate,United States,Milwaukee,Wisconsin,53209,Central,OFF-LA-10003720,Office Supplies,Labels,Avery 487,7.38,2,0,3.4686
CA-2014-107825,11/18/2016,11/18/2016,Same Day,NB-18655,Nona Balk,Corporate,United States,Milwaukee,Wisconsin,53209,Central,FUR-FU-10000206,Furniture,Furnishings,"GE General Purpose, Extra Long Life, Showcase & Floodlight Incandescent Bulbs",5.82,2,0,2.7354
US-2014-152380,11/19/2016,11/23/2016,Standard Class,JH-15910,Jonathan Howell,Consumer,United States,Chicago,Illinois,60623,Central,FUR-TA-10002533,Furniture,Tables,BPI Conference Tables,219.075,3,0.5,-131.445
CA-2014-158876,11/19/2016,11/21/2016,Second Class,AB-10150,Aimee Bixby,Consumer,United States,Carrollton,Texas,75007,Central,OFF-PA-10000308,Office Supplies,Paper,Xerox 1901,16.896,4,0.2,5.28
CA-2014-158876,11/19/2016,11/21/2016,Second Class,AB-10150,Aimee Bixby,Consumer,United States,Carrollton,Texas,75007,Central,OFF-SU-10001165,Office Supplies,Supplies,Acme Elite Stainless Steel Scissors,6.672,1,0.2,0.5004
CA-2014-158876,11/19/2016,11/21/2016,Second Class,AB-10150,Aimee Bixby,Consumer,United States,Carrollton,Texas,75007,Central,OFF-AR-10003373,Office Supplies,Art,"Boston School Pro Electric Pencil Sharpener, 1670",99.136,4,0.2,8.6744
CA-2014-158876,11/19/2016,11/21/2016,Second Class,AB-10150,Aimee Bixby,Consumer,United States,Carrollton,Texas,75007,Central,FUR-FU-10001967,Furniture,Furnishings,Telescoping Adjustable Floor Lamp,15.992,2,0.6,-13.993
US-2014-139969,11/19/2016,11/26/2016,Standard Class,AF-10870,Art Ferguson,Consumer,United States,College Station,Texas,77840,Central,FUR-CH-10001973,Furniture,Chairs,Office Star Flex Back Scooter Chair with White Frame,233.058,3,0.3,-53.2704
US-2014-137491,11/19/2016,11/25/2016,Standard Class,LC-16930,Linda Cazamias,Corporate,United States,San Angelo,Texas,76903,Central,FUR-CH-10004675,Furniture,Chairs,"Lifetime Advantage Folding Chairs, 4/Carton",305.312,2,0.3,-8.7232
CA-2014-112529,11/19/2016,11/21/2016,First Class,SC-20770,Stewart Carmichael,Corporate,United States,San Antonio,Texas,78207,Central,FUR-TA-10002622,Furniture,Tables,"Bush Andora Conference Table, Maple/Graphite Gray Finish",718.116,6,0.3,-71.8116
CA-2014-112529,11/19/2016,11/21/2016,First Class,SC-20770,Stewart Carmichael,Corporate,United States,San Antonio,Texas,78207,Central,OFF-AR-10001915,Office Supplies,Art,Peel-Off China Markers,31.776,4,0.2,8.7384
CA-2014-131254,11/19/2016,11/21/2016,First Class,NC-18415,Nathan Cano,Consumer,United States,Houston,Texas,77095,Central,FUR-CH-10003774,Furniture,Chairs,"Global Wood Trimmed Manager's Task Chair, Khaki",191.058,3,0.3,-46.3998
CA-2014-131254,11/19/2016,11/21/2016,First Class,NC-18415,Nathan Cano,Consumer,United States,Houston,Texas,77095,Central,OFF-AR-10003876,Office Supplies,Art,"Avery Hi-Liter GlideStik Fluorescent Highlighter, Yellow Ink",13.04,5,0.2,3.912
CA-2014-131254,11/19/2016,11/21/2016,First Class,NC-18415,Nathan Cano,Consumer,United States,Houston,Texas,77095,Central,OFF-BI-10003527,Office Supplies,Binders,Fellowes PB500 Electric Punch Plastic Comb Binding Machine with Manual Bind,1525.188,6,0.8,-2287.782
CA-2014-146724,11/20/2016,11/27/2016,Standard Class,HG-15025,Hunter Glantz,Consumer,United States,Lakeville,Minnesota,55044,Central,OFF-AR-10001026,Office Supplies,Art,"Sanford Uni-Blazer View Highlighters, Chisel Tip, Yellow",22,10,0,9.68
CA-2014-157420,11/21/2016,11/21/2016,Same Day,HZ-14950,Henia Zydlo,Consumer,United States,Houston,Texas,77095,Central,TEC-PH-10003555,Technology,Phones,Motorola HK250 Universal Bluetooth Headset,55.176,3,0.2,-12.4146
CA-2014-144036,11/22/2016,11/26/2016,Standard Class,FO-14305,Frank Olsen,Consumer,United States,Houston,Texas,77070,Central,OFF-AR-10000122,Office Supplies,Art,Newell 314,35.712,8,0.2,2.232
CA-2014-149160,11/23/2016,11/26/2016,Second Class,JM-15265,Janet Molinari,Corporate,United States,Canton,Michigan,48187,Central,FUR-FU-10003347,Furniture,Furnishings,Coloredge Poster Frame,28.4,2,0,11.076
CA-2014-149160,11/23/2016,11/26/2016,Second Class,JM-15265,Janet Molinari,Corporate,United States,Canton,Michigan,48187,Central,OFF-BI-10001543,Office Supplies,Binders,GBC VeloBinder Manual Binding System,287.92,8,0,138.2016
CA-2014-119746,11/23/2016,11/27/2016,Standard Class,CM-12385,Christopher Martinez,Consumer,United States,Chicago,Illinois,60610,Central,FUR-FU-10004909,Furniture,Furnishings,Contemporary Wood/Metal Frame,6.464,1,0.6,-4.04
CA-2014-119746,11/23/2016,11/27/2016,Standard Class,CM-12385,Christopher Martinez,Consumer,United States,Chicago,Illinois,60610,Central,OFF-LA-10001613,Office Supplies,Labels,Avery File Folder Labels,11.52,5,0.2,4.176
CA-2014-119746,11/23/2016,11/27/2016,Standard Class,CM-12385,Christopher Martinez,Consumer,United States,Chicago,Illinois,60610,Central,TEC-PH-10004447,Technology,Phones,Toshiba IPT2010-SD IP Telephone,222.384,2,0.2,16.6788
CA-2014-166919,11/23/2016,11/27/2016,Standard Class,AH-10210,Alan Hwang,Consumer,United States,Dallas,Texas,75220,Central,TEC-PH-10001305,Technology,Phones,Panasonic KX TS208W Corded phone,195.96,5,0.2,19.596
CA-2014-167017,11/23/2016,11/25/2016,First Class,DC-12850,Dan Campbell,Consumer,United States,Roseville,Michigan,48066,Central,OFF-SU-10001935,Office Supplies,Supplies,Staple remover,4.36,2,0,0.1744
CA-2014-148992,11/23/2016,11/27/2016,Standard Class,CS-12250,Chris Selesnick,Corporate,United States,Chicago,Illinois,60623,Central,OFF-PA-10004285,Office Supplies,Paper,Xerox 1959,10.688,2,0.2,3.7408
CA-2014-156622,11/23/2016,11/26/2016,First Class,JP-15460,Jennifer Patt,Corporate,United States,Dallas,Texas,75220,Central,OFF-PA-10000477,Office Supplies,Paper,Xerox 22,36.288,7,0.2,12.7008
CA-2014-156622,11/23/2016,11/26/2016,First Class,JP-15460,Jennifer Patt,Corporate,United States,Dallas,Texas,75220,Central,OFF-PA-10002923,Office Supplies,Paper,Xerox 1942,78.304,2,0.2,29.364
CA-2014-156622,11/23/2016,11/26/2016,First Class,JP-15460,Jennifer Patt,Corporate,United States,Dallas,Texas,75220,Central,FUR-TA-10003008,Furniture,Tables,"Lesro Round Back Collection Coffee Table, End Table",127.785,1,0.3,-31.0335
CA-2014-156622,11/23/2016,11/26/2016,First Class,JP-15460,Jennifer Patt,Corporate,United States,Dallas,Texas,75220,Central,OFF-BI-10003707,Office Supplies,Binders,Aluminum Screw Posts,6.104,2,0.8,-9.156
CA-2014-101945,11/24/2016,11/28/2016,Standard Class,GT-14710,Greg Tran,Consumer,United States,Houston,Texas,77070,Central,OFF-FA-10004248,Office Supplies,Fasteners,Advantus T-Pin Paper Clips,10.824,3,0.2,2.5707
CA-2014-105543,11/24/2016,11/24/2016,Same Day,BG-11695,Brooke Gillingham,Corporate,United States,Garden City,Kansas,67846,Central,OFF-ST-10003123,Office Supplies,Storage,Fellowes Bases and Tops For Staxonsteel/High-Stak Systems,33.29,1,0,7.9896
CA-2014-103765,11/24/2016,11/30/2016,Standard Class,JG-15310,Jason Gross,Corporate,United States,Odessa,Texas,79762,Central,OFF-AP-10002311,Office Supplies,Appliances,"Holmes Replacement Filter for HEPA Air Cleaner, Very Large Room, HEPA Filter",13.762,1,0.8,-24.7716
CA-2014-129000,11/25/2016,11/27/2016,Second Class,SZ-20035,Sam Zeldin,Home Office,United States,Canton,Michigan,48187,Central,OFF-ST-10001097,Office Supplies,Storage,Office Impressions Heavy Duty Welded Shelving & Multimedia Storage Drawers,501.81,3,0,0
CA-2014-150266,11/25/2016,11/30/2016,Standard Class,RO-19780,Rose O'Brian,Consumer,United States,Houston,Texas,77070,Central,TEC-PH-10003437,Technology,Phones,Blue Parrot B250XT Professional Grade Wireless Bluetooth Headset with,299.96,5,0.2,37.495
CA-2014-150266,11/25/2016,11/30/2016,Standard Class,RO-19780,Rose O'Brian,Consumer,United States,Houston,Texas,77070,Central,OFF-AP-10002867,Office Supplies,Appliances,Fellowes Command Center 5-outlet power strip,67.84,5,0.8,-179.776
CA-2014-150266,11/25/2016,11/30/2016,Standard Class,RO-19780,Rose O'Brian,Consumer,United States,Houston,Texas,77070,Central,FUR-CH-10002126,Furniture,Chairs,Hon Deluxe Fabric Upholstered Stacking Chairs,853.93,5,0.3,-24.398
CA-2014-150266,11/25/2016,11/30/2016,Standard Class,RO-19780,Rose O'Brian,Consumer,United States,Houston,Texas,77070,Central,OFF-AR-10001761,Office Supplies,Art,Avery Hi-Liter Smear-Safe Highlighters,18.688,4,0.2,3.7376
CA-2014-135307,11/26/2016,11/27/2016,First Class,LS-17245,Lynn Smith,Consumer,United States,Gladstone,Missouri,64118,Central,FUR-FU-10001290,Furniture,Furnishings,Executive Impressions Supervisor Wall Clock,126.3,3,0,40.416
CA-2014-135307,11/26/2016,11/27/2016,First Class,LS-17245,Lynn Smith,Consumer,United States,Gladstone,Missouri,64118,Central,TEC-AC-10002399,Technology,Accessories,SanDisk Cruzer 32 GB USB Flash Drive,38.04,2,0,12.1728
CA-2014-130526,11/26/2016,11/29/2016,First Class,GT-14755,Guy Thornton,Consumer,United States,Rockford,Illinois,61107,Central,OFF-BI-10001524,Office Supplies,Binders,GBC Premium Transparent Covers with Diagonal Lined Pattern,33.568,8,0.8,-53.7088
CA-2014-141439,11/26/2016,12/1/2016,Standard Class,TT-21460,Tonja Turnell,Home Office,United States,Richmond,Indiana,47374,Central,FUR-TA-10001039,Furniture,Tables,KI Adjustable-Height Table,257.94,3,0,67.0644
CA-2014-141439,11/26/2016,12/1/2016,Standard Class,TT-21460,Tonja Turnell,Home Office,United States,Richmond,Indiana,47374,Central,TEC-PH-10002624,Technology,Phones,Samsung Galaxy S4 Mini,1879.96,4,0,545.1884
CA-2014-141439,11/26/2016,12/1/2016,Standard Class,TT-21460,Tonja Turnell,Home Office,United States,Richmond,Indiana,47374,Central,FUR-FU-10001473,Furniture,Furnishings,DAX Wood Document Frame,27.46,2,0,9.8856
CA-2014-141439,11/26/2016,12/1/2016,Standard Class,TT-21460,Tonja Turnell,Home Office,United States,Richmond,Indiana,47374,Central,TEC-PH-10001819,Technology,Phones,Innergie mMini Combo Duo USB Travel Charging Kit,89.98,2,0,43.1904
CA-2014-141439,11/26/2016,12/1/2016,Standard Class,TT-21460,Tonja Turnell,Home Office,United States,Richmond,Indiana,47374,Central,FUR-CH-10004287,Furniture,Chairs,SAFCO Arco Folding Chair,828.6,3,0,240.294
CA-2014-102519,11/27/2016,11/29/2016,First Class,BM-11650,Brian Moss,Corporate,United States,Milwaukee,Wisconsin,53209,Central,FUR-FU-10004091,Furniture,Furnishings,"Howard Miller 13"" Diameter Goldtone Round Wall Clock",46.94,1,0,19.2454
CA-2014-102519,11/27/2016,11/29/2016,First Class,BM-11650,Brian Moss,Corporate,United States,Milwaukee,Wisconsin,53209,Central,TEC-AC-10001772,Technology,Accessories,Memorex Mini Travel Drive 16 GB USB 2.0 Flash Drive,143.73,9,0,56.0547
CA-2014-159506,11/27/2016,12/2/2016,Standard Class,JR-16210,Justin Ritter,Corporate,United States,Columbus,Indiana,47201,Central,OFF-PA-10003641,Office Supplies,Paper,Xerox 1909,158.28,6,0,72.8088
CA-2014-159506,11/27/2016,12/2/2016,Standard Class,JR-16210,Justin Ritter,Corporate,United States,Columbus,Indiana,47201,Central,OFF-BI-10004519,Office Supplies,Binders,GBC DocuBind P100 Manual Binding Machine,497.94,3,0,224.073
CA-2014-102267,11/30/2016,12/4/2016,Standard Class,SC-20800,Stuart Calhoun,Consumer,United States,Edinburg,Texas,78539,Central,OFF-FA-10000611,Office Supplies,Fasteners,Binder Clips by OIC,2.368,2,0.2,0.8288
CA-2014-137365,11/30/2016,12/3/2016,Second Class,BP-11095,Bart Pistole,Corporate,United States,El Paso,Texas,79907,Central,TEC-AC-10001767,Technology,Accessories,SanDisk Ultra 64 GB MicroSDHC Class 10 Memory Card,95.976,3,0.2,-10.7973
CA-2014-135860,12/1/2016,12/7/2016,Standard Class,JH-15985,Joseph Holt,Consumer,United States,Saginaw,Michigan,48601,Central,OFF-ST-10000642,Office Supplies,Storage,"Tennsco Lockers, Gray",83.92,4,0,5.8744
CA-2014-135860,12/1/2016,12/7/2016,Standard Class,JH-15985,Joseph Holt,Consumer,United States,Saginaw,Michigan,48601,Central,TEC-PH-10001700,Technology,Phones,Panasonic KX-TG6844B Expandable Digital Cordless Telephone,131.98,2,0,35.6346
CA-2014-135860,12/1/2016,12/7/2016,Standard Class,JH-15985,Joseph Holt,Consumer,United States,Saginaw,Michigan,48601,Central,OFF-BI-10003274,Office Supplies,Binders,"Avery Durable Slant Ring Binders, No Labels",15.92,4,0,7.4824
CA-2014-135860,12/1/2016,12/7/2016,Standard Class,JH-15985,Joseph Holt,Consumer,United States,Saginaw,Michigan,48601,Central,OFF-FA-10000134,Office Supplies,Fasteners,"Advantus Push Pins, Aluminum Head",52.29,9,0,16.2099
CA-2014-135860,12/1/2016,12/7/2016,Standard Class,JH-15985,Joseph Holt,Consumer,United States,Saginaw,Michigan,48601,Central,OFF-ST-10001522,Office Supplies,Storage,"Gould Plastics 18-Pocket Panel Bin, 34w x 5-1/4d x 20-1/2h",91.99,1,0,3.6796
CA-2014-113355,12/1/2016,12/5/2016,Standard Class,SJ-20215,Sarah Jordon,Consumer,United States,Grand Prairie,Texas,75051,Central,TEC-PH-10004912,Technology,Phones,Cisco SPA112 2 Port Phone Adapter,219.8,5,0.2,24.7275
CA-2014-113355,12/1/2016,12/5/2016,Standard Class,SJ-20215,Sarah Jordon,Consumer,United States,Grand Prairie,Texas,75051,Central,FUR-CH-10002602,Furniture,Chairs,DMI Arturo Collection Mission-style Design Wood Chair,317.058,3,0.3,-18.1176
CA-2014-138618,12/1/2016,12/8/2016,Standard Class,MY-17380,Maribeth Yedwab,Corporate,United States,San Antonio,Texas,78207,Central,OFF-PA-10000520,Office Supplies,Paper,Xerox 201,10.368,2,0.2,3.6288
US-2014-147221,12/2/2016,12/4/2016,Second Class,JS-16030,Joy Smith,Consumer,United States,Houston,Texas,77036,Central,OFF-AP-10002534,Office Supplies,Appliances,3.6 Cubic Foot Counter Height Office Refrigerator,294.62,5,0.8,-766.012
US-2014-147221,12/2/2016,12/4/2016,Second Class,JS-16030,Joy Smith,Consumer,United States,Houston,Texas,77036,Central,FUR-FU-10004020,Furniture,Furnishings,Advantus Panel Wall Acrylic Frame,8.752,4,0.6,-3.7196
CA-2014-160885,12/2/2016,12/6/2016,Standard Class,JK-16090,Juliana Krohn,Consumer,United States,Omaha,Nebraska,68104,Central,TEC-PH-10001795,Technology,Phones,ClearOne CHATAttach 160 - speaker phone,2479.96,4,0,743.988
CA-2014-104108,12/2/2016,12/9/2016,Standard Class,RP-19855,Roy Phan,Corporate,United States,Houston,Texas,77095,Central,OFF-AR-10000817,Office Supplies,Art,Manco Dry-Lighter Erasable Highlighter,12.16,5,0.2,2.128
CA-2014-103415,12/3/2016,12/8/2016,Standard Class,MV-17485,Mark Van Huff,Consumer,United States,Houston,Texas,77041,Central,FUR-FU-10000820,Furniture,Furnishings,Tensor Brushed Steel Torchiere Floor Lamp,13.592,2,0.6,-14.2716
CA-2014-123071,12/3/2016,12/6/2016,First Class,CC-12550,Clay Cheatham,Consumer,United States,Plano,Texas,75023,Central,OFF-PA-10003729,Office Supplies,Paper,Xerox 1998,10.368,2,0.2,3.6288
CA-2014-152660,12/4/2016,12/9/2016,Standard Class,CB-12415,Christy Brittain,Consumer,United States,Chicago,Illinois,60610,Central,OFF-ST-10000532,Office Supplies,Storage,Advantus Rolling Drawer Organizers,61.568,2,0.2,4.6176
US-2014-107384,12/4/2016,12/8/2016,Standard Class,TP-21130,Theone Pippenger,Consumer,United States,Rochester,Minnesota,55901,Central,OFF-AR-10001315,Office Supplies,Art,Newell 310,8.8,5,0,2.552
US-2014-107384,12/4/2016,12/8/2016,Standard Class,TP-21130,Theone Pippenger,Consumer,United States,Rochester,Minnesota,55901,Central,TEC-AC-10004595,Technology,Accessories,First Data TMFD35 PIN Pad,142.8,1,0,29.988
US-2014-107384,12/4/2016,12/8/2016,Standard Class,TP-21130,Theone Pippenger,Consumer,United States,Rochester,Minnesota,55901,Central,TEC-AC-10001539,Technology,Accessories,Logitech G430 Surround Sound Gaming Headset with Dolby 7.1 Technology,399.95,5,0,143.982
CA-2014-130351,12/5/2016,12/8/2016,First Class,RB-19570,Rob Beeghly,Consumer,United States,Columbus,Indiana,47201,Central,OFF-AP-10004532,Office Supplies,Appliances,Kensington 6 Outlet Guardian Standard Surge Protector,61.44,3,0,16.5888
CA-2014-130351,12/5/2016,12/8/2016,First Class,RB-19570,Rob Beeghly,Consumer,United States,Columbus,Indiana,47201,Central,OFF-PA-10002137,Office Supplies,Paper,"Southworth 100% Résumé Paper, 24lb.",38.9,5,0,17.505
CA-2014-130351,12/5/2016,12/8/2016,First Class,RB-19570,Rob Beeghly,Consumer,United States,Columbus,Indiana,47201,Central,TEC-AC-10003832,Technology,Accessories,Imation 16GB Mini TravelDrive USB 2.0 Flash Drive,99.39,3,0,40.7499
CA-2014-134285,12/7/2016,12/12/2016,Standard Class,DS-13180,David Smith,Corporate,United States,San Antonio,Texas,78207,Central,OFF-FA-10000611,Office Supplies,Fasteners,Binder Clips by OIC,3.552,3,0.2,1.2432
CA-2014-134285,12/7/2016,12/12/2016,Standard Class,DS-13180,David Smith,Corporate,United States,San Antonio,Texas,78207,Central,OFF-PA-10000304,Office Supplies,Paper,Xerox 1995,15.552,3,0.2,5.4432
US-2014-122714,12/7/2016,12/13/2016,Standard Class,HG-14965,Henry Goldwyn,Corporate,United States,Chicago,Illinois,60653,Central,OFF-BI-10001120,Office Supplies,Binders,Ibico EPK-21 Electric Binding System,1889.99,5,0.8,-2929.4845
CA-2014-117324,12/8/2016,12/13/2016,Standard Class,JP-15520,Jeremy Pistek,Consumer,United States,Madison,Wisconsin,53711,Central,TEC-AC-10003023,Technology,Accessories,Logitech G105 Gaming Keyboard,178.11,3,0,32.0598
CA-2014-117324,12/8/2016,12/13/2016,Standard Class,JP-15520,Jeremy Pistek,Consumer,United States,Madison,Wisconsin,53711,Central,OFF-AP-10003590,Office Supplies,Appliances,Hoover WindTunnel Plus Canister Vacuum,1089.75,3,0,305.13
CA-2014-117324,12/8/2016,12/13/2016,Standard Class,JP-15520,Jeremy Pistek,Consumer,United States,Madison,Wisconsin,53711,Central,OFF-LA-10003510,Office Supplies,Labels,"Avery 4027 File Folder Labels for Dot Matrix Printers, 5000 Labels per Box, White",61.06,2,0,28.0876
CA-2014-117324,12/8/2016,12/13/2016,Standard Class,JP-15520,Jeremy Pistek,Consumer,United States,Madison,Wisconsin,53711,Central,FUR-BO-10003159,Furniture,Bookcases,"Sauder Camden County Collection Libraries, Planked Cherry Finish",459.92,4,0,41.3928
CA-2014-117324,12/8/2016,12/13/2016,Standard Class,JP-15520,Jeremy Pistek,Consumer,United States,Madison,Wisconsin,53711,Central,OFF-PA-10002713,Office Supplies,Paper,"Adams Phone Message Book, 200 Message Capacity, 8 1/16” x 11”",27.52,4,0,12.6592
US-2014-118038,12/9/2016,12/11/2016,First Class,KB-16600,Ken Brennan,Corporate,United States,Houston,Texas,77041,Central,OFF-BI-10004182,Office Supplies,Binders,Economy Binders,1.248,3,0.8,-1.9344
US-2014-118038,12/9/2016,12/11/2016,First Class,KB-16600,Ken Brennan,Corporate,United States,Houston,Texas,77041,Central,FUR-FU-10000260,Furniture,Furnishings,"6"" Cubicle Wall Clock, Black",9.708,3,0.6,-5.8248
US-2014-118038,12/9/2016,12/11/2016,First Class,KB-16600,Ken Brennan,Corporate,United States,Houston,Texas,77041,Central,OFF-ST-10000615,Office Supplies,Storage,"SimpliFile Personal File, Black Granite, 15w x 6-15/16d x 11-1/4h",27.24,3,0.2,2.724
CA-2014-139199,12/9/2016,12/13/2016,Standard Class,DK-12835,Damala Kotsonis,Corporate,United States,Detroit,Michigan,48234,Central,FUR-CH-10000847,Furniture,Chairs,Global Executive Mid-Back Manager's Chair,872.94,3,0,226.9644
CA-2014-139199,12/9/2016,12/13/2016,Standard Class,DK-12835,Damala Kotsonis,Corporate,United States,Detroit,Michigan,48234,Central,OFF-BI-10003982,Office Supplies,Binders,Wilson Jones Century Plastic Molded Ring Binders,41.54,2,0,19.5238
CA-2014-139199,12/9/2016,12/13/2016,Standard Class,DK-12835,Damala Kotsonis,Corporate,United States,Detroit,Michigan,48234,Central,OFF-PA-10001293,Office Supplies,Paper,Xerox 1946,12.96,2,0,6.2208
CA-2014-129833,12/9/2016,12/15/2016,Standard Class,HF-14995,Herbert Flentye,Consumer,United States,Indianapolis,Indiana,46203,Central,OFF-PA-10000575,Office Supplies,Paper,"Wirebound Message Books, Four 2 3/4 x 5 White Forms per Page",33.45,5,0,15.387
CA-2014-129833,12/9/2016,12/15/2016,Standard Class,HF-14995,Herbert Flentye,Consumer,United States,Indianapolis,Indiana,46203,Central,OFF-BI-10004182,Office Supplies,Binders,Economy Binders,10.4,5,0,5.096
CA-2014-109960,12/9/2016,12/11/2016,Second Class,DB-13210,Dean Braden,Consumer,United States,Detroit,Michigan,48234,Central,TEC-AC-10004859,Technology,Accessories,"Maxell Pro 80 Minute CD-R, 10/Pack",104.88,6,0,41.952
CA-2014-109960,12/9/2016,12/11/2016,Second Class,DB-13210,Dean Braden,Consumer,United States,Detroit,Michigan,48234,Central,OFF-AR-10001860,Office Supplies,Art,BIC Liqua Brite Liner,34.7,5,0,12.492
CA-2014-109960,12/9/2016,12/11/2016,Second Class,DB-13210,Dean Braden,Consumer,United States,Detroit,Michigan,48234,Central,OFF-BI-10001636,Office Supplies,Binders,Ibico Plastic and Wire Spiral Binding Combs,33.72,4,0,15.5112
CA-2014-109960,12/9/2016,12/11/2016,Second Class,DB-13210,Dean Braden,Consumer,United States,Detroit,Michigan,48234,Central,OFF-PA-10000349,Office Supplies,Paper,Easy-staple paper,14.94,3,0,7.0218
CA-2014-109715,12/9/2016,12/14/2016,Standard Class,AH-10585,Angele Hood,Consumer,United States,Chicago,Illinois,60623,Central,OFF-PA-10004965,Office Supplies,Paper,Xerox 1921,15.984,2,0.2,4.995
US-2014-103814,12/9/2016,12/16/2016,Standard Class,LH-16900,Lena Hernandez,Consumer,United States,Park Ridge,Illinois,60068,Central,OFF-PA-10001019,Office Supplies,Paper,Xerox 1884,143.856,9,0.2,48.5514
CA-2014-102659,12/9/2016,12/15/2016,Standard Class,LW-17215,Luke Weiss,Consumer,United States,Grand Rapids,Michigan,49505,Central,OFF-BI-10000088,Office Supplies,Binders,GBC Imprintable Covers,54.9,5,0,26.901
CA-2014-108294,12/10/2016,12/10/2016,Same Day,LS-16975,Lindsay Shagiari,Home Office,United States,Omaha,Nebraska,68104,Central,OFF-BI-10004965,Office Supplies,Binders,Ibico Covers for Plastic or Wire Binding Elements,34.5,3,0,15.525
CA-2014-162565,12/11/2016,12/11/2016,Same Day,RR-19315,Ralph Ritter,Consumer,United States,Aurora,Illinois,60505,Central,OFF-PA-10001937,Office Supplies,Paper,Xerox 21,10.368,2,0.2,3.6288
CA-2014-162565,12/11/2016,12/11/2016,Same Day,RR-19315,Ralph Ritter,Consumer,United States,Aurora,Illinois,60505,Central,FUR-FU-10004306,Furniture,Furnishings,Electrix Halogen Magnifier Lamp,77.72,1,0.6,-66.062
CA-2014-162565,12/11/2016,12/11/2016,Same Day,RR-19315,Ralph Ritter,Consumer,United States,Aurora,Illinois,60505,Central,FUR-CH-10003973,Furniture,Chairs,GuestStacker Chair with Chrome Finish Legs,520.464,2,0.3,-14.8704
CA-2014-149706,12/11/2016,12/12/2016,First Class,AS-10285,Alejandro Savely,Corporate,United States,Palatine,Illinois,60067,Central,TEC-AC-10001284,Technology,Accessories,Enermax Briskie RF Wireless Keyboard and Mouse Combo,116.312,7,0.2,23.2624
CA-2014-165099,12/11/2016,12/13/2016,First Class,DK-13375,Dennis Kane,Consumer,United States,Abilene,Texas,79605,Central,OFF-AP-10001634,Office Supplies,Appliances,Hoover Commercial Lightweight Upright Vacuum,1.392,2,0.8,-3.7584
CA-2014-142776,12/11/2016,12/14/2016,Second Class,RS-19870,Roy Skaria,Home Office,United States,Burlington,Iowa,52601,Central,OFF-EN-10003160,Office Supplies,Envelopes,Pastel Pink Envelopes,7.28,1,0,3.4944
CA-2014-142776,12/11/2016,12/14/2016,Second Class,RS-19870,Roy Skaria,Home Office,United States,Burlington,Iowa,52601,Central,OFF-BI-10002012,Office Supplies,Binders,Wilson Jones Easy Flow II Sheet Lifters,5.4,3,0,2.592
CA-2014-122595,12/14/2016,12/20/2016,Standard Class,GM-14455,Gary Mitchum,Home Office,United States,Chicago,Illinois,60653,Central,TEC-AC-10000474,Technology,Accessories,Kensington Expert Mouse Optical USB Trackball for PC or Mac,227.976,3,0.2,28.497
CA-2014-122595,12/14/2016,12/20/2016,Standard Class,GM-14455,Gary Mitchum,Home Office,United States,Chicago,Illinois,60653,Central,TEC-PH-10003095,Technology,Phones,Samsung HM1900 Bluetooth Headset,52.68,3,0.2,19.755
CA-2014-122595,12/14/2016,12/20/2016,Standard Class,GM-14455,Gary Mitchum,Home Office,United States,Chicago,Illinois,60653,Central,FUR-FU-10002963,Furniture,Furnishings,"Master Caster Door Stop, Gray",2.032,1,0.6,-1.3208
US-2014-113992,12/14/2016,12/19/2016,Standard Class,LC-16885,Lena Creighton,Consumer,United States,Plano,Texas,75023,Central,FUR-TA-10000577,Furniture,Tables,Bretford CR4500 Series Slim Rectangular Table,974.988,4,0.3,-97.4988
CA-2014-107629,12/14/2016,12/14/2016,Same Day,DB-13060,Dave Brooks,Consumer,United States,Skokie,Illinois,60076,Central,FUR-FU-10002298,Furniture,Furnishings,"Rubbermaid ClusterMat Chairmats, Mat Size- 66"" x 60"", Lip 20"" x 11"" -90 Degree Angle",266.352,6,0.6,-292.9872
CA-2014-107629,12/14/2016,12/14/2016,Same Day,DB-13060,Dave Brooks,Consumer,United States,Skokie,Illinois,60076,Central,FUR-FU-10004091,Furniture,Furnishings,"Howard Miller 13"" Diameter Goldtone Round Wall Clock",56.328,3,0.6,-26.7558
CA-2014-107629,12/14/2016,12/14/2016,Same Day,DB-13060,Dave Brooks,Consumer,United States,Skokie,Illinois,60076,Central,TEC-AC-10004510,Technology,Accessories,Logitech Desktop MK120 Mouse and keyboard Combo,39.264,3,0.2,-4.908
CA-2014-107629,12/14/2016,12/14/2016,Same Day,DB-13060,Dave Brooks,Consumer,United States,Skokie,Illinois,60076,Central,OFF-AR-10002987,Office Supplies,Art,Prismacolor Color Pencil Set,95.232,6,0.2,24.9984
CA-2014-136063,12/15/2016,12/19/2016,Standard Class,SS-20140,Saphhira Shifley,Corporate,United States,Oak Park,Illinois,60302,Central,OFF-AR-10000823,Office Supplies,Art,Newell 307,10.192,7,0.2,1.0192
CA-2014-111808,12/16/2016,12/20/2016,Standard Class,AR-10510,Andrew Roberts,Consumer,United States,Tulsa,Oklahoma,74133,Central,OFF-BI-10004656,Office Supplies,Binders,Peel & Stick Add-On Corner Pockets,10.8,5,0,5.184
US-2014-116701,12/17/2016,12/21/2016,Second Class,LC-17140,Logan Currie,Consumer,United States,Dallas,Texas,75220,Central,OFF-AP-10003217,Office Supplies,Appliances,Eureka Sanitaire  Commercial Upright,66.284,2,0.8,-178.9668
CA-2014-107342,12/17/2016,12/22/2016,Standard Class,VF-21715,Vicky Freymann,Home Office,United States,Columbus,Indiana,47201,Central,OFF-PA-10001745,Office Supplies,Paper,"Wirebound Message Books, 2 7/8"" x 5"", 3 Forms per Page",28.16,4,0,13.2352
CA-2014-155362,12/17/2016,12/21/2016,Standard Class,DP-13105,Dave Poirier,Corporate,United States,Eau Claire,Wisconsin,54703,Central,OFF-ST-10001031,Office Supplies,Storage,Adjustable Personal File Tote,32.56,2,0,8.4656
CA-2014-143252,12/18/2016,12/24/2016,Standard Class,HE-14800,Harold Engle,Corporate,United States,Milwaukee,Wisconsin,53209,Central,FUR-FU-10001057,Furniture,Furnishings,Tensor Track Tree Floor Lamp,99.95,5,0,22.9885
CA-2014-143252,12/18/2016,12/24/2016,Standard Class,HE-14800,Harold Engle,Corporate,United States,Milwaukee,Wisconsin,53209,Central,TEC-AC-10002331,Technology,Accessories,"Maxell 74 Minute CDR, 10/Pack",29.34,3,0,10.8558
CA-2014-137456,12/21/2016,12/21/2016,Same Day,RB-19465,Rick Bensley,Home Office,United States,Fremont,Nebraska,68025,Central,FUR-FU-10001940,Furniture,Furnishings,Staple-based wall hangings,15.92,2,0,7.0048
CA-2014-106782,12/21/2016,12/27/2016,Standard Class,LP-17095,Liz Preis,Consumer,United States,Lafayette,Indiana,47905,Central,OFF-ST-10004459,Office Supplies,Storage,Tennsco Single-Tier Lockers,375.34,1,0,18.767
CA-2014-155376,12/22/2016,12/27/2016,Standard Class,SG-20080,Sandra Glassco,Consumer,United States,Independence,Missouri,64055,Central,OFF-AP-10001058,Office Supplies,Appliances,Sanyo 2.5 Cubic Foot Mid-Size Office Refrigerators,839.43,3,0,218.2518
CA-2014-120376,12/22/2016,12/25/2016,First Class,TP-21130,Theone Pippenger,Consumer,United States,Detroit,Michigan,48227,Central,TEC-AC-10001114,Technology,Accessories,Microsoft Wireless Mobile Mouse 4000,199.95,5,0,63.984
CA-2014-120376,12/22/2016,12/25/2016,First Class,TP-21130,Theone Pippenger,Consumer,United States,Detroit,Michigan,48227,Central,FUR-CH-10002335,Furniture,Chairs,Hon GuestStacker Chair,1586.69,7,0,412.5394
CA-2014-120376,12/22/2016,12/25/2016,First Class,TP-21130,Theone Pippenger,Consumer,United States,Detroit,Michigan,48227,Central,TEC-AC-10000844,Technology,Accessories,Logitech Gaming G510s - Keyboard,84.99,1,0,30.5964
CA-2014-120376,12/22/2016,12/25/2016,First Class,TP-21130,Theone Pippenger,Consumer,United States,Detroit,Michigan,48227,Central,FUR-TA-10004534,Furniture,Tables,Bevis 44 x 96 Conference Tables,411.8,2,0,70.006
CA-2014-104927,12/22/2016,12/26/2016,Standard Class,AG-10330,Alex Grayson,Consumer,United States,Houston,Texas,77095,Central,OFF-PA-10000019,Office Supplies,Paper,Xerox 1931,25.92,5,0.2,9.072
CA-2014-104927,12/22/2016,12/26/2016,Standard Class,AG-10330,Alex Grayson,Consumer,United States,Houston,Texas,77095,Central,OFF-BI-10003429,Office Supplies,Binders,"Cardinal HOLDit! Binder Insert Strips,Extra Strips",6.33,5,0.8,-9.8115
CA-2014-104927,12/22/2016,12/26/2016,Standard Class,AG-10330,Alex Grayson,Consumer,United States,Houston,Texas,77095,Central,OFF-PA-10000176,Office Supplies,Paper,Xerox 1887,75.88,5,0.2,26.558
CA-2014-146164,12/22/2016,12/26/2016,Standard Class,CM-12190,Charlotte Melton,Consumer,United States,Rochester,Minnesota,55901,Central,FUR-TA-10004915,Furniture,Tables,"Office Impressions End Table, 20-1/2""H x 24""W x 20""D",607.52,2,0,97.2032
CA-2014-146164,12/22/2016,12/26/2016,Standard Class,CM-12190,Charlotte Melton,Consumer,United States,Rochester,Minnesota,55901,Central,OFF-ST-10001228,Office Supplies,Storage,Personal File Boxes with Fold-Down Carry Handle,31.16,2,0,7.79
CA-2014-121216,12/23/2016,12/25/2016,Second Class,MM-17920,Michael Moore,Consumer,United States,College Station,Texas,77840,Central,OFF-PA-10004519,Office Supplies,Paper,Spiral Phone Message Books with Labels by Adams,28.672,8,0.2,10.3936
CA-2014-121216,12/23/2016,12/25/2016,Second Class,MM-17920,Michael Moore,Consumer,United States,College Station,Texas,77840,Central,OFF-AP-10001947,Office Supplies,Appliances,Acco 6 Outlet Guardian Premium Plus Surge Suppressor,29.312,8,0.8,-74.7456
CA-2014-117443,12/23/2016,12/25/2016,Second Class,JB-15400,Jennifer Braxton,Corporate,United States,Rockford,Illinois,61107,Central,OFF-BI-10004002,Office Supplies,Binders,Wilson Jones International Size A4 Ring Binders,13.84,4,0.8,-22.144
CA-2014-117443,12/23/2016,12/25/2016,Second Class,JB-15400,Jennifer Braxton,Corporate,United States,Rockford,Illinois,61107,Central,OFF-PA-10004475,Office Supplies,Paper,Xerox 1940,175.872,4,0.2,63.7536
CA-2014-121195,12/24/2016,12/27/2016,First Class,NS-18505,Neola Schneider,Consumer,United States,Dallas,Texas,75220,Central,OFF-ST-10000585,Office Supplies,Storage,Economy Rollaway Files,264.32,2,0.2,19.824
CA-2014-134194,12/25/2016,1/1/2017,Standard Class,GA-14725,Guy Armstrong,Consumer,United States,Dallas,Texas,75081,Central,OFF-BI-10003684,Office Supplies,Binders,Wilson Jones Legal Size Ring Binders,39.582,9,0.8,-59.373
CA-2014-134194,12/25/2016,1/1/2017,Standard Class,GA-14725,Guy Armstrong,Consumer,United States,Dallas,Texas,75081,Central,OFF-SU-10000946,Office Supplies,Supplies,Staple remover,44.688,7,0.2,5.0274
CA-2014-134194,12/25/2016,1/1/2017,Standard Class,GA-14725,Guy Armstrong,Consumer,United States,Dallas,Texas,75081,Central,OFF-AR-10001615,Office Supplies,Art,Newell 34,31.744,2,0.2,2.3808
CA-2014-134194,12/25/2016,1/1/2017,Standard Class,GA-14725,Guy Armstrong,Consumer,United States,Dallas,Texas,75081,Central,OFF-BI-10001597,Office Supplies,Binders,"Wilson Jones Ledger-Size, Piano-Hinge Binder, 2"", Blue",40.98,5,0.8,-65.568
CA-2014-134194,12/25/2016,1/1/2017,Standard Class,GA-14725,Guy Armstrong,Consumer,United States,Dallas,Texas,75081,Central,OFF-BI-10001116,Office Supplies,Binders,"Wilson Jones 1"" Hanging DublLock Ring Binders",3.168,3,0.8,-5.0688
US-2014-106705,12/26/2016,1/1/2017,Standard Class,PO-18850,Patrick O'Brill,Consumer,United States,Burlington,Iowa,52601,Central,OFF-PA-10001509,Office Supplies,Paper,"Recycled Desk Saver Line ""While You Were Out"" Book, 5 1/2"" X 4""",44.75,5,0,20.585
CA-2014-121741,12/26/2016,12/26/2016,Same Day,YC-21895,Yoseph Carroll,Corporate,United States,Fremont,Nebraska,68025,Central,OFF-ST-10004459,Office Supplies,Storage,Tennsco Single-Tier Lockers,750.68,2,0,37.534
CA-2014-136238,12/26/2016,1/1/2017,Standard Class,KB-16240,Karen Bern,Corporate,United States,Odessa,Texas,79762,Central,OFF-PA-10004285,Office Supplies,Paper,Xerox 1959,16.032,3,0.2,5.6112
CA-2014-136539,12/28/2016,1/1/2017,Standard Class,GH-14665,Greg Hansen,Consumer,United States,Round Rock,Texas,78664,Central,OFF-AR-10001958,Office Supplies,Art,Stanley Bostitch Contemporary Electric Pencil Sharpeners,27.168,2,0.2,2.7168
CA-2014-136539,12/28/2016,1/1/2017,Standard Class,GH-14665,Greg Hansen,Consumer,United States,Round Rock,Texas,78664,Central,FUR-BO-10004709,Furniture,Bookcases,"Bush Westfield Collection Bookcases, Medium Cherry Finish",78.8528,2,0.32,-11.596
CA-2014-163860,12/28/2016,1/1/2017,Standard Class,LO-17170,Lori Olson,Corporate,United States,Peoria,Illinois,61604,Central,OFF-BI-10003784,Office Supplies,Binders,Computer Printout Index Tabs,1.68,5,0.8,-2.688
CA-2014-163860,12/28/2016,1/1/2017,Standard Class,LO-17170,Lori Olson,Corporate,United States,Peoria,Illinois,61604,Central,FUR-FU-10004586,Furniture,Furnishings,G.E. Longer-Life Indoor Recessed Floodlight Bulbs,7.968,3,0.6,-2.3904
CA-2014-163860,12/28/2016,1/1/2017,Standard Class,LO-17170,Lori Olson,Corporate,United States,Peoria,Illinois,61604,Central,FUR-CH-10004698,Furniture,Chairs,"Padded Folding Chairs, Black, 4/Carton",113.372,2,0.3,-3.2392
CA-2014-163860,12/28/2016,1/1/2017,Standard Class,LO-17170,Lori Olson,Corporate,United States,Peoria,Illinois,61604,Central,FUR-FU-10001935,Furniture,Furnishings,3M Hangers With Command Adhesive,2.96,2,0.6,-1.406
CA-2014-135111,12/28/2016,1/2/2017,Standard Class,CS-12400,Christopher Schild,Home Office,United States,Fargo,North Dakota,58103,Central,OFF-AR-10004707,Office Supplies,Art,Staples in misc. colors,2.48,1,0,0.868
CA-2014-135111,12/28/2016,1/2/2017,Standard Class,CS-12400,Christopher Schild,Home Office,United States,Fargo,North Dakota,58103,Central,OFF-BI-10004040,Office Supplies,Binders,Wilson Jones Impact Binders,25.9,5,0,12.691
CA-2014-158673,12/29/2016,1/4/2017,Standard Class,KB-16600,Ken Brennan,Corporate,United States,Grand Rapids,Michigan,49505,Central,OFF-PA-10000994,Office Supplies,Paper,Xerox 1915,209.7,2,0,100.656
CA-2014-126221,12/30/2016,1/5/2017,Standard Class,CC-12430,Chuck Clark,Home Office,United States,Columbus,Indiana,47201,Central,OFF-AP-10002457,Office Supplies,Appliances,"Eureka The Boss Plus 12-Amp Hard Box Upright Vacuum, Red",209.3,2,0,56.511
